code,market,cn_name,revenue_growth,revenue_conf,net_profit,net_conf,ocf_change,ocf_conf,core_driver,driver_conf,core_risk,risk_conf,overall_conf,file
000001,SZ,平安银行,+53.3%,mid,-5.9%,mid,,missing,贷款利率下行与结构调整,high,[贷款利率下行与结构调整],mid,missing,000001_SZ_平安银行.md
000002,SZ,万__科Ａ,,missing,,missing,,missing,高地价项目进入结算周期,high,[高地价项目进入结算周期],mid,missing,000002_SZ_万__科Ａ.md
000006,SZ,深振业Ａ,-56.83%,high,,missing,-83.04%,high,结转规模大幅缩减,high,[结转规模大幅缩减],mid,missing,000006_SZ_深振业Ａ.md
000008,SZ,神州高铁,+72.69%,high,,missing,-51.55%,high,资产减值集中爆发,high,[资产减值集中爆发],high,missing,000008_SZ_神州高铁.md
000011,SZ,深物业A,+2.68%,mid,亏,low,,missing,房地产行业深度调整,high,[房地产行业深度调整],mid,missing,000011_SZ_深物业A.md
000014,SZ,沙河股份,,missing,-13.35%,mid,+127.06%,high,,missing,房地产销售单价下降及计提存货跌价准备,mid,missing,000014_SZ_沙河股份.md
000017,SZ,深中华A,+27.15%,mid,+144.16%,high,,missing,珠宝黄金业务收入增长27.15%,high,[珠宝黄金业务收入增长27.15%],mid,missing,000017_SZ_深中华A.md
000020,SZ,深华发Ａ,+5.05%,high,,missing,,missing,显示器出口放量,high,[注塑业务产品结构升级],mid,missing,000020_SZ_深华发Ａ.md
000025,SZ,特__力Ａ,+12.59%,mid,,missing,-16.02%,high,,missing,国际金价持续攀升（从约2600美元/盎司涨至超4300美元/,mid,missing,000025_SZ_特__力Ａ.md
000026,SZ,飞亚达,+7.08%,mid,-60.37%,high,,missing,国内手表消费市场持续承压,high,[国内手表消费市场持续承压],mid,missing,000026_SZ_飞亚达.md
000027,SZ,深圳能源,+5.38%,high,+11.03%,high,↑,low,,missing,清洁能源装机占比提升至76.48%,mid,missing,000027_SZ_深圳能源.md
000028,SZ,国药一致,,missing,+76.8%,high,-49.91%,high,商誉及无形资产减值损失大幅减少,high,[商誉及无形资产减值损失大幅减少],high,missing,000028_SZ_国药一致.md
000029,SZ,深深房Ａ,,missing,盈,low,,missing,深房光明里项目集中交付结转,high,[深房光明里项目集中交付结转],mid,missing,000029_SZ_深深房Ａ.md
000030,SZ,富奥股份,+5.72%,high,,missing,,missing,,missing,核心风险在于对一汽集团的深度依赖与汽车行业“内卷”加剧的双重,high,missing,000030_SZ_富奥股份.md
000031,SZ,大悦城,-18.0%,mid,,missing,-54.32%,high,行业下行与结算规模收缩,high,[行业下行与结算规模收缩],mid,missing,000031_SZ_大悦城.md
000034,SZ,神州数码,+62.4%,mid,-30.5%,high,↓,low,AI算力需求爆发,high,[AI算力需求爆发],mid,low,000034_SZ_神州数码.md
000037,SZ,深南电A,+44.0%,mid,+635.0%,high,,missing,子公司土地收储确认收益,high,[子公司土地收储确认收益],mid,missing,000037_SZ_深南电A.md
000039,SZ,中集集团,-30.86%,high,+371.79%,high,,missing,全球集装箱需求高基数回落,high,[全球集装箱需求高基数回落],mid,missing,000039_SZ_中集集团.md
000042,SZ,中洲控股,-39.99%,high,,missing,↑,low,行业深度调整与销售萎缩,high,[行业深度调整与销售萎缩],mid,missing,000042_SZ_中洲控股.md
000048,SZ,京基智农,,missing,-78.59%,high,,missing,,missing,生猪价格大幅下跌** ->,mid,missing,000048_SZ_京基智农.md
000049,SZ,德赛电池,+7.38%,high,-29.23%,high,,missing,,missing,行业锂电池总出货量高增长,mid,missing,000049_SZ_德赛电池.md
000050,SZ,深天马Ａ,+18.0%,high,盈,low,,missing,,missing,公司坚持“2+1+N”战略，核心业务为车载显示和手机显示,mid,missing,000050_SZ_深天马Ａ.md
000055,SZ,方大集团,+32.32%,mid,亏,low,,missing,投资性房地产公允价值变动,high,[投资性房地产公允价值变动],mid,missing,000055_SZ_方大集团.md
000056,SZ,_ST皇庭,,missing,盈,low,,missing,核心资产皇庭广场被司法裁定以物抵债,high,[核心资产皇庭广场被司法裁定以物抵债],mid,missing,000056_SZ__ST皇庭.md
000058,SZ,深_赛_格,-4.5%,high,+53.51%,high,,missing,出售华控赛格股票,high,[出售华控赛格股票],mid,missing,000058_SZ_深_赛_格.md
000059,SZ,华锦股份,,missing,,missing,,missing,石化行业周期底部，产品价格承压,high,[石化行业周期底部，产品价格承压],mid,missing,000059_SZ_华锦股份.md
000065,SZ,北方国际,+14.93%,mid,,missing,+60.53%,high,焦煤价格下跌与销量萎缩,high,[焦煤价格下跌与销量萎缩],mid,missing,000065_SZ_北方国际.md
000068,SZ,华控赛格,-24.69%,high,亏,low,+45.32%,high,贸易业务规模主动压降,high,[贸易业务规模主动压降],mid,low,000068_SZ_华控赛格.md
000069,SZ,华侨城Ａ,-42.32%,high,,missing,↑,low,房地产行业下行与主动去化,high,[房地产行业下行与主动去化],mid,missing,000069_SZ_华侨城Ａ.md
000070,SZ,特发信息,+20.17%,mid,,missing,,missing,AI算力需求爆发,high,[AI算力需求爆发],mid,missing,000070_SZ_特发信息.md
000088,SZ,盐_田_港,+25.54%,mid,,missing,,missing,参股盐田国际及西港区码头吞吐量上涨,high,[参股盐田国际及西港区码头吞吐量上涨],mid,missing,000088_SZ_盐_田_港.md
000089,SZ,深圳机场,+22.4%,mid,,missing,,missing,国际及地区旅客量高增,high,[国际及地区旅客量高增],mid,missing,000089_SZ_深圳机场.md
000090,SZ,天健集团,+5.36%,high,-63.99%,high,,missing,地产项目竣工结转,high,[地产项目竣工结转],mid,missing,000090_SZ_天健集团.md
000099,SZ,中信海直,,missing,,missing,+140.32%,high,,missing,,missing,missing,000099_SZ_中信海直.md
000100,SZ,TCL科技,+22.57%,high,+188.8%,high,,missing,半导体显示行业供需格局改善,high,[半导体显示行业供需格局改善],mid,missing,000100_SZ_TCL科技.md
000151,SZ,中成股份,+33.48%,mid,盈,low,,missing,土地收储收益,high,[核心业务收入结构变化],mid,missing,000151_SZ_中成股份.md
000155,SZ,川能动力,+197.0%,mid,+197.0%,high,,missing,风电光伏发电量下降,high,[风电光伏发电量下降],mid,missing,000155_SZ_川能动力.md
000156,SZ,华数传媒,+1.02%,mid,-19.08%,high,,missing,,missing,[IPTV/OTT/短视频冲击传统有线电视],mid,missing,000156_SZ_华数传媒.md
000157,SZ,中联重科,+30.52%,mid,,missing,+127.53%,high,海外直销体系深化,high,[海外直销体系深化],mid,missing,000157_SZ_中联重科.md
000158,SZ,常山北明,+32.0%,mid,盈,low,,missing,置出亏损纺织业务,high,[置出亏损纺织业务],high,missing,000158_SZ_常山北明.md
000159,SZ,国际实业,+4.98%,mid,,missing,,missing,,missing,,missing,missing,000159_SZ_国际实业.md
000166,SZ,申万宏源,+30.02%,high,,missing,,missing,2025年A股市场交投活跃、指数大幅上涨,high,[2025年A股市场交投活跃、指数大幅上涨],mid,missing,000166_SZ_申万宏源.md
000333,SZ,美的集团,+16.0%,mid,,missing,,missing,海外OBM优先战略,high,[海外OBM优先战略],mid,missing,000333_SZ_美的集团.md
000338,SZ,潍柴动力,+160.0%,mid,,missing,,missing,重卡市场复苏 + 陕重汽份额提升,high,[重卡市场复苏 + 陕重汽份额提升],mid,missing,000338_SZ_潍柴动力.md
000400,SZ,许继电气,+68.37%,mid,,missing,↑,low,营收结构优化，高毛利业务占比提升,high,[营收结构优化，高毛利业务占比提升],mid,missing,000400_SZ_许继电气.md
000401,SZ,金隅冀东,,missing,盈,low,,missing,,missing,成本管控与燃料替代** ->,mid,missing,000401_SZ_金隅冀东.md
000404,SZ,长虹华意,+57.93%,high,+9.9%,high,,missing,产品结构向商用/变频高端化升级,high,[产品结构向商用/变频高端化升级],mid,missing,000404_SZ_长虹华意.md
000407,SZ,胜利股份,,missing,+32.87%,high,,missing,成本费用精准管控,high,[成本费用精准管控],mid,missing,000407_SZ_胜利股份.md
000408,SZ,藏格矿业,+33.42%,mid,+49.32%,high,,missing,紫金矿业入主赋能,high,[紫金矿业入主赋能],mid,missing,000408_SZ_藏格矿业.md
000409,SZ,云鼎科技,+59.69%,mid,-11.15%,high,,missing,背靠山能集团，关联交易占比高,high,[背靠山能集团，关联交易占比高],mid,missing,000409_SZ_云鼎科技.md
000411,SZ,英特集团,+13.61%,mid,,missing,-13.3%,high,药品集采常态化与医保控费,high,[药品集采常态化与医保控费],mid,missing,000411_SZ_英特集团.md
000417,SZ,合百集团,,missing,-15.93%,high,↓,low,,missing,[主业承压叠加非经常性损益退潮],mid,missing,000417_SZ_合百集团.md
000419,SZ,通程控股,,missing,+8.33%,high,-59.38%,high,消费降级与渠道分流,high,[消费降级与渠道分流],mid,missing,000419_SZ_通程控股.md
000421,SZ,南京公用,+15.38%,mid,,missing,,missing,,missing,,missing,missing,000421_SZ_南京公用.md
000422,SZ,湖北宜化,,missing,-24.25%,high,,missing,重大资产重组完成，新疆宜化并表,high,[重大资产重组完成，新疆宜化并表],mid,missing,000422_SZ_湖北宜化.md
000423,SZ,东阿阿胶,+56.8%,mid,,missing,,missing,品牌溢价与提价能力,high,[品牌溢价与提价能力],mid,missing,000423_SZ_东阿阿胶.md
000426,SZ,兴业银锡,+30.09%,mid,,missing,,missing,,missing,银漫矿业技术攻关提高锡回收率,mid,missing,000426_SZ_兴业银锡.md
000429,SZ,粤高速Ａ,,missing,+15.31%,high,,missing,核心路产改扩建与路网分流,high,[核心路产改扩建与路网分流],mid,missing,000429_SZ_粤高速Ａ.md
000430,SZ,ST张家界,+45.39%,mid,-20.58%,high,,missing,司法重整完成,high,[大庸古城巨额减值],high,missing,000430_SZ_ST张家界.md
000488,SZ,ST晨鸣,,missing,,missing,,missing,生产基地大面积停产,high,[生产基地大面积停产],mid,missing,000488_SZ_ST晨鸣.md
000498,SZ,山东路桥,+40.95%,mid,,missing,↑,low,地方化债导致项目开工不足,high,[地方化债导致项目开工不足],mid,missing,000498_SZ_山东路桥.md
000501,SZ,武商集团,-9.31%,high,-163.0%,mid,,missing,消费降级与行业内卷,high,[消费降级与行业内卷],mid,missing,000501_SZ_武商集团.md
000505,SZ,京粮控股,,missing,,missing,,missing,原材料价格波动与套保失效,high,[原材料价格波动与套保失效],mid,missing,000505_SZ_京粮控股.md
000506,SZ,招金黄金,+58.13%,high,盈,low,,missing,控股股东变更+资源储量重估,high,[控股股东变更+资源储量重估],mid,missing,000506_SZ_招金黄金.md
000509,SZ,华塑控股,-26.83%,high,,missing,-110.59%,high,电子信息显示终端业务营收下滑,high,[电子信息显示终端业务营收下滑],high,missing,000509_SZ_华塑控股.md
000510,SZ,新金路,-18.53%,high,,missing,,missing,氯碱行业产能过剩，需求疲软,high,[氯碱行业产能过剩，需求疲软],mid,missing,000510_SZ_新金路.md
000513,SZ,丽珠集团,+1.51%,high,+1.51%,high,,missing,中药制剂产品高增长,high,[中药制剂产品高增长],mid,missing,000513_SZ_丽珠集团.md
000514,SZ,渝_开_发,+87.34%,mid,盈,low,+150.2%,high,房地产结转规模大幅增加,high,[房地产结转规模大幅增加],mid,low,000514_SZ_渝_开_发.md
000516,SZ,国际医学,,missing,,missing,,missing,DRG/DIP医保支付改革深化,high,[DRG/DIP医保支付改革深化],mid,missing,000516_SZ_国际医学.md
000518,SZ,_ST四环,-6.73%,mid,,missing,↑,low,苗木战略合作大单,high,[苗木战略合作大单],mid,missing,000518_SZ__ST四环.md
000519,SZ,中兵红箭,+76.0%,high,,missing,↑,low,特种装备订单爆发,high,[特种装备订单爆发],mid,missing,000519_SZ_中兵红箭.md
000523,SZ,红棉股份,-4.86%,high,-84.73%,high,,missing,收购亚洲食品并获表决权委托,high,[收购亚洲食品并获表决权委托],mid,missing,000523_SZ_红棉股份.md
000524,SZ,岭南控股,+4.52%,high,+1.66%,high,,missing,出境游强劲复苏,high,[非经常性收益消失],mid,missing,000524_SZ_岭南控股.md
000530,SZ,冰山冷热,,missing,+28.44%,high,,missing,出售国泰君安股份,high,[出售国泰君安股份],mid,missing,000530_SZ_冰山冷热.md
000531,SZ,穗恒运Ａ,,missing,,missing,,missing,投资收益大幅增长,high,[投资收益大幅增长],mid,missing,000531_SZ_穗恒运Ａ.md
000533,SZ,顺钠股份,+4.69%,mid,,missing,+145.81%,high,国内“两网”投资创新高 & 新能源装机持,high,[国内“两网”投资创新高 & 新能源装机持续增长],mid,missing,000533_SZ_顺钠股份.md
000534,SZ,万泽股份,+20.86%,high,,missing,,missing,,missing,微生态活菌药品（金双歧、定君生）高毛利与稳定增长,mid,missing,000534_SZ_万泽股份.md
000538,SZ,云南白药,+12.53%,high,,missing,,missing,核心产品放量,high,[品牌壁垒与品类延伸],mid,missing,000538_SZ_云南白药.md
000539,SZ,粤电力Ａ,-9.83%,high,-37.78%,high,,missing,上网电价同比大幅下降11.60%,high,[上网电价同比大幅下降11.60%],mid,missing,000539_SZ_粤电力Ａ.md
000541,SZ,佛山照明,+5.63%,high,-51.85%,high,↓,low,行业竞争加剧与需求疲软,high,[行业竞争加剧与需求疲软],mid,low,000541_SZ_佛山照明.md
000543,SZ,皖能电力,,missing,,missing,↓,low,,missing,,missing,missing,000543_SZ_皖能电力.md
000544,SZ,中原环保,,missing,,missing,,missing,,missing,国家双碳战略与美丽中国建设推动,mid,missing,000544_SZ_中原环保.md
000548,SZ,湖南投资,,missing,-48.33%,high,,missing,城市综合体项目收入锐减,high,[城市综合体项目收入锐减],mid,missing,000548_SZ_湖南投资.md
000550,SZ,江铃汽车,,missing,-22.75%,high,,missing,销量增长但利润下滑,high,[销量增长但利润下滑],high,missing,000550_SZ_江铃汽车.md
000551,SZ,创元科技,-7.94%,high,,missing,,missing,国家电网“十五五”4万亿投资,high,[国家电网“十五五”4万亿投资],mid,missing,000551_SZ_创元科技.md
000553,SZ,安道麦A,,missing,,missing,,missing,渠道库存恢复正常,high,[渠道库存恢复正常],mid,missing,000553_SZ_安道麦A.md
000555,SZ,神州信息,+31.59%,high,盈,low,,missing,政企系统集成业务爆发,high,[政企系统集成业务爆发],mid,missing,000555_SZ_神州信息.md
000558,SZ,天府文旅,+30.0%,high,,missing,,missing,,missing,影视业务收入爆发式增长,mid,missing,000558_SZ_天府文旅.md
000560,SZ,我爱我家,,missing,亏,low,,missing,二手房价格持续下跌,high,[二手房价格持续下跌],mid,missing,000560_SZ_我爱我家.md
000563,SZ,陕国投Ａ,+0.85%,high,,missing,,missing,信托业务结构优化,high,[信托业务结构优化],mid,missing,000563_SZ_陕国投Ａ.md
000565,SZ,渝三峡Ａ,+73.32%,high,,missing,,missing,并购蔚蓝时代,high,[减持北陆药业股票],mid,missing,000565_SZ_渝三峡Ａ.md
000566,SZ,海南海药,+23.33%,mid,,missing,,missing,核心产品头孢制剂集采丢量,high,[核心产品头孢制剂集采丢量],mid,missing,000566_SZ_海南海药.md
000570,SZ,苏常柴Ａ,+26.26%,high,+174.86%,high,↑,low,非经常性损益（资产处置+政府补助）,high,[非经常性损益（资产处置+政府补助）],mid,low,000570_SZ_苏常柴Ａ.md
000572,SZ,海马汽车,,missing,,missing,-80.0%,high,海外出口依赖,high,[资产减值与信用损失],high,missing,000572_SZ_海马汽车.md
000573,SZ,粤宏远Ａ,,missing,+243.85%,high,,missing,转让煤矿股权,high,[再生铅业务毛利率极低],mid,missing,000573_SZ_粤宏远Ａ.md
000576,SZ,甘化科工,+27.55%,high,,missing,,missing,,missing,国家“十四五”收官年，武器装备更新换代加速,mid,missing,000576_SZ_甘化科工.md
000581,SZ,威孚高科,+15.17%,mid,-57.71%,high,+30.0%,high,,missing,联营企业（博世动力总成、中联电子）贡献巨额投资收益,mid,missing,000581_SZ_威孚高科.md
000582,SZ,北部湾港,+8.88%,mid,+6.02%,high,,missing,西部陆海新通道建设,high,[西部陆海新通道建设],mid,missing,000582_SZ_北部湾港.md
000586,SZ,汇源通信,+34.86%,high,,missing,,missing,,missing,电网投资高景气** ->,mid,missing,000586_SZ_汇源通信.md
000589,SZ,贵州轮胎,+13.59%,mid,,missing,,missing,越南基地产能释放,high,[越南基地产能释放],mid,missing,000589_SZ_贵州轮胎.md
000590,SZ,古汉医药,+1.61%,high,-1.61%,mid,,missing,,missing,,missing,missing,000590_SZ_古汉医药.md
000591,SZ,太阳能,-17.1%,mid,,missing,↑,low,电力市场化改革深化，电价下行,high,[电力市场化改革深化，电价下行],mid,missing,000591_SZ_太阳能.md
000592,SZ,平潭发展,-15.57%,mid,,missing,,missing,与恒大地产合作的地产项目暴雷,high,[与恒大地产合作的地产项目暴雷],mid,missing,000592_SZ_平潭发展.md
000593,SZ,德龙汇能,+38.45%,mid,-13.89%,mid,,missing,城市燃气主业稳健,high,[城市燃气主业稳健],mid,missing,000593_SZ_德龙汇能.md
000595,SZ,_ST宝实,+35.9%,mid,盈,low,+221.1%,high,重大资产重组完成，主业切换,high,[重大资产重组完成，主业切换],mid,low,000595_SZ__ST宝实.md
000597,SZ,东北制药,+45.81%,mid,-46.28%,high,↑,low,集采降价与行业竞争加剧,high,[集采降价与行业竞争加剧],mid,low,000597_SZ_东北制药.md
000601,SZ,韶能股份,+42.87%,mid,,missing,,missing,,missing,生物质能发电量同比大增（+82%）,mid,missing,000601_SZ_韶能股份.md
000607,SZ,华媒控股,-12.88%,high,,missing,,missing,传统媒体广告收入下滑,high,[传统媒体广告收入下滑],high,missing,000607_SZ_华媒控股.md
000608,SZ,_ST阳光,,missing,,missing,,missing,投资性房地产公允价值下降,high,[投资性房地产公允价值下降],mid,missing,000608_SZ__ST阳光.md
000609,SZ,_ST中迪,,missing,,missing,,missing,房地产项目交付量下降,high,[房地产项目交付量下降],mid,missing,000609_SZ__ST中迪.md
000610,SZ,_ST西旅,+18.36%,mid,,missing,,missing,行业“量升价跌”,high,[行业“量升价跌”],mid,missing,000610_SZ__ST西旅.md
000612,SZ,焦作万方,,missing,,missing,,missing,氧化铝及电力成本大幅下降,high,[氧化铝及电力成本大幅下降],mid,missing,000612_SZ_焦作万方.md
000615,SZ,_ST美谷,-9.79%,high,-10.0%,mid,,missing,司法重整成功,high,[剥离生物基纤维亏损资产],high,missing,000615_SZ__ST美谷.md
000617,SZ,中油资本,+3.9%,mid,,missing,,missing,降息周期与息差收窄,high,[降息周期与息差收窄],mid,missing,000617_SZ_中油资本.md
000619,SZ,海螺新材,,missing,,missing,,missing,房地产下行拖累核心主业,high,[房地产下行拖累核心主业],mid,missing,000619_SZ_海螺新材.md
000623,SZ,吉林敖东,-11.29%,mid,-11.29%,high,,missing,广发证券投资收益大幅增长,high,[广发证券投资收益大幅增长],mid,missing,000623_SZ_吉林敖东.md
000625,SZ,长安汽车,,missing,-44.34%,high,,missing,新能源销量爆发式增长,high,[新能源销量爆发式增长],mid,missing,000625_SZ_长安汽车.md
000626,SZ,远大控股,+12.58%,mid,,missing,↓,low,传统贸易毛利微薄,high,[传统贸易毛利微薄],mid,missing,000626_SZ_远大控股.md
000629,SZ,钒钛股份,-7.2%,mid,-7.2%,mid,,missing,钒钛产品价格大幅下跌,high,[钒钛产品价格大幅下跌],mid,missing,000629_SZ_钒钛股份.md
000630,SZ,铜陵有色,+18.69%,high,-14.02%,high,↓,low,铜价高位运行,high,[铜精矿加工费跌至历史低位],mid,low,000630_SZ_铜陵有色.md
000631,SZ,顺发恒能,-13.71%,mid,,missing,,missing,收购顺发德能（天然气发电）,high,[收购顺发德能（天然气发电）],mid,missing,000631_SZ_顺发恒能.md
000633,SZ,合金投资,+32.6%,mid,-35.16%,high,,missing,新能源运输业务扩张,high,[新能源运输业务扩张],mid,missing,000633_SZ_合金投资.md
000635,SZ,英_力_特,,missing,,missing,,missing,主营产品价格持续低迷,high,[主营产品价格持续低迷],mid,missing,000635_SZ_英_力_特.md
000650,SZ,仁和药业,,missing,-18.41%,high,+52.77%,high,营业收入下滑13.21%,high,[营业收入下滑13.21%],high,missing,000650_SZ_仁和药业.md
000652,SZ,泰达股份,,missing,亏,low,,missing,能源贸易毛利率极低,high,[能源贸易毛利率极低],mid,missing,000652_SZ_泰达股份.md
000655,SZ,金岭矿业,+7.64%,high,,missing,,missing,,missing,铁精粉销量同比增加12.16%,mid,missing,000655_SZ_金岭矿业.md
000659,SZ,珠海中富,-66.98%,high,,missing,,missing,营收下滑与客户集中,high,[营收下滑与客户集中],high,missing,000659_SZ_珠海中富.md
000661,SZ,长春高新,-10.27%,high,-94.0%,high,,missing,核心产品纳入医保并降价,high,[核心产品纳入医保并降价],mid,missing,000661_SZ_长春高新.md
000665,SZ,湖北广电,+122.0%,mid,,missing,,missing,传统业务收入持续下滑,high,[传统业务收入持续下滑],high,missing,000665_SZ_湖北广电.md
000668,SZ,_ST荣控,,missing,盈,low,,missing,降价促销去化存量房产,high,[降价促销去化存量房产],mid,missing,000668_SZ__ST荣控.md
000670,SZ,盈方微,+16.34%,mid,,missing,,missing,收入增长但利润亏损,high,[收入增长但利润亏损],high,missing,000670_SZ_盈方微.md
000679,SZ,大连友谊,+13.09%,high,,missing,,missing,新零售业务扩张,high,[线上推广费用激增],mid,missing,000679_SZ_大连友谊.md
000680,SZ,山推股份,+17.94%,mid,,missing,+51.64%,high,海外市场高增长,high,[集团“黄金产业链”协同],mid,missing,000680_SZ_山推股份.md
000681,SZ,视觉中国,+18.0%,mid,,missing,,missing,宏观经济承压，广告客户缩减预算,high,[宏观经济承压，广告客户缩减预算],mid,missing,000681_SZ_视觉中国.md
000682,SZ,东方电子,+11.04%,high,-69.52%,high,,missing,“十五五”电网投资高景气,high,[“十五五”电网投资高景气],mid,missing,000682_SZ_东方电子.md
000683,SZ,博源化工,-11.42%,high,-48.0%,high,,missing,纯碱、小苏打价格下跌,high,[纯碱、小苏打价格下跌],mid,missing,000683_SZ_博源化工.md
000685,SZ,中山公用,+27.36%,mid,+56.77%,high,,missing,收购小榄水务、中部垃圾发电等资产,high,[收购小榄水务、中部垃圾发电等资产],mid,missing,000685_SZ_中山公用.md
000686,SZ,东北证券,+103.65%,mid,,missing,,missing,市场交投活跃度提升,high,[市场交投活跃度提升],mid,missing,000686_SZ_东北证券.md
000688,SZ,国城矿业,,missing,+138.0%,high,,missing,收购国城实业60%股权,high,[收购国城实业60%股权],mid,missing,000688_SZ_国城矿业.md
000690,SZ,宝新能源,+9.23%,high,+45.21%,high,,missing,煤炭价格中枢下行,high,[煤炭价格中枢下行],mid,missing,000690_SZ_宝新能源.md
000691,SZ,_ST亚太,+17.61%,high,,missing,,missing,破产重整成功,high,[重整投资人现金注入],mid,missing,000691_SZ__ST亚太.md
000695,SZ,滨海能源,+46.0%,high,,missing,,missing,产能快速扩张与下游需求增长,high,[产能快速扩张与下游需求增长],mid,missing,000695_SZ_滨海能源.md
000697,SZ,炼石航空,+7.08%,high,,missing,↑,low,核心客户空客订单增长,high,[核心客户空客订单增长],mid,missing,000697_SZ_炼石航空.md
000698,SZ,ST沈化,,missing,盈,low,,missing,东大泉州24万吨聚醚项目投产,high,[东大泉州24万吨聚醚项目投产],mid,missing,000698_SZ_ST沈化.md
000701,SZ,厦门信达,+7.21%,high,盈,low,,missing,剥离亏损汽车经销业务,high,[剥离亏损汽车经销业务],high,missing,000701_SZ_厦门信达.md
000702,SZ,正虹科技,+37.59%,mid,,missing,↓,low,主动压缩生猪养殖规模,high,[主动压缩生猪养殖规模],mid,missing,000702_SZ_正虹科技.md
000703,SZ,恒逸石化,-9.51%,high,+596.59%,high,,missing,文莱炼化项目区位优势,high,[文莱炼化项目区位优势],mid,missing,000703_SZ_恒逸石化.md
000708,SZ,中信特钢,,missing,+15.67%,high,,missing,原料成本下行,high,[高端产品结构优化],mid,missing,000708_SZ_中信特钢.md
000715,SZ,中兴商业,-2.26%,high,-2.26%,mid,,missing,费用管控优化,high,[投资收益与公允价值变动],mid,missing,000715_SZ_中兴商业.md
000717,SZ,中南股份,+371.77%,mid,,missing,+14.62%,high,行业需求萎缩,high,,missing,missing,000717_SZ_中南股份.md
000719,SZ,中原传媒,+33.57%,mid,+33.57%,high,,missing,教材教辅独家发行资质,high,[教材教辅独家发行资质],mid,missing,000719_SZ_中原传媒.md
000721,SZ,西安饮食,+28.72%,mid,,missing,,missing,餐饮主业收入下滑,high,[餐饮主业收入下滑],high,missing,000721_SZ_西安饮食.md
000722,SZ,湖南发展,+63.51%,mid,,missing,+33.34%,high,2025年湖南省来水严重偏枯,high,[2025年湖南省来水严重偏枯],mid,missing,000722_SZ_湖南发展.md
000723,SZ,美锦能源,,missing,,missing,+63.63%,high,焦炭产能扩张与价格下行,high,[焦炭产能扩张与价格下行],mid,missing,000723_SZ_美锦能源.md
000725,SZ,京东方Ａ,+15.14%,high,,missing,,missing,LCD/OLED出货量全球第一,high,[LCD/OLED出货量全球第一],mid,missing,000725_SZ_京东方Ａ.md
000726,SZ,鲁__泰Ａ,+11.58%,mid,+44.66%,high,,missing,金融资产投资收益,high,[金融资产投资收益],mid,missing,000726_SZ_鲁__泰Ａ.md
000729,SZ,燕京啤酒,+52.02%,high,+59.06%,high,,missing,燕京U8大单品持续放量,high,[燕京U8大单品持续放量],mid,missing,000729_SZ_燕京啤酒.md
000735,SZ,罗_牛_山,,missing,-36.39%,high,+35.9%,high,猪周期下行，猪价中枢下移,high,[猪周期下行，猪价中枢下移],mid,missing,000735_SZ_罗_牛_山.md
000736,SZ,_ST中地,+43.37%,high,,missing,,missing,重大资产重组（置出房地产开发业务）,high,[重大资产重组（置出房地产开发业务）],mid,missing,000736_SZ__ST中地.md
000737,SZ,北方铜业,+15.8%,high,+29.01%,high,,missing,铜价创历史新高,high,[铜精矿加工费跌至负值],mid,missing,000737_SZ_北方铜业.md
000738,SZ,航发控制,-5.64%,high,-55.43%,high,↑,low,产品价税改革,high,[研发投入资本化率为零],mid,low,000738_SZ_航发控制.md
000739,SZ,普洛药业,+16.66%,mid,-21.86%,high,,missing,原料药中间体业务量价齐跌,high,[原料药中间体业务量价齐跌],mid,missing,000739_SZ_普洛药业.md
000750,SZ,国海证券,+33.58%,mid,+79.57%,high,,missing,市场交投活跃度提升,high,[市场交投活跃度提升],mid,missing,000750_SZ_国海证券.md
000751,SZ,锌业股份,+18.76%,high,,missing,,missing,贵金属及硫酸价格高企,high,[贵金属及硫酸价格高企],mid,missing,000751_SZ_锌业股份.md
000753,SZ,漳州发展,,missing,+21.69%,high,↑,low,收购信产集团与人才集团,high,[收购信产集团与人才集团],mid,missing,000753_SZ_漳州发展.md
000755,SZ,山西高速,,missing,,missing,,missing,核心路产区位优势,high,[核心路产区位优势],mid,missing,000755_SZ_山西高速.md
000757,SZ,浩物股份,-22.31%,high,盈,low,,missing,汽车销售业务关停低效门店,high,[汽车销售业务关停低效门店],mid,missing,000757_SZ_浩物股份.md
000759,SZ,中百集团,+26.72%,mid,,missing,-76.42%,high,大规模闭店止损,high,[闭店产生巨额一次性损失],mid,missing,000759_SZ_中百集团.md
000761,SZ,本钢板材,-9.51%,high,,missing,↓,low,行业需求萎缩与价格下行,high,[行业需求萎缩与价格下行],mid,missing,000761_SZ_本钢板材.md
000762,SZ,西藏矿业,,missing,,missing,-39.6%,high,锂产品价格与销量双降,high,[锂产品价格与销量双降],mid,missing,000762_SZ_西藏矿业.md
000766,SZ,通化金马,-39.25%,high,-39.25%,high,,missing,核心产品营收下滑,high,[核心产品营收下滑],high,missing,000766_SZ_通化金马.md
000767,SZ,晋控电力,+13.17%,mid,盈,low,,missing,煤价低位运行,high,核心风险在于盈利对煤价的单向依赖与火电转型压力,high,missing,000767_SZ_晋控电力.md
000768,SZ,中航西飞,+25.0%,mid,,missing,,missing,民用航空产业高速发展,high,[民用航空产业高速发展],mid,missing,000768_SZ_中航西飞.md
000776,SZ,广发证券,+28.27%,mid,+70.0%,high,,missing,市场交投活跃度大幅提升,high,[市场交投活跃度大幅提升],mid,missing,000776_SZ_广发证券.md
000778,SZ,新兴铸管,,missing,+466.0%,high,+394.0%,high,成本端改善,high,核心风险在于钢铁主业需求的结构性萎缩,high,missing,000778_SZ_新兴铸管.md
000782,SZ,恒申新材,-24.48%,high,,missing,,missing,行业供需失衡，价格深度下跌,high,[行业供需失衡，价格深度下跌],mid,missing,000782_SZ_恒申新材.md
000786,SZ,北新建材,+23.1%,mid,,missing,,missing,,missing,房地产投资下降17.2%，房屋竣工面积下降18.1%,mid,missing,000786_SZ_北新建材.md
000789,SZ,万年青,-26.31%,high,,missing,,missing,,missing,江西省基础设施投资逆势增长5.4%,mid,missing,000789_SZ_万年青.md
000790,SZ,华神科技,-36.71%,mid,,missing,,missing,核心药品挂网价下调,high,[核心药品挂网价下调],mid,missing,000790_SZ_华神科技.md
000791,SZ,甘肃能源,-24.77%,mid,-22.73%,mid,,missing,常乐公司2×1000MW机组投产,high,[常乐公司2×1000MW机组投产],mid,missing,000791_SZ_甘肃能源.md
000792,SZ,盐湖股份,,missing,,missing,,missing,钾肥价格回暖,high,[4万吨锂盐项目投产],mid,missing,000792_SZ_盐湖股份.md
000797,SZ,中国武夷,,missing,亏,low,,missing,房地产项目毛利率大幅下滑,high,[房地产项目毛利率大幅下滑],high,missing,000797_SZ_中国武夷.md
000798,SZ,中水渔业,-11.98%,high,盈,low,,missing,核心捕捞业务量价齐升,high,[核心捕捞业务量价齐升],mid,missing,000798_SZ_中水渔业.md
000800,SZ,一汽解放,,missing,+184.3%,high,,missing,国四置换政策与老旧货车淘汰,high,[国四置换政策与老旧货车淘汰],mid,missing,000800_SZ_一汽解放.md
000801,SZ,四川九洲,+10.21%,mid,-20.57%,high,↑,low,,missing,[空管业务受益于国防装备升级与低空经济],mid,missing,000801_SZ_四川九洲.md
000802,SZ,北京文化,+4.07%,mid,,missing,,missing,电影项目票房不及预期,high,[电影项目票房不及预期],mid,missing,000802_SZ_北京文化.md
000807,SZ,云铝股份,,missing,,missing,,missing,绿色能源优势,high,[铝价高位+供给紧平衡],mid,missing,000807_SZ_云铝股份.md
000809,SZ,和展能源,-6.25%,high,,missing,,missing,混塔业务主动收缩,high,[混塔业务主动收缩],mid,missing,000809_SZ_和展能源.md
000810,SZ,创维数字,+8.04%,high,-105.95%,high,↓,low,海外体感游戏盒子(Nex Playgro,high,[海外体感游戏盒子(Nex Playground)放量],mid,low,000810_SZ_创维数字.md
000812,SZ,陕西金叶,-12.74%,mid,,missing,,missing,商誉减值,high,[教育业务成本刚性上涨],mid,missing,000812_SZ_陕西金叶.md
000813,SZ,德展健康,-14.94%,high,亏,low,,missing,核心产品“阿乐”集采到期未中标,high,[核心产品“阿乐”集采到期未中标],mid,missing,000813_SZ_德展健康.md
000815,SZ,美利云,,missing,盈,low,↑,low,造纸业务关停清算,high,[造纸业务关停清算],mid,missing,000815_SZ_美利云.md
000816,SZ,智慧农业,-16.23%,high,,missing,↓,low,北美业务客户调整与产品切换,high,[北美业务客户调整与产品切换],mid,missing,000816_SZ_智慧农业.md
000819,SZ,岳阳兴长,-2.95%,high,+140.0%,high,,missing,惠州立拓产能爬坡不及预期,high,[惠州立拓产能爬坡不及预期],mid,missing,000819_SZ_岳阳兴长.md
000821,SZ,ST京机,+101.57%,high,-53.91%,high,,missing,光伏行业产能过剩，下游客户扩产放缓,high,[光伏行业产能过剩，下游客户扩产放缓],mid,missing,000821_SZ_ST京机.md
000822,SZ,山东海化,,missing,,missing,-29.0%,high,,missing,行业产能扩张（全国纯碱有效产能增至4078万吨，同比增长2.,mid,missing,000822_SZ_山东海化.md
000828,SZ,东莞控股,,missing,+34.82%,high,+68.97%,high,核心路产改扩建施工及恶劣天气,high,[核心路产改扩建施工及恶劣天气],mid,missing,000828_SZ_东莞控股.md
000833,SZ,粤桂股份,,missing,,missing,,missing,硫铁矿价格高位运行,high,[硫铁矿价格高位运行],mid,missing,000833_SZ_粤桂股份.md
000838,SZ,_ST发展,,missing,,missing,,missing,房地产行业持续下行，销售疲软,high,[房地产行业持续下行，销售疲软],mid,missing,000838_SZ__ST发展.md
000852,SZ,石化机械,+21.86%,high,,missing,,missing,国际油价震荡下行,high,[国际油价震荡下行],mid,missing,000852_SZ_石化机械.md
000856,SZ,冀东装备,+76.13%,high,+63.59%,high,,missing,关联交易依赖,high,[电气设备业务爆发],mid,missing,000856_SZ_冀东装备.md
000859,SZ,国风新材,-21.41%,high,,missing,,missing,行业供需失衡加剧,high,[行业供需失衡加剧],mid,missing,000859_SZ_国风新材.md
000862,SZ,银星能源,-14.3%,mid,-48.84%,high,↑,low,新能源全面入市，电价承压,high,[新能源全面入市，电价承压],mid,low,000862_SZ_银星能源.md
000868,SZ,安凯客车,+25.35%,high,,missing,↑,low,海外出口爆发,high,[营收增长但毛利率下降],mid,missing,000868_SZ_安凯客车.md
000869,SZ,张__裕Ａ,+2.55%,high,+25.0%,high,,missing,国内葡萄酒消费持续低迷,high,[国内葡萄酒消费持续低迷],mid,missing,000869_SZ_张__裕Ａ.md
000875,SZ,电投绿能,,missing,-53.17%,high,+28.53%,high,新能源全面入市，电价下行,high,[新能源全面入市，电价下行],mid,missing,000875_SZ_电投绿能.md
000877,SZ,天山股份,+95.93%,mid,-11.31%,mid,,missing,,missing,,missing,missing,000877_SZ_天山股份.md
000878,SZ,云南铜业,,missing,,missing,↓,low,铜价历史性上涨,high,[铜精矿TC跌入负值],mid,missing,000878_SZ_云南铜业.md
000880,SZ,潍柴重机,+6.41%,mid,,missing,↑,low,数据中心/通信等新兴业务爆发,high,[数据中心/通信等新兴业务爆发],mid,missing,000880_SZ_潍柴重机.md
000885,SZ,城发环境,+3.95%,mid,+8.29%,high,↑,low,,missing,战略并购与业务扩张** ->,mid,missing,000885_SZ_城发环境.md
000886,SZ,海南高速,,missing,,missing,,missing,,missing,回归交通主业，构建建材供应链,mid,missing,000886_SZ_海南高速.md
000889,SZ,中嘉博创,+8.85%,high,,missing,,missing,通信网络维护业务规模扩张,high,[通信网络维护业务规模扩张],mid,missing,000889_SZ_中嘉博创.md
000890,SZ,法尔胜,,missing,,missing,+188.18%,high,地方财政压力导致政府环保项目收缩,high,[地方财政压力导致政府环保项目收缩],high,missing,000890_SZ_法尔胜.md
000895,SZ,双汇发展,,missing,-0.43%,mid,,missing,,missing,,missing,missing,000895_SZ_双汇发展.md
000898,SZ,鞍钢股份,,missing,,missing,,missing,行业供需失衡,high,[“算账经营”降本],mid,missing,000898_SZ_鞍钢股份.md
000899,SZ,赣能股份,+6.74%,mid,,missing,-25.01%,high,上高电厂2×100万千瓦机组投产,high,[上高电厂2×100万千瓦机组投产],mid,missing,000899_SZ_赣能股份.md
000900,SZ,现代投资,+6.41%,high,+57.42%,high,,missing,大宗商品贸易规模扩张,high,[大宗商品贸易规模扩张],mid,missing,000900_SZ_现代投资.md
000905,SZ,厦门港务,,missing,+41.0%,high,,missing,重大资产重组注入集装箱码头资产,high,[重大资产重组注入集装箱码头资产],mid,missing,000905_SZ_厦门港务.md
000906,SZ,浙商中拓,+16.64%,high,-39.62%,mid,,missing,营收规模高速扩张,high,[营收规模高速扩张],mid,missing,000906_SZ_浙商中拓.md
000909,SZ,_ST数源,,missing,盈,low,,missing,联营房企（黑龙江新绿洲）开发成本大幅减值,high,[联营房企（黑龙江新绿洲）开发成本大幅减值],high,missing,000909_SZ__ST数源.md
000910,SZ,大亚圣象,-14.49%,high,-90.41%,high,↓,low,房地产下行周期,high,[收入下滑叠加减值],high,low,000910_SZ_大亚圣象.md
000913,SZ,钱江摩托,+117.01%,mid,+44.39%,high,↓,low,工厂搬迁资产处置,high,[工厂搬迁资产处置],mid,low,000913_SZ_钱江摩托.md
000915,SZ,华特达因,+4.4%,high,,missing,,missing,“伊可新”品牌统治力,high,[“伊可新”品牌统治力],mid,missing,000915_SZ_华特达因.md
000919,SZ,金陵药业,-5.22%,mid,+33.42%,high,,missing,医疗服务板块亏损,high,[医疗服务板块亏损],high,missing,000919_SZ_金陵药业.md
000920,SZ,沃顿科技,+23.38%,mid,,missing,,missing,国产替代加速与海外市场扩张,high,[国产替代加速与海外市场扩张],mid,missing,000920_SZ_沃顿科技.md
000921,SZ,海信家电,+6.44%,mid,,missing,,missing,中央空调业务（海信日立）的领先地位,high,[中央空调业务（海信日立）的领先地位],mid,missing,000921_SZ_海信家电.md
000922,SZ,佳电股份,+14.8%,mid,-0.94%,high,,missing,核电产品放量,high,[传统行业需求萎缩],mid,missing,000922_SZ_佳电股份.md
000927,SZ,中国铁物,+6.68%,mid,+26.18%,high,,missing,主动退出低利润贸易业务,high,[主动退出低利润贸易业务],mid,missing,000927_SZ_中国铁物.md
000929,SZ,_ST兰黄,+75.28%,high,,missing,,missing,抖音线上直销爆发式增长,high,[抖音线上直销爆发式增长],mid,missing,000929_SZ__ST兰黄.md
000930,SZ,中粮科技,+30.0%,mid,-12.67%,mid,+30.0%,high,,missing,,missing,missing,000930_SZ_中粮科技.md
000931,SZ,中_关_村,+27.55%,mid,,missing,↓,low,,missing,核心产品“元治”纳入国家集采,mid,missing,000931_SZ_中_关_村.md
000932,SZ,华菱钢铁,-15.94%,high,,missing,,missing,原燃料成本大幅下降,high,[原燃料成本大幅下降],mid,missing,000932_SZ_华菱钢铁.md
000933,SZ,神火股份,+18.25%,high,-30.06%,high,,missing,电解铝量价齐升,high,[新疆/云南低成本产能],mid,missing,000933_SZ_神火股份.md
000938,SZ,紫光股份,+41.11%,mid,+7.19%,high,↑,low,AI算力需求爆发,high,[AI算力需求爆发],mid,low,000938_SZ_紫光股份.md
000948,SZ,南天信息,+32.2%,high,+30.65%,high,,missing,IT产品销售及产业互联网业务高增,high,[IT产品销售及产业互联网业务高增],mid,missing,000948_SZ_南天信息.md
000949,SZ,新乡化纤,,missing,+47.2%,high,+47.2%,high,氨纶行业产能过剩，价格处于历史底部,high,[氨纶行业产能过剩，价格处于历史底部],mid,missing,000949_SZ_新乡化纤.md
000950,SZ,重药控股,,missing,,missing,,missing,融资成本下降,high,[强化营运资金周转管理],mid,missing,000950_SZ_重药控股.md
000952,SZ,广济药业,,missing,,missing,,missing,,missing,,missing,missing,000952_SZ_广济药业.md
000953,SZ,河化股份,+35.0%,mid,+27.73%,high,,missing,传统医药中间体需求旺盛,high,[传统医药中间体需求旺盛],mid,missing,000953_SZ_河化股份.md
000955,SZ,欣龙控股,-48.64%,high,盈,low,,missing,非织造主业销量增长与成本控制,high,[非织造主业销量增长与成本控制],mid,missing,000955_SZ_欣龙控股.md
000957,SZ,中通客车,+33.95%,high,+44.18%,high,,missing,海外市场高增长,high,[规模效应与成本控制],mid,missing,000957_SZ_中通客车.md
000958,SZ,电投产融,,missing,-8.07%,mid,-46.11%,high,重大资产重组完成,high,[重大资产重组完成],mid,missing,000958_SZ_电投产融.md
000959,SZ,首钢股份,,missing,+107.68%,high,,missing,,missing,原燃料成本下降** ->,mid,missing,000959_SZ_首钢股份.md
000962,SZ,东方钽业,+20.49%,high,+21.12%,high,,missing,战略聚焦高附加值产品,high,[战略聚焦高附加值产品],mid,missing,000962_SZ_东方钽业.md
000963,SZ,华东医药,+7.04%,high,,missing,,missing,创新产品商业化放量,high,[创新产品商业化放量],mid,missing,000963_SZ_华东医药.md
000966,SZ,长源电力,-22.21%,high,亏,low,↓,low,湖北省新能源装机激增 & 来水偏丰,high,[湖北省新能源装机激增 & 来水偏丰],mid,low,000966_SZ_长源电力.md
000969,SZ,安泰科技,-6.88%,mid,+38.16%,high,,missing,难熔钨钼业务（安泰天龙）利润高增,high,[难熔钨钼业务（安泰天龙）利润高增],mid,missing,000969_SZ_安泰科技.md
000970,SZ,中科三环,+13.31%,high,+660.0%,high,↓,low,稀土出口管制政策强化,high,[稀土出口管制政策强化],mid,low,000970_SZ_中科三环.md
000972,SZ,_ST中基,,missing,盈,low,,missing,全球番茄酱供需失衡，价格低迷,high,[全球番茄酱供需失衡，价格低迷],mid,missing,000972_SZ__ST中基.md
000973,SZ,佛塑科技,,missing,-159.51%,high,,missing,,missing,偏光膜三期项目产能未完全释放,mid,missing,000973_SZ_佛塑科技.md
000975,SZ,山金国际,,missing,,missing,,missing,,missing,,missing,missing,000975_SZ_山金国际.md
000978,SZ,桂林旅游,,missing,盈,low,,missing,收回大额历史欠款,high,[收回大额历史欠款],mid,missing,000978_SZ_桂林旅游.md
000985,SZ,大庆华科,-6.27%,high,-49.81%,mid,,missing,化工行业景气周期低谷,high,[化工行业景气周期低谷],mid,missing,000985_SZ_大庆华科.md
000987,SZ,越秀资本,+51.3%,mid,+53.42%,high,,missing,新能源业务高速增长,high,[新能源业务高速增长],mid,missing,000987_SZ_越秀资本.md
000988,SZ,华工科技,+53.39%,high,,missing,+66.83%,high,AI算力需求爆发,high,[AI算力需求爆发],mid,missing,000988_SZ_华工科技.md
000989,SZ,九芝堂,+6.05%,mid,+114.25%,high,,missing,OTC产品收入下滑22.67%,high,[OTC产品收入下滑22.67%],high,missing,000989_SZ_九芝堂.md
000990,SZ,诚志股份,,missing,-302.0%,mid,,missing,清洁能源产品价格下跌,high,[清洁能源产品价格下跌],mid,missing,000990_SZ_诚志股份.md
000993,SZ,闽东电力,,missing,-65.23%,high,+9.66%,high,降雨量减少,high,[风电风速增加及风机消缺],mid,missing,000993_SZ_闽东电力.md
000995,SZ,皇台酒业,+31.76%,mid,-49.02%,high,,missing,高端产品放量,high,[品牌重塑与新品储备],mid,missing,000995_SZ_皇台酒业.md
000997,SZ,新_大_陆,+18.97%,mid,,missing,,missing,全球POS终端智能化升级+海外本地化深耕,high,[全球POS终端智能化升级+海外本地化深耕],mid,missing,000997_SZ_新_大_陆.md
000998,SZ,隆平高科,,missing,盈,low,,missing,巴西业务改革与降本增效,high,[巴西业务改革与降本增效],mid,missing,000998_SZ_隆平高科.md
000999,SZ,华润三九,+14.43%,high,,missing,,missing,并购天士力,high,[“一体两翼”业务布局],mid,missing,000999_SZ_华润三九.md
001202,SZ,炬申股份,+2.38%,mid,-11.15%,high,↓,low,海外驳运项目扩张,high,[海外驳运项目扩张],mid,low,001202_SZ_炬申股份.md
001203,SZ,大中矿业,+6.43%,high,+538.0%,high,,missing,铁矿稳产+锂矿放量,high,[铁矿稳产+锂矿放量],mid,missing,001203_SZ_大中矿业.md
001205,SZ,盛航股份,,missing,,missing,,missing,石化行业景气度下行,high,[石化行业景气度下行],mid,missing,001205_SZ_盛航股份.md
001206,SZ,依依股份,+15.63%,mid,-92.0%,high,,missing,海外产能布局,high,[ODM/OEM大客户模式],mid,missing,001206_SZ_依依股份.md
001207,SZ,联科科技,+7.55%,mid,+7.55%,high,↓,low,原材料价格下行,high,[产能利用率高位运行],mid,low,001207_SZ_联科科技.md
001208,SZ,华菱线缆,+8.39%,high,,missing,,missing,,missing,[特种电缆高壁垒与国产替代],mid,missing,001208_SZ_华菱线缆.md
001212,SZ,中旗新材,-21.57%,high,-72.97%,mid,,missing,下游需求萎缩,high,[可转债利息费用化],mid,missing,001212_SZ_中旗新材.md
001215,SZ,千味央厨,+11.08%,mid,+6.19%,high,,missing,餐饮行业“增收不增利”压力传导,high,[餐饮行业“增收不增利”压力传导],high,missing,001215_SZ_千味央厨.md
001217,SZ,华尔泰,+26.24%,high,亏,low,+57.62%,high,新项目投产转固，折旧激增,high,[新项目投产转固，折旧激增],mid,low,001217_SZ_华尔泰.md
001218,SZ,丽臣实业,+36.56%,mid,,missing,,missing,主要原材料脂肪醇价格大幅上涨,high,[主要原材料脂肪醇价格大幅上涨],mid,missing,001218_SZ_丽臣实业.md
001225,SZ,和泰机电,-4.77%,high,-40.73%,high,,missing,下游水泥行业深度调整,high,[下游水泥行业深度调整],mid,missing,001225_SZ_和泰机电.md
001228,SZ,永泰运,,missing,,missing,,missing,供应链贸易服务（汽车贸易）爆发式增长,high,[供应链贸易服务（汽车贸易）爆发式增长],mid,missing,001228_SZ_永泰运.md
001230,SZ,劲旅环境,+8.53%,high,+20.33%,high,,missing,“一芯双核”战略驱动,high,[“一芯双核”战略驱动],mid,missing,001230_SZ_劲旅环境.md
001234,SZ,泰慕士,-7.47%,high,-33.07%,high,,missing,客户采用柔供模式,high,[客户采用柔供模式],mid,missing,001234_SZ_泰慕士.md
001236,SZ,弘业期货,,missing,,missing,,missing,,missing,,missing,missing,001236_SZ_弘业期货.md
001239,SZ,永达股份,-40.0%,mid,-40.0%,high,,missing,收购金源装备并表,high,[收购金源装备并表],mid,missing,001239_SZ_永达股份.md
001258,SZ,立新能源,,missing,,missing,+67.6%,high,装机规模爆发式增长,high,[装机规模爆发式增长],mid,missing,001258_SZ_立新能源.md
001260,SZ,坤泰股份,-3.95%,high,-14.74%,high,,missing,市场竞争加剧,high,[海外业务前期投入],mid,missing,001260_SZ_坤泰股份.md
001267,SZ,汇绿生态,-45.26%,high,,missing,↑,low,收购武汉钧恒51%股权,high,[收购武汉钧恒51%股权],mid,missing,001267_SZ_汇绿生态.md
001268,SZ,联合精密,+8.96%,mid,+21.9%,high,+52.99%,high,客户高度集中,high,,missing,missing,001268_SZ_联合精密.md
001269,SZ,欧晶科技,-27.25%,mid,,missing,,missing,,missing,[光伏行业产能过剩与供需失衡],mid,missing,001269_SZ_欧晶科技.md
001270,SZ,_ST铖昌,,missing,盈,low,,missing,下游需求恢复与订单落地,high,[下游需求恢复与订单落地],mid,missing,001270_SZ__ST铖昌.md
001277,SZ,速达股份,+18.34%,mid,-59.38%,mid,,missing,煤价下行导致客户压缩开支,high,[煤价下行导致客户压缩开支],mid,missing,001277_SZ_速达股份.md
001278,SZ,一彬科技,+8.89%,mid,亏,low,,missing,客户结构调整，从高毛利日系转向竞争激烈的,high,[客户结构调整，从高毛利日系转向竞争激烈的国内品牌],mid,missing,001278_SZ_一彬科技.md
001282,SZ,三联锻造,+54.65%,mid,-24.97%,high,,missing,产能扩张期固定成本高企,high,[产能扩张期固定成本高企],mid,missing,001282_SZ_三联锻造.md
001283,SZ,豪鹏科技,+251.63%,high,+122.54%,high,,missing,储能业务爆发式增长,high,[储能业务爆发式增长],mid,missing,001283_SZ_豪鹏科技.md
001285,SZ,瑞立科密,+21.01%,high,+23.75%,high,,missing,商用车主动安全系统龙头地位,high,[商用车主动安全系统龙头地位],mid,missing,001285_SZ_瑞立科密.md
001286,SZ,陕西能源,+22.63%,mid,,missing,,missing,煤电一体化协同,high,[煤炭产量与外销量激增],mid,missing,001286_SZ_陕西能源.md
001288,SZ,运机集团,+16.29%,high,+24.42%,high,,missing,海外大单驱动,high,[非经常性损益暴增],mid,missing,001288_SZ_运机集团.md
001289,SZ,龙源电力,-70.92%,mid,,missing,,missing,新能源全面入市，电价市场化改革,high,[新能源全面入市，电价市场化改革],mid,missing,001289_SZ_龙源电力.md
001298,SZ,好上好,+15.72%,high,,missing,+46.51%,high,半导体行业进入上行周期,high,[半导体行业进入上行周期],mid,missing,001298_SZ_好上好.md
001299,SZ,美能能源,+9.07%,high,+17.4%,high,,missing,区域经济与城镇化红利,high,[区域经济与城镇化红利],mid,missing,001299_SZ_美能能源.md
001301,SZ,尚太科技,+51.9%,high,,missing,,missing,下游需求爆发,high,[北苏二期10万吨产能达产],mid,missing,001301_SZ_尚太科技.md
001306,SZ,夏厦精密,+15.87%,mid,亏,low,↓,low,汽车行业竞争加剧，客户降价,high,[汽车行业竞争加剧，客户降价],mid,low,001306_SZ_夏厦精密.md
001317,SZ,三羊马,+79.0%,high,亏,low,,missing,在建工程转固，折旧激增,high,[在建工程转固，折旧激增],mid,missing,001317_SZ_三羊马.md
001319,SZ,铭科精技,+32.82%,mid,,missing,,missing,,missing,新能源汽车渗透率超50%，新车型发布数量保持高位,mid,missing,001319_SZ_铭科精技.md
001324,SZ,长青科技,+16.06%,mid,-29.76%,high,↑,low,海外动车配套业务交付量增加,high,[海外动车配套业务交付量增加],mid,low,001324_SZ_长青科技.md
001325,SZ,元创股份,,missing,,missing,,missing,,missing,,missing,missing,001325_SZ_元创股份.md
001328,SZ,登康口腔,+9.98%,high,,missing,+18.41%,high,电商渠道高增长,high,[高端化产品结构升级],mid,missing,001328_SZ_登康口腔.md
001333,SZ,光华股份,+3.2%,mid,-20.88%,high,,missing,原材料价格下行,high,[销量增长与毛利率承压],mid,missing,001333_SZ_光华股份.md
001338,SZ,永顺泰,+9.27%,high,,missing,,missing,产销量逆势增长,high,核心风险在于原材料价格与下游需求的剪刀差,high,missing,001338_SZ_永顺泰.md
001339,SZ,智微智能,+53.39%,high,+36.84%,high,↑,low,AI算力资本开支爆发,high,[AI算力资本开支爆发],mid,low,001339_SZ_智微智能.md
001356,SZ,富岭股份,-9.82%,high,-58.42%,high,,missing,美国关税壁垒升级,high,[美国关税壁垒升级],mid,missing,001356_SZ_富岭股份.md
001358,SZ,兴欣新材,-47.74%,mid,-40.46%,high,,missing,原材料价格下行,high,[募投项目转固折旧],mid,missing,001358_SZ_兴欣新材.md
001360,SZ,南矿集团,+99.51%,high,-15.49%,high,,missing,金属价格上行,high,[“三转一优”战略转型],mid,missing,001360_SZ_南矿集团.md
001367,SZ,海森药业,+12.88%,high,+22.14%,high,,missing,原料药业务量价齐升,high,[原料药业务量价齐升],mid,missing,001367_SZ_海森药业.md
001368,SZ,通达创智,+8.71%,high,-4.63%,high,,missing,家居生活业务高速增长,high,[家居生活业务高速增长],mid,missing,001368_SZ_通达创智.md
001369,SZ,双欣材料,,missing,,missing,,missing,循环经济产业链一体化,high,[循环经济产业链一体化],mid,missing,001369_SZ_双欣材料.md
001380,SZ,华纬科技,+7.08%,high,,missing,+276.0%,high,悬架系统零部件为核心,high,[悬架系统零部件为核心],mid,missing,001380_SZ_华纬科技.md
001388,SZ,信通电子,,missing,,missing,,missing,,missing,国家电网十五五投资4万亿元，较十四五增长40%,mid,missing,001388_SZ_信通电子.md
001389,SZ,广合科技,+46.89%,high,盈,low,,missing,AI算力需求爆发,high,[AI算力需求爆发],mid,missing,001389_SZ_广合科技.md
001390,SZ,古麒绒材,-50.0%,mid,,missing,↓,low,,missing,羽绒价格高位运行** ->,mid,missing,001390_SZ_古麒绒材.md
001391,SZ,国货航,+8.23%,mid,,missing,,missing,跨境电商高景气度,high,[跨境电商高景气度],mid,missing,001391_SZ_国货航.md
001395,SZ,亚联机械,+20.93%,mid,+20.93%,high,,missing,收入下降但毛利率提升,high,[收入下降但毛利率提升],mid,missing,001395_SZ_亚联机械.md
001696,SZ,宗申动力,+18.55%,high,+44.25%,high,,missing,通用机械与摩托车发动机主业量价齐升,high,[通用机械与摩托车发动机主业量价齐升],mid,missing,001696_SZ_宗申动力.md
001872,SZ,招商港口,+6.92%,high,+2.1%,high,,missing,,missing,全球港口网络扩张与运营优化,mid,missing,001872_SZ_招商港口.md
001896,SZ,豫能控股,-4.79%,high,-23.7%,mid,,missing,煤炭价格大幅下降,high,[煤炭价格大幅下降],mid,missing,001896_SZ_豫能控股.md
001914,SZ,招商积余,+12.23%,high,+8.3%,high,,missing,专业增值服务高增,high,[专业增值服务高增],mid,missing,001914_SZ_招商积余.md
001965,SZ,招商公路,+7.07%,mid,,missing,,missing,宏观经济与货运需求韧性,high,[宏观经济与货运需求韧性],mid,missing,001965_SZ_招商公路.md
001979,SZ,招商蛇口,,missing,-69.67%,mid,,missing,开发业务结转规模大幅下降,high,[开发业务结转规模大幅下降],mid,missing,001979_SZ_招商蛇口.md
002001,SZ,新_和_成,+7.28%,mid,+15.26%,high,,missing,蛋氨酸产能扩张与量价齐升,high,[蛋氨酸产能扩张与量价齐升],mid,missing,002001_SZ_新_和_成.md
002003,SZ,伟星股份,+6.03%,mid,-7.96%,high,,missing,海外产能布局与国际化战略,high,[海外产能布局与国际化战略],mid,missing,002003_SZ_伟星股份.md
002004,SZ,华邦健康,,missing,盈,low,,missing,医药主业盈利强劲,high,[医药主业盈利强劲],mid,missing,002004_SZ_华邦健康.md
002010,SZ,传化智联,-12.67%,high,,missing,-16.34%,high,化学业务结构优化与高附加值产品放量,high,[化学业务结构优化与高附加值产品放量],mid,missing,002010_SZ_传化智联.md
002012,SZ,凯恩股份,+6.17%,mid,,missing,-32.0%,high,非经常性损益暴增,high,[非经常性损益暴增],mid,missing,002012_SZ_凯恩股份.md
002016,SZ,世荣兆业,+61.12%,high,+267.19%,high,,missing,房地产收入确认,high,[土地储备成本优势],mid,missing,002016_SZ_世荣兆业.md
002017,SZ,东信和平,+10.28%,mid,,missing,+19.57%,high,国内智能卡市场饱和，竞争加剧,high,[国内智能卡市场饱和，竞争加剧],mid,missing,002017_SZ_东信和平.md
002019,SZ,亿帆医药,+4.71%,mid,+30.92%,high,,missing,创新药亿立舒®海外商业化突破,high,[创新药亿立舒®海外商业化突破],mid,missing,002019_SZ_亿帆医药.md
002020,SZ,京新药业,+10.06%,mid,+10.06%,high,,missing,,missing,集中采购模式下，与关键原材料及设备供应商签订长期协议,mid,missing,002020_SZ_京新药业.md
002022,SZ,科华生物,+15.25%,mid,,missing,↓,low,医疗集采与DRG改革,high,[医疗集采与DRG改革],mid,missing,002022_SZ_科华生物.md
002024,SZ,ST易购,-13.79%,high,,missing,,missing,债务重组收益,high,[国补政策边际递减],mid,missing,002024_SZ_ST易购.md
002025,SZ,航天电器,+15.82%,high,-47.32%,high,,missing,营收增长但利润暴跌,high,[营收增长但利润暴跌],mid,missing,002025_SZ_航天电器.md
002026,SZ,山东威达,+80.01%,high,+102.41%,high,,missing,新能源业务（换电站）客户订单波动,high,[新能源业务（换电站）客户订单波动],mid,missing,002026_SZ_山东威达.md
002028,SZ,思源电气,+85.84%,mid,+53.74%,high,+26.94%,high,,missing,[全球电网投资上行周期 + 新能源装机爆发],mid,missing,002028_SZ_思源电气.md
002032,SZ,苏_泊_尔,+2.74%,mid,-6.58%,high,,missing,SEB集团出口订单稳定,high,[SEB集团出口订单稳定],mid,missing,002032_SZ_苏_泊_尔.md
002033,SZ,丽江股份,+18.88%,mid,,missing,,missing,玉龙雪山核心景区垄断地位,high,[玉龙雪山核心景区垄断地位],mid,missing,002033_SZ_丽江股份.md
002034,SZ,旺能环境,+2.55%,mid,+28.58%,high,,missing,存量项目精细化运营与技改提效,high,[存量项目精细化运营与技改提效],mid,missing,002034_SZ_旺能环境.md
002040,SZ,南_京_港,+4.14%,high,,missing,↑,low,,missing,油气化工装卸量大幅增长（+20.43%）,mid,missing,002040_SZ_南_京_港.md
002041,SZ,登海种业,,missing,+61.86%,high,+92.36%,high,存货跌价准备大幅减少,high,[存货跌价准备大幅减少],mid,missing,002041_SZ_登海种业.md
002045,SZ,国光电器,+0.08%,high,亏,low,,missing,汇率剧烈波动,high,[战略扩张与研发投入],mid,missing,002045_SZ_国光电器.md
002046,SZ,国机精工,+16.09%,mid,-69.77%,high,↓,low,风电轴承国产替代加速,high,[风电轴承国产替代加速],mid,low,002046_SZ_国机精工.md
002047,SZ,_ST宝鹰,,missing,盈,low,,missing,重大资产出售剥离亏损资产,high,[重大资产出售剥离亏损资产],high,missing,002047_SZ__ST宝鹰.md
002050,SZ,三花智控,+9.14%,high,,missing,,missing,新能源汽车热管理需求增长,high,[新能源汽车热管理需求增长],mid,missing,002050_SZ_三花智控.md
002051,SZ,中工国际,,missing,-12.42%,high,↑,low,国际工程承包业务生效合同额同比+62.9,high,[国际工程承包业务生效合同额同比+62.91%],mid,missing,002051_SZ_中工国际.md
002052,SZ,同洲电子,+15.27%,high,+158.9%,high,↑,low,电源产品出口爆发,high,[电源产品出口爆发],mid,low,002052_SZ_同洲电子.md
002053,SZ,云南能投,-14.74%,mid,-64.99%,high,,missing,来风减少与弃风弃光加剧,high,[来风减少与弃风弃光加剧],mid,missing,002053_SZ_云南能投.md
002054,SZ,德美化工,,missing,,missing,,missing,石油精细化学品业务大幅减亏,high,[石油精细化学品业务大幅减亏],mid,missing,002054_SZ_德美化工.md
002056,SZ,横店东磁,+29.27%,mid,,missing,,missing,光伏差异化战略与全球化布局,high,[光伏差异化战略与全球化布局],mid,missing,002056_SZ_横店东磁.md
002057,SZ,中钢天源,+15.5%,high,,missing,↑,low,电池级四氧化三锰产能扩张与下游需求增长,high,[电池级四氧化三锰产能扩张与下游需求增长],mid,missing,002057_SZ_中钢天源.md
002059,SZ,云南旅游,-36.96%,high,,missing,,missing,,missing,旅游文化科技板块收入锐减61.29%,mid,missing,002059_SZ_云南旅游.md
002060,SZ,广东建工,+0.89%,high,,missing,↓,low,地方政府化债政策导致现金流年度间分布不均,high,[地方政府化债政策导致现金流年度间分布不均],mid,missing,002060_SZ_广东建工.md
002062,SZ,宏润建设,+157.17%,mid,,missing,+157.17%,high,行业“国进民退”加剧,high,[行业“国进民退”加剧],mid,missing,002062_SZ_宏润建设.md
002063,SZ,远光软件,+8.08%,high,,missing,,missing,央企数智化转型与穿透式监管政策,high,[央企数智化转型与穿透式监管政策],mid,missing,002063_SZ_远光软件.md
002064,SZ,华峰化学,-10.15%,high,-16.32%,high,,missing,行业产能过剩与价格战,high,[行业产能过剩与价格战],mid,missing,002064_SZ_华峰化学.md
002066,SZ,瑞泰科技,+1.11%,mid,亏,low,,missing,下游需求萎缩,high,[应收账款回收放缓],mid,missing,002066_SZ_瑞泰科技.md
002067,SZ,景兴纸业,+9.72%,high,,missing,,missing,行业供需失衡加剧,high,[行业供需失衡加剧],mid,missing,002067_SZ_景兴纸业.md
002068,SZ,黑猫股份,,missing,,missing,↑,low,原料煤焦油价格剧烈震荡 + 成本传导机制,high,[原料煤焦油价格剧烈震荡 + 成本传导机制失灵],mid,missing,002068_SZ_黑猫股份.md
002069,SZ,獐子岛,+10.11%,mid,,missing,,missing,水产贸易业务大幅收缩,high,[水产贸易业务大幅收缩],mid,missing,002069_SZ_獐子岛.md
002072,SZ,凯瑞德,-25.89%,high,-1142.61%,high,,missing,煤炭价格中枢下移 & 审慎经营策略,high,[煤炭价格中枢下移 & 审慎经营策略],mid,missing,002072_SZ_凯瑞德.md
002075,SZ,沙钢股份,-8.98%,high,-8.98%,mid,↑,low,品种结构优化,high,[成本管控与降本增效],mid,low,002075_SZ_沙钢股份.md
002078,SZ,太阳纸业,+18.04%,mid,,missing,,missing,林浆纸一体化全产业链布局,high,[林浆纸一体化全产业链布局],mid,missing,002078_SZ_太阳纸业.md
002080,SZ,中材科技,,missing,+187.0%,high,,missing,,missing,锂电池隔膜产能释放与结构优化,mid,missing,002080_SZ_中材科技.md
002084,SZ,海鸥住工,-7.2%,mid,,missing,+57.45%,high,,missing,外销收入占比超63%,mid,missing,002084_SZ_海鸥住工.md
002090,SZ,金智科技,+44.59%,mid,-16.14%,high,↓,low,智慧能源业务高增长,high,[智慧能源业务高增长],mid,low,002090_SZ_金智科技.md
002091,SZ,江苏国泰,+2.42%,mid,+17.02%,high,,missing,,missing,全球化供应链布局（海外工厂）,mid,missing,002091_SZ_江苏国泰.md
002092,SZ,中泰化学,+30.78%,mid,,missing,,missing,甲醇项目全面投产,high,[甲醇项目全面投产],mid,missing,002092_SZ_中泰化学.md
002093,SZ,国脉科技,+15.96%,mid,+45.74%,high,,missing,产教深度融合,high,[教育业务规模扩大与费用控制],mid,missing,002093_SZ_国脉科技.md
002094,SZ,青岛金王,,missing,-39.66%,high,,missing,核心主业收入下滑,high,[核心主业收入下滑],high,missing,002094_SZ_青岛金王.md
002096,SZ,易普力,+15.05%,high,,missing,,missing,矿山工程业务规模扩张,high,[矿山工程业务规模扩张],mid,missing,002096_SZ_易普力.md
002097,SZ,山河智能,+7.92%,high,,missing,-39.42%,high,海外市场高增长,high,[非经常性损益驱动归母净利],mid,missing,002097_SZ_山河智能.md
002103,SZ,广博股份,+12.11%,mid,+8.13%,high,,missing,IP矩阵+文创潮玩转型,high,[IP矩阵+文创潮玩转型],mid,missing,002103_SZ_广博股份.md
002105,SZ,信隆健康,+22.68%,high,,missing,,missing,人民币升值与汇兑损失,high,[人民币升值与汇兑损失],mid,missing,002105_SZ_信隆健康.md
002106,SZ,莱宝高科,,missing,-34.54%,high,,missing,汇兑损失与财务费用激增,high,[汇兑损失与财务费用激增],mid,missing,002106_SZ_莱宝高科.md
002107,SZ,沃华医药,+12.31%,mid,,missing,,missing,,missing,沃华心可舒片集采降价约39%,mid,missing,002107_SZ_沃华医药.md
002108,SZ,沧州明珠,+43.5%,high,,missing,,missing,BOPA薄膜新产能集中释放,high,[BOPA薄膜新产能集中释放],mid,missing,002108_SZ_沧州明珠.md
002110,SZ,三钢闽光,,missing,盈,low,,missing,成本端跌幅大于钢价跌幅,high,[成本端跌幅大于钢价跌幅],mid,missing,002110_SZ_三钢闽光.md
002114,SZ,罗平锌电,,missing,,missing,↓,low,自有矿山停产与产量骤降,high,[自有矿山停产与产量骤降],mid,missing,002114_SZ_罗平锌电.md
002116,SZ,中国海诚,+12.29%,high,,missing,↓,low,工程总承包业务收入增长8.57%,high,[工程总承包业务收入增长8.57%],mid,missing,002116_SZ_中国海诚.md
002117,SZ,东港股份,+60.66%,mid,+12.0%,high,,missing,传统票证印刷市场萎缩,high,[传统票证印刷市场萎缩],mid,missing,002117_SZ_东港股份.md
002119,SZ,康强电子,+11.96%,high,+91.6%,high,,missing,半导体行业复苏,high,[蚀刻引线框架技术突破],mid,missing,002119_SZ_康强电子.md
002120,SZ,韵达股份,,missing,-38.79%,high,,missing,,missing,行业“反内卷”政策与监管趋严,mid,missing,002120_SZ_韵达股份.md
002121,SZ,科陆电子,-17.0%,mid,-17.0%,mid,,missing,储能业务爆发式增长,high,[储能业务爆发式增长],mid,missing,002121_SZ_科陆电子.md
002122,SZ,ST汇洲,+14.58%,high,盈,low,,missing,高端装备制造业务增长,high,[高端装备制造业务增长],mid,missing,002122_SZ_ST汇洲.md
002125,SZ,湘潭电化,,missing,+115.0%,high,,missing,原材料成本上涨,high,[锰酸锂销量增长但毛利下滑],high,missing,002125_SZ_湘潭电化.md
002126,SZ,银轮股份,+18.27%,high,,missing,,missing,新能源车渗透率提升,high,[新能源车渗透率提升],mid,missing,002126_SZ_银轮股份.md
002127,SZ,南极电商,+14.05%,mid,,missing,,missing,子公司时间互联业务战略调整及行业广告主预,high,[子公司时间互联业务战略调整及行业广告主预算下滑],high,missing,002127_SZ_南极电商.md
002128,SZ,电投能源,,missing,-47.47%,mid,,missing,铝产品量价齐升,high,[“煤-新能源-电-铝”循环经济],mid,missing,002128_SZ_电投能源.md
002129,SZ,TCL中环,+60.45%,high,,missing,-59.72%,high,光伏行业供需严重失衡,high,[光伏行业供需严重失衡],mid,missing,002129_SZ_TCL中环.md
002130,SZ,沃尔核材,+23.5%,high,,missing,,missing,AI算力需求爆发,high,[AI算力需求爆发],mid,missing,002130_SZ_沃尔核材.md
002136,SZ,安_纳_达,-10.39%,high,亏,low,,missing,钛白粉价格持续下跌,high,[钛白粉价格持续下跌],mid,missing,002136_SZ_安_纳_达.md
002137,SZ,实益达,+51.15%,mid,+284.17%,high,,missing,半导体封装设备部件需求增加,high,[半导体封装设备部件需求增加],mid,missing,002137_SZ_实益达.md
002138,SZ,顺络电子,+19.34%,high,,missing,,missing,AI服务器与数据中心需求爆发,high,[AI服务器与数据中心需求爆发],mid,missing,002138_SZ_顺络电子.md
002139,SZ,拓邦股份,,missing,-9.45%,mid,,missing,“四电一网+AI”技术平台跨行业复用,high,[“四电一网+AI”技术平台跨行业复用],mid,missing,002139_SZ_拓邦股份.md
002141,SZ,贤丰控股,,missing,盈,low,,missing,覆铜板业务规模扩张,high,[覆铜板业务规模扩张],mid,missing,002141_SZ_贤丰控股.md
002142,SZ,宁波银行,+2.55%,mid,+8.13%,high,,missing,,missing,市场利率下行、存量业务重定价及行业竞争加剧,mid,missing,002142_SZ_宁波银行.md
002144,SZ,宏达高科,+22.26%,mid,+20.15%,high,,missing,营收下滑但净利润大增,high,[营收下滑但净利润大增],high,missing,002144_SZ_宏达高科.md
002148,SZ,北纬科技,+35.58%,high,亏,low,-197.0%,high,物联网业务规模扩张,high,[物联网业务规模扩张],mid,low,002148_SZ_北纬科技.md
002150,SZ,正泰电源,-1.03%,mid,,missing,,missing,储能业务爆发式增长,high,[储能业务爆发式增长],mid,missing,002150_SZ_正泰电源.md
002151,SZ,北斗星通,+47.67%,high,,missing,,missing,智能驾驶与割草机市场爆发,high,[智能驾驶与割草机市场爆发],mid,missing,002151_SZ_北斗星通.md
002152,SZ,广电运通,+10.94%,high,,missing,+34.26%,high,“AI in all”战略深化,high,[“AI in all”战略深化],mid,missing,002152_SZ_广电运通.md
002153,SZ,石基信息,+5.35%,mid,,missing,+374.47%,high,云PMS产品DAYLIGHT PMS获万,high,[云PMS产品DAYLIGHT PMS获万豪、洲际等顶级客户,mid,missing,002153_SZ_石基信息.md
002154,SZ,报_喜_鸟,+7.99%,mid,-30.95%,high,,missing,战略性费用投入与品牌建设,high,[战略性费用投入与品牌建设],mid,missing,002154_SZ_报_喜_鸟.md
002155,SZ,湖南黄金,+80.26%,high,+75.77%,high,,missing,金价大幅上涨,high,[外购非标金业务扩张],mid,missing,002155_SZ_湖南黄金.md
002156,SZ,通富微电,+20.0%,high,,missing,+79.66%,high,AI算力需求爆发,high,[AI算力需求爆发],mid,missing,002156_SZ_通富微电.md
002158,SZ,汉钟精机,+6.09%,high,-45.66%,high,,missing,,missing,光伏行业产能过剩与价格竞争,mid,missing,002158_SZ_汉钟精机.md
002159,SZ,三特索道,-7.81%,high,+7.81%,high,,missing,,missing,降本增效与财务结构优化,mid,missing,002159_SZ_三特索道.md
002160,SZ,常铝股份,+3.22%,high,-25.19%,high,↓,low,新能源业务扩张,high,[原材料价格波动与下游压价],mid,low,002160_SZ_常铝股份.md
002162,SZ,悦心健康,,missing,,missing,,missing,,missing,,missing,missing,002162_SZ_悦心健康.md
002163,SZ,海南发展,,missing,,missing,,missing,光伏玻璃业务全面停产与破产清算,high,[光伏玻璃业务全面停产与破产清算],mid,missing,002163_SZ_海南发展.md
002165,SZ,红_宝_丽,+12.82%,high,,missing,,missing,环氧丙烷价格低位运行,high,[环氧丙烷价格低位运行],mid,missing,002165_SZ_红_宝_丽.md
002166,SZ,莱茵生物,+15.36%,high,-12.2%,mid,,missing,天然甜味剂需求爆发,high,[天然甜味剂需求爆发],mid,missing,002166_SZ_莱茵生物.md
002168,SZ,_ST惠程,,missing,,missing,,missing,收购锐恩医药,high,[核心主业持续亏损],high,missing,002168_SZ__ST惠程.md
002169,SZ,智光电气,+47.25%,high,盈,low,+299.0%,high,储能业务规模化扩张,high,[储能业务规模化扩张],mid,low,002169_SZ_智光电气.md
002170,SZ,芭田股份,+764.77%,mid,+122.79%,high,,missing,磷矿产能释放,high,[主动压缩贷款规模],mid,missing,002170_SZ_芭田股份.md
002172,SZ,澳洋健康,,missing,,missing,,missing,医康养护一体化布局,high,[医康养护一体化布局],mid,missing,002172_SZ_澳洋健康.md
002173,SZ,创新医疗,-4.26%,high,,missing,,missing,医保政策收紧,high,[次均费用下降趋势],mid,missing,002173_SZ_创新医疗.md
002177,SZ,御银股份,,missing,+18.7%,high,,missing,,missing,金融科技发展导致传统ATM需求萎缩,mid,missing,002177_SZ_御银股份.md
002178,SZ,延华智能,-22.37%,high,盈,low,↑,low,核心子公司出表,high,[加强应收账款管理],mid,low,002178_SZ_延华智能.md
002179,SZ,中航光电,,missing,-35.56%,high,,missing,防务领域需求阶段性放缓,high,[防务领域需求阶段性放缓],mid,missing,002179_SZ_中航光电.md
002180,SZ,奔图科技,+5.41%,high,-37.48%,mid,,missing,出售利盟（Lexmark）,high,[出售利盟（Lexmark）],mid,missing,002180_SZ_奔图科技.md
002181,SZ,粤_传_媒,+5.47%,high,+207.0%,high,,missing,,missing,香榭丽诉讼案执行回款,mid,missing,002181_SZ_粤_传_媒.md
002183,SZ,怡_亚_通,+53.48%,high,亏,low,,missing,低毛利分销业务收缩,high,[低毛利分销业务收缩],mid,missing,002183_SZ_怡_亚_通.md
002185,SZ,华天科技,+19.03%,high,+499.77%,high,,missing,半导体行业景气度回升,high,[半导体行业景气度回升],mid,missing,002185_SZ_华天科技.md
002186,SZ,全_聚_德,+38.0%,mid,-77.29%,high,,missing,消费疲软与竞争加剧,high,[消费疲软与竞争加剧],mid,missing,002186_SZ_全_聚_德.md
002187,SZ,广百股份,,missing,,missing,↓,low,,missing,,missing,missing,002187_SZ_广百股份.md
002190,SZ,成飞集成,,missing,-67.53%,mid,+89.66%,high,航空零部件业务订单交付转好,high,[航空零部件业务订单交付转好],mid,missing,002190_SZ_成飞集成.md
002192,SZ,融捷股份,+49.71%,high,,missing,,missing,原矿外运委外选矿,high,[原矿外运委外选矿],mid,missing,002192_SZ_融捷股份.md
002196,SZ,方正电机,+17.82%,high,盈,low,-63.45%,high,新能源驱动电机出货量创历史新高,high,[新能源驱动电机出货量创历史新高],mid,low,002196_SZ_方正电机.md
002200,SZ,_ST交投,,missing,,missing,,missing,司法重整成功,high,[控股股东业务输血],mid,missing,002200_SZ__ST交投.md
002201,SZ,九鼎新材,+26.14%,high,,missing,,missing,风电叶片业务产能释放,high,[风电叶片业务产能释放],mid,missing,002201_SZ_九鼎新材.md
002204,SZ,大连重工,+21.47%,mid,,missing,+33.58%,high,风电/新能源设备需求高景气,high,[风电/新能源设备需求高景气],mid,missing,002204_SZ_大连重工.md
002205,SZ,国统股份,,missing,,missing,-895.0%,high,国家水网建设规划落地,high,[国家水网建设规划落地],mid,missing,002205_SZ_国统股份.md
002206,SZ,海_利_得,+2.66%,mid,+25.28%,high,,missing,越南基地满产满销,high,[越南基地满产满销],mid,missing,002206_SZ_海_利_得.md
002208,SZ,合肥城建,+31.26%,mid,,missing,+69495.42%,high,,missing,,missing,missing,002208_SZ_合肥城建.md
002211,SZ,ST宏达,+36.0%,mid,,missing,,missing,硅橡胶主业收入增长36%,high,[硅橡胶主业收入增长36%],mid,missing,002211_SZ_ST宏达.md
002212,SZ,天融信,+57.95%,mid,+234.93%,high,,missing,AI+安全产品创新,high,[AI+安全产品创新],mid,missing,002212_SZ_天融信.md
002213,SZ,大为股份,+25.2%,mid,,missing,,missing,,missing,,missing,missing,002213_SZ_大为股份.md
002214,SZ,_ST大立,+53.24%,high,,missing,,missing,民品业务增长+成本费用控制,high,[民品业务增长+成本费用控制],mid,missing,002214_SZ__ST大立.md
002217,SZ,合力泰,+27.02%,high,-98.38%,mid,,missing,债务重整完成，财务负担大幅减轻,high,[债务重整完成，财务负担大幅减轻],mid,missing,002217_SZ_合力泰.md
002219,SZ,新里程,+30.0%,high,-416.0%,high,,missing,独一味系列产品中选全国集采,high,[独一味系列产品中选全国集采],mid,missing,002219_SZ_新里程.md
002226,SZ,江南化工,+10.0%,mid,,missing,,missing,并购整合扩张产能,high,[并购整合扩张产能],mid,missing,002226_SZ_江南化工.md
002227,SZ,_ST特迅,+21.17%,mid,盈,low,,missing,核心工业电源业务收入大幅下滑,high,[核心工业电源业务收入大幅下滑],high,missing,002227_SZ__ST特迅.md
002229,SZ,鸿博股份,+11.86%,mid,,missing,↓,low,AI算力业务规模化落地,high,[AI算力业务规模化落地],mid,missing,002229_SZ_鸿博股份.md
002233,SZ,塔牌集团,+13.01%,high,+17.87%,high,,missing,煤炭等原燃料价格下降 + 极致降本,high,[煤炭等原燃料价格下降 + 极致降本],mid,missing,002233_SZ_塔牌集团.md
002234,SZ,民和股份,,missing,,missing,,missing,白羽肉鸡行业供给过剩、价格低迷,high,[白羽肉鸡行业供给过剩、价格低迷],mid,missing,002234_SZ_民和股份.md
002236,SZ,大华股份,,missing,+16.28%,high,,missing,星汉大模型全面升级与行业落地,high,[星汉大模型全面升级与行业落地],mid,missing,002236_SZ_大华股份.md
002237,SZ,恒邦股份,+48.28%,mid,+48.0%,high,↓,low,威海恒邦项目投产,high,[威海恒邦项目投产],mid,low,002237_SZ_恒邦股份.md
002238,SZ,天威视讯,+2.77%,mid,盈,low,,missing,IDC机房资产减值,high,[IDC机房资产减值],high,missing,002238_SZ_天威视讯.md
002240,SZ,盛新锂能,,missing,-16.54%,mid,-27.86%,high,锂盐价格先抑后扬，全年均价同比下跌,high,[锂盐价格先抑后扬，全年均价同比下跌],mid,missing,002240_SZ_盛新锂能.md
002241,SZ,歌尔股份,-19.45%,mid,+47.85%,high,,missing,AI智能眼镜爆发,high,[AI智能眼镜爆发],mid,missing,002241_SZ_歌尔股份.md
002242,SZ,九阳股份,+78.41%,mid,+78.41%,high,↑,low,营收下滑7.23%,high,[营收下滑7.23%],high,low,002242_SZ_九阳股份.md
002243,SZ,力合科创,+11.71%,high,-27.95%,high,,missing,核心主业（新材料）增长,high,[核心主业（新材料）增长],mid,missing,002243_SZ_力合科创.md
002244,SZ,滨江集团,,missing,-16.87%,high,,missing,区域聚焦战略,high,[销售回款与结算节奏错配],mid,missing,002244_SZ_滨江集团.md
002245,SZ,蔚蓝锂芯,+39.0%,high,,missing,,missing,锂电池出货量同比+52%,high,[锂电池出货量同比+52%],mid,missing,002245_SZ_蔚蓝锂芯.md
002246,SZ,北化股份,,missing,,missing,,missing,,missing,2026-04-23,mid,missing,002246_SZ_北化股份.md
002247,SZ,聚力文化,+5.5%,mid,+22.88%,high,,missing,房地产下行周期,high,[成本控制与产品结构优化],mid,missing,002247_SZ_聚力文化.md
002248,SZ,华东数控,+46.06%,mid,+296.9%,high,+96.86%,high,,missing,,missing,missing,002248_SZ_华东数控.md
002249,SZ,大洋电机,+4.35%,mid,,missing,,missing,全球化产能布局,high,[家电“以旧换新”政策],mid,missing,002249_SZ_大洋电机.md
002250,SZ,联化科技,+26.0%,mid,,missing,,missing,植保行业去库存周期结束,high,[植保行业去库存周期结束],mid,missing,002250_SZ_联化科技.md
002251,SZ,步步高,+50.38%,high,-90.69%,high,↑,low,“胖东来”调改策略深化,high,[“胖东来”调改策略深化],mid,low,002251_SZ_步步高.md
002252,SZ,上海莱士,-10.13%,high,-10.13%,mid,↓,low,,missing,[采浆量增长8%+南岳生物并表],mid,missing,002252_SZ_上海莱士.md
002254,SZ,泰和新材,,missing,,missing,,missing,氨纶行业供需严重失衡,high,[氨纶行业供需严重失衡],mid,missing,002254_SZ_泰和新材.md
002255,SZ,海陆重工,+257.18%,mid,+10.5%,high,,missing,,missing,收入结构变化：锅炉收入下降36.88%，核电收入增长257.,mid,missing,002255_SZ_海陆重工.md
002256,SZ,兆新股份,+43.4%,high,盈,low,,missing,新能源业务爆发式增长,high,[新能源业务爆发式增长],mid,missing,002256_SZ_兆新股份.md
002259,SZ,升达林业,+36.45%,mid,+998.75%,high,↑,low,重大诉讼和解与判决,high,[重大诉讼和解与判决],mid,low,002259_SZ_升达林业.md
002262,SZ,恩华药业,,missing,,missing,,missing,研发投入持续高增长,high,[研发投入持续高增长],mid,missing,002262_SZ_恩华药业.md
002265,SZ,建设工业,+3.57%,high,,missing,,missing,军品订单交付,high,[汽车零部件销量增长],mid,missing,002265_SZ_建设工业.md
002268,SZ,电科网安,+26.18%,mid,-63.55%,high,,missing,新签合同集中在Q3/Q4,high,[新签合同集中在Q3/Q4],mid,missing,002268_SZ_电科网安.md
002270,SZ,华明装备,+16.05%,mid,+15.27%,high,,missing,全球能源转型与电网投资,high,[全球能源转型与电网投资],mid,missing,002270_SZ_华明装备.md
002271,SZ,东方雨虹,+62.13%,mid,,missing,,missing,下游需求萎缩,high,[渠道变革与合伙人优先],mid,missing,002271_SZ_东方雨虹.md
002272,SZ,川润股份,+40.8%,mid,-55.97%,mid,,missing,,missing,全球能源结构转型及风电、光伏装机容量快速增长,mid,missing,002272_SZ_川润股份.md
002273,SZ,水晶光电,+13.3%,mid,,missing,,missing,北美大客户涂布滤光片量产,high,[北美大客户涂布滤光片量产],mid,missing,002273_SZ_水晶光电.md
002274,SZ,华昌化工,,missing,,missing,↓,low,产品价格大幅下跌,high,[产品价格大幅下跌],mid,missing,002274_SZ_华昌化工.md
002278,SZ,神开股份,+19.11%,high,+85.35%,high,,missing,国家能源安全战略驱动,high,[国家能源安全战略驱动],mid,missing,002278_SZ_神开股份.md
002279,SZ,久其软件,+12.81%,mid,盈,low,,missing,数字传播业务收入确认方式变更,high,[数字传播业务收入确认方式变更],mid,missing,002279_SZ_久其软件.md
002282,SZ,博深股份,+11.74%,mid,-19.33%,high,,missing,海外关税与客户去库存,high,[海外关税与客户去库存],mid,missing,002282_SZ_博深股份.md
002283,SZ,天润工业,+53.0%,mid,,missing,,missing,,missing,下游数据中心、分布式电站等对发电用发动机需求爆发,mid,missing,002283_SZ_天润工业.md
002285,SZ,世联行,,missing,,missing,↓,low,房地产市场持续调整，交易量萎缩,high,[房地产市场持续调整，交易量萎缩],mid,missing,002285_SZ_世联行.md
002286,SZ,保龄宝,+34.48%,mid,,missing,,missing,减糖消费趋势与政策红利,high,[减糖消费趋势与政策红利],mid,missing,002286_SZ_保龄宝.md
002287,SZ,奇正藏药,+4.49%,mid,+59.76%,high,+59.76%,high,,missing,核心产品消痛贴膏稳居骨骼肌肉系统外用贴膏第一,mid,missing,002287_SZ_奇正藏药.md
002290,SZ,禾盛新材,+7.17%,mid,+66.86%,high,,missing,家电以旧换新政策红利,high,[家电以旧换新政策红利],mid,missing,002290_SZ_禾盛新材.md
002293,SZ,罗莱生活,+6.13%,high,,missing,,missing,线上渠道高速增长,high,[线上渠道高速增长],mid,missing,002293_SZ_罗莱生活.md
002294,SZ,信立泰,+8.48%,high,,missing,,missing,创新药收入占比突破50%,high,[创新药收入占比突破50%],mid,missing,002294_SZ_信立泰.md
002297,SZ,博云新材,+27.77%,high,盈,low,+70.5%,high,硬质合金板块量价齐升,high,[硬质合金板块量价齐升],mid,low,002297_SZ_博云新材.md
002298,SZ,中电鑫龙,,missing,,missing,,missing,智慧城市业务客户支付能力下降,high,[智慧城市业务客户支付能力下降],mid,missing,002298_SZ_中电鑫龙.md
002299,SZ,圣农发展,+15.73%,mid,+22.27%,high,,missing,全产业链闭环管理,high,[全产业链闭环管理],mid,missing,002299_SZ_圣农发展.md
002300,SZ,太阳电缆,-12.31%,high,,missing,,missing,铜价高位波动 & 套期保值,high,[铜价高位波动 & 套期保值],mid,missing,002300_SZ_太阳电缆.md
002301,SZ,齐心集团,+12.16%,high,,missing,+69.9%,high,,missing,聚焦央企/央管金融机构等优质大客户,mid,missing,002301_SZ_齐心集团.md
002302,SZ,西部建设,+154.0%,mid,,missing,-200.22%,high,,missing,房地产投资持续下滑，基础设施投资增速放缓,high,missing,002302_SZ_西部建设.md
002303,SZ,美盈森,,missing,,missing,,missing,海外产能扩张与客户绑定,high,[海外产能扩张与客户绑定],mid,missing,002303_SZ_美盈森.md
002306,SZ,_ST云网,+12.61%,high,,missing,,missing,光伏铝边框业务放量,high,[光伏铝边框业务放量],mid,missing,002306_SZ__ST云网.md
002307,SZ,北新路桥,+10.79%,high,,missing,,missing,新签合同额维持高位,high,[新签合同额维持高位],mid,missing,002307_SZ_北新路桥.md
002309,SZ,中利集团,+5.88%,mid,,missing,,missing,破产重整完成，控股股东变更为常熟光晟（建,high,[破产重整完成，控股股东变更为常熟光晟（建发股份旗下）],mid,missing,002309_SZ_中利集团.md
002313,SZ,日海智能,+3.82%,mid,-34.03%,mid,+328.72%,high,,missing,,missing,missing,002313_SZ_日海智能.md
002315,SZ,焦点科技,+116.94%,mid,+24.01%,high,,missing,AI麦可商业化加速,high,[AI麦可商业化加速],mid,missing,002315_SZ_焦点科技.md
002316,SZ,亚联发展,-3.45%,high,,missing,↑,low,智慧专网业务收入下滑,high,[智慧专网业务收入下滑],high,missing,002316_SZ_亚联发展.md
002319,SZ,乐通股份,+20.11%,mid,,missing,-116.07%,high,,missing,行业需求放缓与竞争加剧,mid,missing,002319_SZ_乐通股份.md
002320,SZ,海峡股份,-16.19%,high,-44.13%,high,,missing,收购中远海运客运,high,[收购中远海运客运],mid,missing,002320_SZ_海峡股份.md
002321,SZ,华英农业,+15.15%,high,亏,low,+88.14%,high,,missing,羽绒业务量价齐升** ->,mid,missing,002321_SZ_华英农业.md
002324,SZ,普利特,,missing,,missing,↑,low,新能源汽车渗透率提升+国产汽车品牌崛起,high,[新能源汽车渗透率提升+国产汽车品牌崛起],mid,missing,002324_SZ_普利特.md
002330,SZ,得利斯,,missing,盈,low,,missing,扣非净利润持续为负，依赖非经常性损益扭亏,high,[扣非净利润持续为负，依赖非经常性损益扭亏],mid,missing,002330_SZ_得利斯.md
002331,SZ,皖通科技,+24.75%,high,-40.0%,mid,↓,low,市场竞争加剧与毛利率下滑,high,[市场竞争加剧与毛利率下滑],high,low,002331_SZ_皖通科技.md
002332,SZ,仙琚制药,+7.3%,mid,+13.21%,high,,missing,集采深化压降存量制剂收入,high,[集采深化压降存量制剂收入],mid,missing,002332_SZ_仙琚制药.md
002333,SZ,罗普斯金,+29.18%,mid,+20.33%,high,,missing,战略聚焦核心主业，剥离低效贸易,high,[战略聚焦核心主业，剥离低效贸易],mid,missing,002333_SZ_罗普斯金.md
002334,SZ,英威腾,+30.71%,high,+9.54%,high,,missing,新能源商用车战略聚焦,high,[新能源商用车战略聚焦],mid,missing,002334_SZ_英威腾.md
002337,SZ,赛象科技,+2.22%,mid,+23.47%,high,↑,low,出口业务爆发,high,[营收下降但利润上升],mid,low,002337_SZ_赛象科技.md
002338,SZ,奥普光电,+7.27%,high,,missing,↑,low,国防军工刚性需求,high,[国防军工刚性需求],mid,missing,002338_SZ_奥普光电.md
002339,SZ,积成电子,+18.66%,high,-36.2%,high,,missing,电网投资高景气,high,[行业竞争加剧导致毛利率承压],mid,missing,002339_SZ_积成电子.md
002340,SZ,格林美,,missing,盈,low,,missing,印尼镍资源项目全面达产,high,[印尼镍资源项目全面达产],mid,missing,002340_SZ_格林美.md
002343,SZ,慈文传媒,,missing,,missing,,missing,,missing,,missing,missing,002343_SZ_慈文传媒.md
002344,SZ,海宁皮城,+5.05%,mid,,missing,-5.05%,high,消费需求疲软与行业竞争加剧,high,[消费需求疲软与行业竞争加剧],mid,missing,002344_SZ_海宁皮城.md
002345,SZ,潮宏基,,missing,,missing,,missing,加盟渠道高速扩张,high,[加盟渠道高速扩张],mid,missing,002345_SZ_潮宏基.md
002347,SZ,泰尔股份,+27.95%,high,-750.71%,high,↑,low,激光业务规模效应不足,high,[激光业务规模效应不足],mid,low,002347_SZ_泰尔股份.md
002351,SZ,漫步者,+0.28%,mid,-4.06%,high,,missing,,missing,耳机业务收入下滑18.34%,high,missing,002351_SZ_漫步者.md
002352,SZ,顺丰控股,,missing,盈,low,,missing,激活经营机制与市场策略,high,[激活经营机制与市场策略],mid,missing,002352_SZ_顺丰控股.md
002354,SZ,天娱数科,+31.57%,high,盈,low,,missing,数据流量业务规模扩张,high,[数据流量业务规模扩张],mid,missing,002354_SZ_天娱数科.md
002356,SZ,赫美集团,,missing,,missing,,missing,能源业务并表效应,high,[能源业务并表效应],mid,missing,002356_SZ_赫美集团.md
002364,SZ,中恒电气,+16.1%,mid,+38.73%,high,,missing,AIDC算力基建爆发,high,[AIDC算力基建爆发],mid,missing,002364_SZ_中恒电气.md
002365,SZ,永安药业,+102.6%,mid,,missing,,missing,牛磺酸价格持续承压,high,[牛磺酸价格持续承压],mid,missing,002365_SZ_永安药业.md
002366,SZ,融发核电,-10.0%,high,亏,low,↑,low,行业短期政策扰动,high,[行业短期政策扰动],mid,low,002366_SZ_融发核电.md
002367,SZ,康力电梯,+8.93%,mid,+90.38%,high,,missing,,missing,,missing,missing,002367_SZ_康力电梯.md
002370,SZ,亚太药业,-20.25%,high,-20.25%,mid,,missing,出售子公司兴亚药业100%股权,high,[出售子公司兴亚药业100%股权],mid,missing,002370_SZ_亚太药业.md
002371,SZ,北方华创,+50.0%,high,-1.77%,high,,missing,AI算力需求爆发 + 国产替代加速,high,[AI算力需求爆发 + 国产替代加速],mid,missing,002371_SZ_北方华创.md
002372,SZ,伟星新材,-14.12%,high,,missing,,missing,房地产下行周期,high,[零售高端品牌定位],mid,missing,002372_SZ_伟星新材.md
002373,SZ,千方科技,+13.35%,high,盈,low,↑,low,主动放弃低质量集成项目,high,[主动放弃低质量集成项目],mid,low,002373_SZ_千方科技.md
002374,SZ,中锐股份,,missing,,missing,,missing,贵州地方政府长期拖欠工程款,high,[贵州地方政府长期拖欠工程款],mid,missing,002374_SZ_中锐股份.md
002376,SZ,新北洋,+17.34%,high,,missing,+33.2%,high,海外市场突破,high,[物流分拣业务爆发],mid,missing,002376_SZ_新北洋.md
002377,SZ,国创高新,,missing,盈,low,,missing,收购宁波国沛,high,[降本增效与费用管控],mid,missing,002377_SZ_国创高新.md
002378,SZ,章源钨业,+41.62%,high,+68.82%,high,,missing,钨精矿价格大幅上涨,high,[钨精矿价格大幅上涨],mid,missing,002378_SZ_章源钨业.md
002379,SZ,宏桥控股,,missing,,missing,,missing,产能天花板与供需缺口,high,[产能天花板与供需缺口],mid,missing,002379_SZ_宏桥控股.md
002383,SZ,合众思壮,+21.97%,mid,,missing,+153.22%,high,海外市场高增长,high,[降本增效与组织优化],mid,missing,002383_SZ_合众思壮.md
002384,SZ,东山精密,,missing,,missing,,missing,AI算力需求爆发,high,[AI算力需求爆发],mid,missing,002384_SZ_东山精密.md
002385,SZ,大北农,+2.74%,mid,,missing,-66.62%,high,生猪价格低迷及资产减值,high,[生猪价格低迷及资产减值],high,missing,002385_SZ_大北农.md
002386,SZ,天原股份,+15.12%,mid,盈,low,↓,low,出售黄磷产能指标,high,[出售黄磷产能指标],mid,low,002386_SZ_天原股份.md
002389,SZ,航天彩虹,+27.12%,mid,-1.55%,mid,↓,low,国内装备订单集中落地,high,[国内装备订单集中落地],mid,low,002389_SZ_航天彩虹.md
002390,SZ,信邦制药,+7.64%,mid,+18.65%,high,,missing,,missing,人口老龄化与健康需求增长,mid,missing,002390_SZ_信邦制药.md
002391,SZ,长青股份,+6.57%,mid,盈,low,+36.93%,high,沿江厂区腾退搬迁项目投产，产能释放,high,[沿江厂区腾退搬迁项目投产，产能释放],mid,low,002391_SZ_长青股份.md
002392,SZ,北京利尔,,missing,+25.86%,high,-15.88%,high,全产业链布局（矿山-原料-制品-回收）,high,[全产业链布局（矿山-原料-制品-回收）],mid,missing,002392_SZ_北京利尔.md
002394,SZ,联发股份,+9.53%,mid,+50.68%,high,,missing,金融资产公允价值变动,high,[金融资产公允价值变动],mid,missing,002394_SZ_联发股份.md
002395,SZ,双象股份,+57.19%,mid,+67.86%,high,↓,low,重庆光学PMMA/MS产能释放,high,[重庆光学PMMA/MS产能释放],mid,low,002395_SZ_双象股份.md
002396,SZ,星网锐捷,+26.74%,high,-532.55%,mid,+532.55%,high,,missing,AI算力网络需求爆发,mid,missing,002396_SZ_星网锐捷.md
002397,SZ,梦洁股份,+116.74%,mid,+79.58%,high,↑,low,高端品牌战略与产品升级,high,[高端品牌战略与产品升级],mid,low,002397_SZ_梦洁股份.md
002399,SZ,海普瑞,+3.75%,high,-45.96%,high,,missing,制剂业务全球销量两位数增长,high,[制剂业务全球销量两位数增长],mid,missing,002399_SZ_海普瑞.md
002400,SZ,省广集团,+3.37%,high,,missing,,missing,营收规模扩张但毛利率承压,high,[营收规模扩张但毛利率承压],mid,missing,002400_SZ_省广集团.md
002401,SZ,中远海科,+34.16%,high,-74.5%,high,,missing,数字城市与交通业务萎缩,high,[数字城市与交通业务萎缩],mid,missing,002401_SZ_中远海科.md
002404,SZ,嘉欣丝绸,+22.85%,high,+56.0%,high,,missing,海外供应链布局与客户结构优化,high,[海外供应链布局与客户结构优化],mid,missing,002404_SZ_嘉欣丝绸.md
002406,SZ,远东传动,+22.9%,high,,missing,,missing,商用车行业复苏,high,[新能源渗透率提升],mid,missing,002406_SZ_远东传动.md
002407,SZ,多氟多,+76.84%,high,,missing,-57.12%,high,行业产能出清，头部集中,high,[行业产能出清，头部集中],mid,missing,002407_SZ_多氟多.md
002408,SZ,齐翔腾达,+9.01%,mid,-5.75%,mid,,missing,行业产能过剩，产品价格承压,high,[行业产能过剩，产品价格承压],mid,missing,002408_SZ_齐翔腾达.md
002410,SZ,广联达,+18.18%,mid,+61.77%,high,,missing,数字成本业务SaaS续费率稳中有升,high,[数字成本业务SaaS续费率稳中有升],mid,missing,002410_SZ_广联达.md
002413,SZ,雷科防务,+40.54%,mid,-55.58%,mid,,missing,,missing,国防预算持续增长，2025年增长7.2%，2026年预计增长,mid,missing,002413_SZ_雷科防务.md
002414,SZ,高德红外,+72.5%,mid,盈,low,,missing,型号项目订单恢复交付,high,[型号项目订单恢复交付],mid,missing,002414_SZ_高德红外.md
002415,SZ,海康威视,,missing,,missing,,missing,,missing,,missing,missing,002415_SZ_海康威视.md
002421,SZ,达实智能,-36.15%,high,,missing,,missing,下游需求疲软 + 项目结算核减,high,[下游需求疲软 + 项目结算核减],mid,missing,002421_SZ_达实智能.md
002422,SZ,科伦药业,,missing,-42.0%,high,,missing,终端需求下降,high,[集采降价与未中标],mid,missing,002422_SZ_科伦药业.md
002423,SZ,中粮资本,+9.11%,mid,-55.57%,mid,,missing,寿险业务加速转型,high,[寿险业务加速转型],mid,missing,002423_SZ_中粮资本.md
002426,SZ,胜利精密,+32.86%,high,,missing,,missing,汽车零部件业务高增长,high,[汽车零部件业务高增长],mid,missing,002426_SZ_胜利精密.md
002428,SZ,云南锗业,+38.89%,high,-62.06%,high,,missing,,missing,[锗价高位震荡回落，成本增速超过售价],mid,missing,002428_SZ_云南锗业.md
002430,SZ,杭氧股份,+9.96%,high,,missing,,missing,气体业务规模扩张,high,[气体业务规模扩张],mid,missing,002430_SZ_杭氧股份.md
002431,SZ,ST棕榈,-34.16%,high,-34.16%,mid,,missing,营收大幅下滑,high,[高额财务费用侵蚀利润],mid,missing,002431_SZ_ST棕榈.md
002434,SZ,万里扬,,missing,-141.67%,mid,,missing,乘用车市场新能源渗透率提升,high,[乘用车市场新能源渗透率提升],mid,missing,002434_SZ_万里扬.md
002436,SZ,兴森科技,+23.68%,high,-1.38%,high,↓,low,AI基础设施建设驱动PCB行业强势反弹,high,[AI基础设施建设驱动PCB行业强势反弹],mid,low,002436_SZ_兴森科技.md
002438,SZ,江苏神通,+9.11%,mid,-3.21%,high,,missing,核电业务高景气,high,[冶金行业需求结构变化],mid,missing,002438_SZ_江苏神通.md
002439,SZ,启明星辰,-29.49%,mid,,missing,↑,low,主动收缩低毛利集成业务,high,[主动收缩低毛利集成业务],mid,missing,002439_SZ_启明星辰.md
002443,SZ,金洲管道,-13.68%,high,-31.6%,high,,missing,房地产下行拖累,high,[行业竞争加剧与价格战],mid,missing,002443_SZ_金洲管道.md
002448,SZ,中原内配,+18.49%,high,,missing,,missing,重卡市场爆发 + 制动鼓轻量化趋势,high,[重卡市场爆发 + 制动鼓轻量化趋势],mid,missing,002448_SZ_中原内配.md
002449,SZ,国星光电,-5.51%,high,,missing,,missing,传统LED封装市场需求减弱,high,[传统LED封装市场需求减弱],mid,missing,002449_SZ_国星光电.md
002451,SZ,摩恩电气,+17.19%,high,+101.0%,high,,missing,电磁线业务高增长,high,[电磁线业务高增长],mid,missing,002451_SZ_摩恩电气.md
002454,SZ,松芝股份,+12.64%,mid,,missing,,missing,新能源车渗透率提升+商用车电动化,high,[新能源车渗透率提升+商用车电动化],mid,missing,002454_SZ_松芝股份.md
002456,SZ,欧菲光,+14.3%,high,-28.69%,high,↑,low,新领域业务爆发式增长,high,[新领域业务爆发式增长],mid,low,002456_SZ_欧菲光.md
002457,SZ,青龙管业,-6.84%,high,-27.68%,mid,↑,low,水利投资高位回落,high,[水利投资高位回落],mid,low,002457_SZ_青龙管业.md
002458,SZ,益生股份,,missing,,missing,,missing,,missing,海外禽流感导致祖代种鸡引种受限,mid,missing,002458_SZ_益生股份.md
002460,SZ,赣锋锂业,+39.63%,mid,盈,low,,missing,锂价触底反弹,high,[低成本资源项目投产],mid,missing,002460_SZ_赣锋锂业.md
002461,SZ,珠江啤酒,+10.98%,mid,+11.54%,high,,missing,,missing,产品结构高端化** ->,mid,missing,002461_SZ_珠江啤酒.md
002463,SZ,沪电股份,+42.0%,high,+47.7%,high,,missing,,missing,盈利能力：** ROE 高达,mid,missing,002463_SZ_沪电股份.md
002465,SZ,海格通信,-10.81%,high,-21.15%,mid,,missing,行业客户调整与订单延迟,high,[行业客户调整与订单延迟],mid,missing,002465_SZ_海格通信.md
002467,SZ,二六三,+3.25%,mid,亏,low,-35.76%,high,核心业务萎缩,high,[全球化网络逆势增长],mid,low,002467_SZ_二六三.md
002469,SZ,三维化学,,missing,-93.0%,mid,-93.0%,high,工程总承包业务爆发,high,[工程总承包业务爆发],mid,missing,002469_SZ_三维化学.md
002470,SZ,金正大,+19.07%,high,-95.06%,mid,,missing,磷肥及原料化肥贸易量价齐升,high,[磷肥及原料化肥贸易量价齐升],mid,missing,002470_SZ_金正大.md
002471,SZ,中超控股,-5.81%,high,,missing,+434.0%,high,原材料成本占比超80%,high,[原材料成本占比超80%],mid,missing,002471_SZ_中超控股.md
002474,SZ,榕基软件,+19.5%,mid,,missing,+39.12%,high,信创与AI战略转型,high,[信创与AI战略转型],mid,missing,002474_SZ_榕基软件.md
002478,SZ,常宝股份,+3.45%,high,-23.96%,high,,missing,产品结构升级,high,[外汇套保与汇率波动],mid,missing,002478_SZ_常宝股份.md
002480,SZ,新筑股份,+3.39%,mid,,missing,↑,low,轨道交通订单骤减,high,[轨道交通订单骤减],mid,missing,002480_SZ_新筑股份.md
002481,SZ,双塔食品,-13.37%,high,-65.48%,high,,missing,豌豆原料价格波动,high,[豌豆原料价格波动],mid,missing,002481_SZ_双塔食品.md
002482,SZ,广田集团,,missing,盈,low,+178.27%,high,控股股东特区建工集团注入资源,high,[控股股东特区建工集团注入资源],mid,missing,002482_SZ_广田集团.md
002484,SZ,江海股份,+14.06%,high,,missing,+33.92%,high,铝电解电容器全产业链优势,high,[铝电解电容器全产业链优势],mid,missing,002484_SZ_江海股份.md
002487,SZ,大金重工,+74.0%,mid,+133.0%,high,,missing,欧洲海风市场高景气,high,[欧洲海风市场高景气],mid,missing,002487_SZ_大金重工.md
002489,SZ,浙江永强,,missing,+14.19%,high,,missing,证券投资公允价值变动,high,[证券投资公允价值变动],mid,missing,002489_SZ_浙江永强.md
002490,SZ,山东墨龙,+29.88%,high,盈,low,↑,low,海外市场扩张,high,[非经常性损益驱动],mid,low,002490_SZ_山东墨龙.md
002492,SZ,恒基达鑫,+12.09%,mid,-198.86%,mid,,missing,,missing,按信用风险特征组合计提应收款项坏账准备增加,high,missing,002492_SZ_恒基达鑫.md
002494,SZ,华斯股份,+56.08%,mid,-19.85%,mid,+298.53%,high,,missing,裘皮产品销售收入增长56.08%,mid,missing,002494_SZ_华斯股份.md
002495,SZ,佳隆股份,+65.0%,mid,-37.83%,mid,,missing,核心产品鸡粉/鸡精收入下滑,high,[核心产品鸡粉/鸡精收入下滑],high,missing,002495_SZ_佳隆股份.md
002496,SZ,_ST辉丰,+17.39%,high,盈,low,,missing,生物农业转型（小分子功能肥）,high,[生物农业转型（小分子功能肥）],mid,missing,002496_SZ__ST辉丰.md
002507,SZ,涪陵榨菜,,missing,,missing,,missing,,missing,消费升级与健康化趋势,mid,missing,002507_SZ_涪陵榨菜.md
002510,SZ,天汽模,+4.7%,mid,-92.33%,mid,↑,low,核心客户蔚来汽车销量波动,high,[核心客户蔚来汽车销量波动],mid,low,002510_SZ_天汽模.md
002511,SZ,中顺洁柔,+9.63%,mid,+312.8%,high,,missing,纸浆价格回落,high,[产品高端化与品类多元化],mid,missing,002511_SZ_中顺洁柔.md
002513,SZ,蓝丰生化,+30.61%,high,,missing,↑,low,光伏业务收入高增,high,[光伏业务收入高增],mid,missing,002513_SZ_蓝丰生化.md
002516,SZ,旷达科技,+10.92%,mid,+39.43%,high,,missing,新能源汽车渗透率提升 + 深度绑定头部车,high,[新能源汽车渗透率提升 + 深度绑定头部车企],mid,missing,002516_SZ_旷达科技.md
002519,SZ,银河电子,,missing,,missing,,missing,子公司同智机电被禁入全军采购,high,[子公司同智机电被禁入全军采购],mid,missing,002519_SZ_银河电子.md
002524,SZ,光正眼科,+27.65%,high,,missing,+80.57%,high,,missing,眼科主业收入占比达85.7%，但营收微降0.86%,mid,missing,002524_SZ_光正眼科.md
002526,SZ,山东矿机,+56.77%,mid,+8.07%,high,↓,low,煤炭行业智能化转型,high,[煤炭行业智能化转型],mid,low,002526_SZ_山东矿机.md
002527,SZ,新时达,+12.56%,mid,盈,low,,missing,,missing,[海尔集团入主]** ->,mid,missing,002527_SZ_新时达.md
002530,SZ,金财互联,+24.9%,mid,盈,low,,missing,战略聚焦热处理主业，剥离亏损数字化业务,high,[战略聚焦热处理主业，剥离亏损数字化业务],high,missing,002530_SZ_金财互联.md
002531,SZ,天顺风能,+220.0%,high,,missing,+40.0%,high,“陆转海”战略转型,high,[“陆转海”战略转型],mid,missing,002531_SZ_天顺风能.md
002533,SZ,金杯电工,+11.24%,high,+5.49%,high,+46.02%,high,,missing,,missing,missing,002533_SZ_金杯电工.md
002536,SZ,飞龙股份,-10.47%,high,,missing,,missing,,missing,传统燃油车市场萎缩** ->,mid,missing,002536_SZ_飞龙股份.md
002537,SZ,海联金汇,-8.05%,high,+511.0%,high,,missing,主动收缩低毛利业务,high,[主动收缩低毛利业务],mid,missing,002537_SZ_海联金汇.md
002539,SZ,云图控股,+5.01%,high,,missing,+99.36%,high,磷复肥销量增长10.10%,high,[磷复肥销量增长10.10%],mid,missing,002539_SZ_云图控股.md
002540,SZ,亚太科技,+12.34%,high,-30.0%,high,↓,low,铝锭价格上涨,high,[在建项目转固与试制],mid,low,002540_SZ_亚太科技.md
002541,SZ,鸿路钢构,,missing,-18.27%,high,+138.0%,high,智能化改造短期成本冲击,high,[智能化改造短期成本冲击],mid,missing,002541_SZ_鸿路钢构.md
002542,SZ,_ST中岩,-34.24%,mid,,missing,↓,low,基建投资放缓与市场竞争加剧,high,[基建投资放缓与市场竞争加剧],mid,missing,002542_SZ__ST中岩.md
002544,SZ,普天科技,,missing,,missing,,missing,,missing,,missing,missing,002544_SZ_普天科技.md
002546,SZ,新联电子,-0.05%,high,+116.86%,high,,missing,金融资产公允价值变动,high,[金融资产公允价值变动],mid,missing,002546_SZ_新联电子.md
002549,SZ,凯美特气,+6.57%,high,盈,low,,missing,主营产品销量提升,high,[主营产品销量提升],mid,missing,002549_SZ_凯美特气.md
002550,SZ,千红制药,+2.95%,mid,,missing,,missing,,missing,人口老龄化与生活方式变化导致糖尿病患病人数增加,mid,missing,002550_SZ_千红制药.md
002552,SZ,宝鼎科技,+54.74%,high,-49.83%,mid,,missing,金价持续上涨,high,[电子铜箔及覆铜板业务亏损],high,missing,002552_SZ_宝鼎科技.md
002554,SZ,惠博普,,missing,,missing,,missing,墨西哥天然气发电项目仲裁,high,[墨西哥天然气发电项目仲裁],mid,missing,002554_SZ_惠博普.md
002555,SZ,三七互娱,-8.46%,high,-8.46%,mid,,missing,,missing,全球化发行“因地制宜”,mid,missing,002555_SZ_三七互娱.md
002556,SZ,辉隆股份,+3.74%,mid,-33.44%,high,↑,low,工贸服一体化战略深化,high,[工贸服一体化战略深化],mid,low,002556_SZ_辉隆股份.md
002557,SZ,洽洽食品,+36.98%,mid,-62.51%,high,,missing,葵花籽原料成本飙升,high,[葵花籽原料成本飙升],mid,missing,002557_SZ_洽洽食品.md
002559,SZ,亚威股份,+19.74%,mid,,missing,+204.71%,high,金属成形机床业务增长,high,[金属成形机床业务增长],mid,missing,002559_SZ_亚威股份.md
002560,SZ,通达股份,+29.0%,high,,missing,↑,low,电网投资强周期,high,[精益管理与回款优化],mid,missing,002560_SZ_通达股份.md
002561,SZ,徐家汇,-16.63%,high,亏,low,+75.43%,high,上海六百城市更新项目方案调整,high,[上海六百城市更新项目方案调整],mid,low,002561_SZ_徐家汇.md
002563,SZ,森马服饰,,missing,,missing,,missing,,missing,,missing,missing,002563_SZ_森马服饰.md
002564,SZ,天沃科技,+18.96%,high,+95.41%,high,,missing,高端装备制造业务承压,high,[高端装备制造业务承压],mid,missing,002564_SZ_天沃科技.md
002566,SZ,益盛药业,+15.91%,mid,-56.12%,mid,,missing,核心品种振源胶囊集采放量,high,[核心品种振源胶囊集采放量],mid,missing,002566_SZ_益盛药业.md
002572,SZ,索菲亚,,missing,-34.0%,mid,↓,low,新房交付持续缩水，存量房改造成为核心主战,high,[新房交付持续缩水，存量房改造成为核心主战场],mid,missing,002572_SZ_索菲亚.md
002579,SZ,中京电子,+7.11%,mid,盈,low,,missing,产品结构高端化转型,high,[产品结构高端化转型],mid,missing,002579_SZ_中京电子.md
002580,SZ,圣阳股份,+111.97%,mid,-9.43%,high,,missing,,missing,国家政策要求数据中心配套储能,mid,missing,002580_SZ_圣阳股份.md
002583,SZ,海能达,+41.7%,mid,,missing,,missing,,missing,AI赋能专网创新，组织变革提质增效,mid,missing,002583_SZ_海能达.md
002586,SZ,ST围海,,missing,盈,low,,missing,出售子公司上海千年,high,[出售子公司上海千年],mid,missing,002586_SZ_ST围海.md
002588,SZ,史丹利,+19.69%,high,+25.07%,high,,missing,磷化工产业链全面贯通,high,[磷化工产业链全面贯通],mid,missing,002588_SZ_史丹利.md
002589,SZ,瑞康医药,-8.42%,high,,missing,,missing,主动清退低效业务,high,[主动清退低效业务],mid,missing,002589_SZ_瑞康医药.md
002590,SZ,万安科技,+3.67%,mid,,missing,-5.15%,high,新能源客户订单放量,high,[新能源客户订单放量],mid,missing,002590_SZ_万安科技.md
002591,SZ,恒大高新,-14.21%,high,亏,low,,missing,互联网短信业务收入大幅下滑,high,[互联网短信业务收入大幅下滑],high,missing,002591_SZ_恒大高新.md
002592,SZ,ST八菱,+17.43%,mid,+13.18%,high,,missing,下游汽车行业景气度上行,high,[下游汽车行业景气度上行],mid,missing,002592_SZ_ST八菱.md
002593,SZ,日上集团,+23.95%,high,,missing,-29.73%,high,海外市场扩张,high,1. 国际贸易政策与汇率波动风险：,high,missing,002593_SZ_日上集团.md
002595,SZ,豪迈科技,+18.97%,mid,,missing,,missing,全球燃气轮机需求爆发（AI数据中心+煤电,high,[全球燃气轮机需求爆发（AI数据中心+煤电替代）],mid,missing,002595_SZ_豪迈科技.md
002596,SZ,海南瑞泽,,missing,,missing,,missing,海南自贸港封关运作,high,[海南自贸港封关运作],mid,missing,002596_SZ_海南瑞泽.md
002597,SZ,金禾实业,+3.38%,mid,,missing,,missing,食品添加剂价格下行与销量萎缩,high,[食品添加剂价格下行与销量萎缩],mid,missing,002597_SZ_金禾实业.md
002599,SZ,盛通股份,-16.78%,high,盈,low,↑,low,印刷主业扭亏为盈,high,[印刷主业扭亏为盈],mid,low,002599_SZ_盛通股份.md
002600,SZ,领益智造,+16.2%,high,,missing,,missing,AI硬件需求爆发,high,[AI硬件需求爆发],mid,missing,002600_SZ_领益智造.md
002606,SZ,大连电瓷,+18.92%,high,,missing,+692.0%,high,特高压建设提速,high,[产能扩张与三地协同],mid,missing,002606_SZ_大连电瓷.md
002608,SZ,江苏国信,+0.26%,mid,,missing,,missing,新机组集中投产,high,[煤炭价格持续回落],mid,missing,002608_SZ_江苏国信.md
002611,SZ,东方精工,,missing,+44.88%,high,,missing,出售Fosber集团等核心瓦线资产,high,[出售Fosber集团等核心瓦线资产],mid,missing,002611_SZ_东方精工.md
002615,SZ,哈尔斯,+7.1%,mid,-75.5%,high,,missing,泰国基地产能爬坡与折旧刚性,high,[泰国基地产能爬坡与折旧刚性],mid,missing,002615_SZ_哈尔斯.md
002616,SZ,长青集团,,missing,,missing,,missing,资产出售与债务优化,high,[资产出售与债务优化],mid,missing,002616_SZ_长青集团.md
002626,SZ,金达威,+21.64%,high,-0.61%,high,,missing,辅酶Q10全球龙头地位+技改扩产,high,[辅酶Q10全球龙头地位+技改扩产],mid,missing,002626_SZ_金达威.md
002628,SZ,成都路桥,+10.87%,high,,missing,,missing,基建行业寒冬，新签合同激增,high,[基建行业寒冬，新签合同激增],mid,missing,002628_SZ_成都路桥.md
002629,SZ,仁智股份,+13.51%,mid,-34.89%,high,+72.08%,high,,missing,公司战略聚焦新能源，抓住光伏储能行业高速发展机遇,mid,missing,002629_SZ_仁智股份.md
002631,SZ,德尔未来,,missing,-146.77%,mid,-250.47%,high,,missing,,missing,missing,002631_SZ_德尔未来.md
002632,SZ,道明光学,+13.0%,high,,missing,+71.0%,high,汽车“两新”政策加力扩围,high,[汽车“两新”政策加力扩围],mid,missing,002632_SZ_道明光学.md
002633,SZ,申科股份,+38.23%,mid,,missing,-85.93%,high,军工订单下降,high,[发电设备业务增长],mid,missing,002633_SZ_申科股份.md
002634,SZ,_ST棒杰,,missing,,missing,,missing,光伏业务激进扩张,high,[光伏业务激进扩张],mid,missing,002634_SZ__ST棒杰.md
002635,SZ,安洁科技,+53.08%,mid,+51.7%,high,,missing,新能源汽车业务收入下滑14.51%,high,[新能源汽车业务收入下滑14.51%],high,missing,002635_SZ_安洁科技.md
002637,SZ,赞宇科技,+21.7%,high,+34.76%,high,,missing,原材料价格波动,high,[印尼杜库达基地成本优势],mid,missing,002637_SZ_赞宇科技.md
002638,SZ,勤上股份,+118.62%,mid,,missing,,missing,联营企业持续亏损,high,[联营企业持续亏损],high,missing,002638_SZ_勤上股份.md
002640,SZ,跨境通,,missing,,missing,,missing,进口业务依赖单一客户,high,[进口业务依赖单一客户],mid,missing,002640_SZ_跨境通.md
002641,SZ,公元股份,,missing,,missing,,missing,,missing,公司主动收缩地产直供业务,mid,missing,002641_SZ_公元股份.md
002642,SZ,荣联科技,,missing,-28.79%,mid,,missing,聚焦高价值AI算力业务,high,[聚焦高价值AI算力业务],mid,missing,002642_SZ_荣联科技.md
002643,SZ,万润股份,+5.06%,high,+15.51%,high,,missing,生命科学与医药业务增长,high,[生命科学与医药业务增长],mid,missing,002643_SZ_万润股份.md
002645,SZ,华宏科技,+40.51%,high,盈,low,+40.51%,high,稀土价格上行 + 技改扩能达产,high,[稀土价格上行 + 技改扩能达产],mid,low,002645_SZ_华宏科技.md
002647,SZ,仁东控股,,missing,盈,low,,missing,破产重整完成,high,[聚焦第三方支付主业],mid,missing,002647_SZ_仁东控股.md
002648,SZ,卫星化学,+39.96%,mid,,missing,,missing,,missing,全球高成本老旧装置退出加快,mid,missing,002648_SZ_卫星化学.md
002652,SZ,扬子新材,-3.65%,high,-504.0%,high,,missing,主营业务毛利率极低,high,[主营业务毛利率极低],mid,missing,002652_SZ_扬子新材.md
002658,SZ,雪迪龙,,missing,-10.44%,high,+19.67%,high,政策驱动市场扩容,high,[政策驱动市场扩容],mid,missing,002658_SZ_雪迪龙.md
002659,SZ,凯文教育,+9.81%,mid,盈,low,↑,low,AI+教育战略布局,high,[AI+教育战略布局],mid,low,002659_SZ_凯文教育.md
002660,SZ,茂硕电源,,missing,,missing,,missing,供应商物料质量缺陷,high,[供应商物料质量缺陷],mid,missing,002660_SZ_茂硕电源.md
002662,SZ,峰璟股份,-5.93%,high,-29.69%,high,,missing,,missing,下游客户订单结构调整,mid,missing,002662_SZ_峰璟股份.md
002664,SZ,信质集团,+22.0%,high,+534.0%,high,,missing,新能源汽车驱动电机业务放量,high,[新能源汽车驱动电机业务放量],mid,missing,002664_SZ_信质集团.md
002666,SZ,德联集团,+14.69%,high,-33.66%,high,,missing,汽车销售服务业务扩张,high,[汽车销售服务业务扩张],mid,missing,002666_SZ_德联集团.md
002668,SZ,TCL智家,,missing,,missing,,missing,自有品牌海外业务爆发,high,[自有品牌海外业务爆发],mid,missing,002668_SZ_TCL智家.md
002669,SZ,康达新材,,missing,,missing,↓,low,风电行业高景气度,high,[风电行业高景气度],mid,missing,002669_SZ_康达新材.md
002670,SZ,国盛证券,+42.31%,high,+63.05%,high,,missing,吸收合并完成，聚焦证券主业,high,[吸收合并完成，聚焦证券主业],mid,missing,002670_SZ_国盛证券.md
002671,SZ,龙泉股份,+27.0%,high,-28.0%,high,↑,low,收购南通阀门,high,[PCCP订单释放],mid,low,002671_SZ_龙泉股份.md
002672,SZ,东江环保,+20.88%,mid,,missing,+208.59%,high,危废处置行业产能过剩，无害化处置价格持续,high,[危废处置行业产能过剩，无害化处置价格持续下滑],high,missing,002672_SZ_东江环保.md
002673,SZ,西部证券,+61.9%,mid,亏,low,,missing,收购国融证券并表,high,[收购国融证券并表],mid,missing,002673_SZ_西部证券.md
002678,SZ,珠江钢琴,+66.82%,mid,,missing,,missing,钢琴市场需求萎缩,high,[钢琴市场需求萎缩],mid,missing,002678_SZ_珠江钢琴.md
002682,SZ,龙洲股份,,missing,+2610.0%,high,-60.52%,high,沥青供应链毛利率改善,high,[沥青供应链毛利率改善],mid,missing,002682_SZ_龙洲股份.md
002683,SZ,广东宏大,+29.63%,high,,missing,,missing,并购雪峰科技,high,[矿服“大客户、大项目”战略],mid,missing,002683_SZ_广东宏大.md
002685,SZ,华东重机,+262.0%,mid,盈,low,,missing,全球港口智能化升级与船舶大型化,high,[全球港口智能化升级与船舶大型化],mid,missing,002685_SZ_华东重机.md
002686,SZ,亿利达,+11.34%,high,+34.36%,high,,missing,风机主业承压,high,[非经常性损益驱动利润],mid,missing,002686_SZ_亿利达.md
002687,SZ,乔治白,,missing,+21.35%,high,,missing,宏观经济波动,high,[“一人一版”定制化壁垒],mid,missing,002687_SZ_乔治白.md
002689,SZ,ST远智,+14.34%,high,+455.58%,high,↑,low,“一带一路”出口高增长 + 国债更新改造,high,[“一带一路”出口高增长 + 国债更新改造红利],mid,low,002689_SZ_ST远智.md
002690,SZ,美亚光电,+6.31%,high,+10.77%,high,+9.62%,high,,missing,色选机业务稳健增长+毛利率提升,mid,missing,002690_SZ_美亚光电.md
002692,SZ,远程股份,,missing,-5.8%,mid,,missing,原材料价格波动与成本传导,high,[原材料价格波动与成本传导],mid,missing,002692_SZ_远程股份.md
002693,SZ,_ST双成,,missing,盈,low,,missing,注射用紫杉醇（白蛋白结合型）美国获批上市,high,[注射用紫杉醇（白蛋白结合型）美国获批上市],mid,missing,002693_SZ__ST双成.md
002695,SZ,煌上煌,,missing,+16.59%,high,,missing,鸭副产品原料价格低位,high,[鸭副产品原料价格低位],mid,missing,002695_SZ_煌上煌.md
002697,SZ,红旗连锁,-5.61%,high,,missing,,missing,门店结构优化与低效门店清理,high,[门店结构优化与低效门店清理],mid,missing,002697_SZ_红旗连锁.md
002700,SZ,万憬能源,+4.57%,mid,-12.77%,high,,missing,入户安装收入骤降,high,[入户安装收入骤降],mid,missing,002700_SZ_万憬能源.md
002703,SZ,浙江世宝,+31.76%,high,+21.05%,high,↑,low,中国品牌乘用车市占率提升,high,[中国品牌乘用车市占率提升],mid,low,002703_SZ_浙江世宝.md
002709,SZ,天赐材料,+33.0%,high,,missing,,missing,电解液销量高增44%,high,[电解液销量高增44%],mid,missing,002709_SZ_天赐材料.md
002712,SZ,思美传媒,+24.28%,high,,missing,+96.04%,high,数字营销行业竞争加剧,high,[数字营销行业竞争加剧],mid,missing,002712_SZ_思美传媒.md
002714,SZ,牧原股份,,missing,-13.39%,high,,missing,生猪价格周期下行,high,[生猪价格周期下行],mid,missing,002714_SZ_牧原股份.md
002715,SZ,登云股份,+16.63%,mid,-406.0%,high,,missing,金矿业务出表,high,[气门主业收入增长但毛利承压],mid,missing,002715_SZ_登云股份.md
002716,SZ,湖南白银,+49.7%,high,,missing,,missing,贵金属价格高位运行,high,[贵金属价格高位运行],mid,missing,002716_SZ_湖南白银.md
002718,SZ,友邦吊顶,-20.24%,high,盈,low,,missing,新房交付量持续缩减,high,[新房交付量持续缩减],mid,missing,002718_SZ_友邦吊顶.md
002721,SZ,金一文化,+22.0%,mid,,missing,,missing,收购开科唯识,high,[黄金珠宝零售整合],mid,missing,002721_SZ_金一文化.md
002722,SZ,物产金轮,+5.82%,high,+24.79%,high,,missing,不锈钢装饰板业务承压,high,[不锈钢装饰板业务承压],mid,missing,002722_SZ_物产金轮.md
002723,SZ,小崧股份,-34.27%,high,,missing,,missing,家电主业承压,high,[施工工程业务剥离],mid,missing,002723_SZ_小崧股份.md
002725,SZ,跃岭股份,-5.69%,high,-69.13%,high,,missing,控制权变更与新旧管理层交接,high,[控制权变更与新旧管理层交接],mid,missing,002725_SZ_跃岭股份.md
002732,SZ,燕塘乳业,-8.47%,high,-47.42%,high,,missing,行业供需失衡加剧,high,[行业供需失衡加剧],mid,missing,002732_SZ_燕塘乳业.md
002733,SZ,雄韬股份,+8.14%,mid,-17.91%,high,,missing,聚焦AIDC/UPS锂电备电,high,[聚焦AIDC/UPS锂电备电],mid,missing,002733_SZ_雄韬股份.md
002734,SZ,利民股份,+19.91%,mid,+489.7%,high,,missing,全球农化去库存周期结束，需求复苏,high,[全球农化去库存周期结束，需求复苏],mid,missing,002734_SZ_利民股份.md
002735,SZ,王子新材,+17.22%,mid,,missing,,missing,薄膜电容业务成本失控,high,[薄膜电容业务成本失控],mid,missing,002735_SZ_王子新材.md
002736,SZ,国信证券,+96.08%,mid,,missing,,missing,市场成交活跃,high,[融资融券规模扩张],mid,missing,002736_SZ_国信证券.md
002741,SZ,光华科技,+26.74%,high,盈,low,,missing,PCB化学品营收增长26.74%,high,[PCB化学品营收增长26.74%],mid,missing,002741_SZ_光华科技.md
002742,SZ,三圣股份,-24.74%,high,,missing,,missing,建材化工板块需求萎缩,high,[建材化工板块需求萎缩],mid,missing,002742_SZ_三圣股份.md
002747,SZ,埃斯顿,+21.93%,high,盈,low,↑,low,工业机器人出货量登顶中国市场,high,[工业机器人出货量登顶中国市场],mid,low,002747_SZ_埃斯顿.md
002749,SZ,国光股份,+3.57%,high,-14.94%,high,,missing,植物生长调节剂行业渗透率提升,high,[植物生长调节剂行业渗透率提升],mid,missing,002749_SZ_国光股份.md
002757,SZ,南兴股份,+9.49%,mid,+168.52%,high,,missing,IDC及云计算业务收入首次超过专用设备,high,[IDC及云计算业务收入首次超过专用设备],mid,missing,002757_SZ_南兴股份.md
002759,SZ,天际股份,,missing,盈,low,,missing,六氟磷酸锂Q4价格触底反转,high,[六氟磷酸锂Q4价格触底反转],mid,missing,002759_SZ_天际股份.md
002760,SZ,凤形股份,+78.65%,mid,盈,low,↑,low,船电系统解决方案及特种电机业务爆发式增长,high,[船电系统解决方案及特种电机业务爆发式增长],mid,low,002760_SZ_凤形股份.md
002762,SZ,_ST金比,+71.86%,high,,missing,,missing,出生率持续下滑,high,[产品线向大龄段延伸],mid,missing,002762_SZ__ST金比.md
002763,SZ,汇洁股份,+30.66%,mid,-30.66%,high,,missing,终止运营understance品牌,high,[终止运营understance品牌],mid,missing,002763_SZ_汇洁股份.md
002765,SZ,蓝黛科技,+19.98%,mid,,missing,,missing,新能源汽车渗透率提升,high,[新能源汽车渗透率提升],mid,missing,002765_SZ_蓝黛科技.md
002766,SZ,索菱股份,,missing,亏,low,↑,low,核心大项目（三菱重工OBU）执行完毕,high,[核心大项目（三菱重工OBU）执行完毕],mid,missing,002766_SZ_索菱股份.md
002767,SZ,先锋电子,+14.64%,high,+41.29%,high,,missing,政策驱动,high,"核心风险在于9,000万元中融信托产品到期未兑付",high,missing,002767_SZ_先锋电子.md
002768,SZ,国恩股份,+36.72%,high,+55.15%,high,,missing,纵向一体化产业平台,high,[纵向一体化产业平台],mid,missing,002768_SZ_国恩股份.md
002772,SZ,众兴菌业,+15.74%,mid,+161.63%,high,,missing,行业周期回暖,high,[财务费用有效降低],mid,missing,002772_SZ_众兴菌业.md
002773,SZ,康弘药业,+6.51%,mid,,missing,+6.5%,high,康柏西普眼用注射液（朗沐）持续放量,high,[康柏西普眼用注射液（朗沐）持续放量],mid,missing,002773_SZ_康弘药业.md
002777,SZ,久远银海,+11.71%,mid,,missing,,missing,,missing,运维服务收入增长11.71%,mid,missing,002777_SZ_久远银海.md
002779,SZ,中坚科技,+19.15%,mid,+166.85%,high,↑,low,投资1X公司公允价值变动,high,[投资1X公司公允价值变动],mid,low,002779_SZ_中坚科技.md
002782,SZ,可立克,+18.75%,high,,missing,,missing,,missing,,missing,missing,002782_SZ_可立克.md
002783,SZ,凯龙股份,+0.41%,mid,,missing,,missing,行业需求下行,high,最大风险：宏观经济与下游需求周期性波动,high,missing,002783_SZ_凯龙股份.md
002788,SZ,鹭燕医药,+27.14%,mid,-18.74%,high,,missing,集采扩围与医保控费,high,[集采扩围与医保控费],mid,missing,002788_SZ_鹭燕医药.md
002791,SZ,坚朗五金,+16.74%,high,亏,low,-32.96%,high,下游房地产投资持续下滑,high,[下游房地产投资持续下滑],high,low,002791_SZ_坚朗五金.md
002793,SZ,罗欣药业,+31.72%,mid,,missing,,missing,核心创新药替戈拉生片放量,high,[核心创新药替戈拉生片放量],mid,missing,002793_SZ_罗欣药业.md
002795,SZ,永和智控,-16.7%,high,,missing,↑,low,阀门管件外销收入下滑,high,[阀门管件外销收入下滑],high,missing,002795_SZ_永和智控.md
002799,SZ,环球印务,,missing,,missing,,missing,互联网数字营销业务缩停,high,[互联网数字营销业务缩停],mid,missing,002799_SZ_环球印务.md
002800,SZ,天顺股份,+44.16%,mid,亏,low,↑,low,航空物流业务稳定,high,[航空物流业务稳定],mid,low,002800_SZ_天顺股份.md
002801,SZ,微光股份,+4.68%,high,,missing,,missing,松发股份定增公允价值变动收益1.53亿元,high,[松发股份定增公允价值变动收益1.53亿元],mid,missing,002801_SZ_微光股份.md
002803,SZ,吉宏股份,+29.93%,high,+27.67%,high,+67.0%,high,,missing,跨境社交电商“货找人”模式,mid,missing,002803_SZ_吉宏股份.md
002811,SZ,郑中设计,+31.07%,mid,,missing,,missing,设计品牌溢价与客户拓展,high,[设计品牌溢价与客户拓展],mid,missing,002811_SZ_郑中设计.md
002812,SZ,恩捷股份,,missing,,missing,,missing,行业供需格局改善,high,[行业供需格局改善],mid,missing,002812_SZ_恩捷股份.md
002813,SZ,路畅科技,+8.19%,mid,,missing,,missing,汽车电子业务收入增长但毛利率下降,high,[汽车电子业务收入增长但毛利率下降],mid,missing,002813_SZ_路畅科技.md
002816,SZ,_ST和科,,missing,盈,low,,missing,海外高毛利清洗设备订单突破,high,[海外高毛利清洗设备订单突破],mid,missing,002816_SZ__ST和科.md
002817,SZ,黄山胶囊,,missing,-2.76%,mid,,missing,,missing,成本管控（集中采购+精准采购）,mid,missing,002817_SZ_黄山胶囊.md
002819,SZ,东方中科,+19.03%,high,,missing,+379.82%,high,新能源汽车测试业务高增长,high,[新能源汽车测试业务高增长],mid,missing,002819_SZ_东方中科.md
002820,SZ,桂发祥,+54.26%,mid,亏,low,,missing,消费需求疲软与行业竞争加剧,high,[消费需求疲软与行业竞争加剧],mid,missing,002820_SZ_桂发祥.md
002821,SZ,凯莱英,+57.3%,mid,+56.09%,high,,missing,新兴业务（化学大分子/生物大分子）爆发,high,[新兴业务（化学大分子/生物大分子）爆发],mid,missing,002821_SZ_凯莱英.md
002822,SZ,ST中装,-66.92%,mid,,missing,,missing,破产重整完成,high,[建筑装饰业务战略性退出],mid,missing,002822_SZ_ST中装.md
002823,SZ,凯中精密,+2.49%,mid,,missing,+21.27%,high,产品结构优化与成本控制,high,[产品结构优化与成本控制],mid,missing,002823_SZ_凯中精密.md
002825,SZ,纳尔股份,+26.89%,high,+11.56%,high,,missing,汽车功能膜业务高增长,high,[汽车功能膜业务高增长],mid,missing,002825_SZ_纳尔股份.md
002827,SZ,高争民爆,+7.99%,high,,missing,↑,low,西藏基建与矿业高景气,high,[西藏基建与矿业高景气],mid,missing,002827_SZ_高争民爆.md
002829,SZ,星网宇达,,missing,,missing,,missing,军队采购资质恢复,high,[军队采购资质恢复],mid,missing,002829_SZ_星网宇达.md
002837,SZ,英维克,+32.0%,high,,missing,-21.0%,high,AI算力需求爆发,high,[AI算力需求爆发],mid,missing,002837_SZ_英维克.md
002842,SZ,翔鹭钨业,+70.78%,mid,盈,low,↑,low,钨精矿价格暴涨,high,[硬质合金量价齐升],mid,low,002842_SZ_翔鹭钨业.md
002843,SZ,泰嘉股份,+5.91%,high,亏,low,,missing,电源业务收入大幅下滑,high,[电源业务收入大幅下滑],high,missing,002843_SZ_泰嘉股份.md
002846,SZ,英联股份,+18.97%,high,盈,low,,missing,金属包装主业产能释放与降本增效,high,[金属包装主业产能释放与降本增效],mid,missing,002846_SZ_英联股份.md
002847,SZ,盐津铺子,+107.0%,high,,missing,,missing,魔芋品类爆发,high,[主动收缩低毛利电商],mid,missing,002847_SZ_盐津铺子.md
002848,SZ,_ST高斯,+108.87%,high,,missing,,missing,与湖南炬神电子战略合作,high,[与湖南炬神电子战略合作],mid,missing,002848_SZ__ST高斯.md
002850,SZ,科达利,+26.46%,high,+19.87%,high,,missing,下游新能源汽车需求旺盛,high,[下游新能源汽车需求旺盛],mid,missing,002850_SZ_科达利.md
002852,SZ,道道全,+4.24%,high,+32.0%,high,,missing,包装油销量增长,high,核心风险在于原材料价格波动与毛利率持续承压,high,missing,002852_SZ_道道全.md
002855,SZ,捷荣技术,+23.32%,high,,missing,,missing,营收增长但毛利率恶化,high,[营收增长但毛利率恶化],high,missing,002855_SZ_捷荣技术.md
002859,SZ,洁美科技,+15.6%,high,,missing,,missing,,missing,[电子级薄膜材料（离型膜）放量],mid,missing,002859_SZ_洁美科技.md
002860,SZ,星帅尔,-12.75%,mid,+38.86%,high,,missing,光伏业务量价齐升,high,[光伏业务量价齐升],mid,missing,002860_SZ_星帅尔.md
002861,SZ,瀛通通讯,+3.4%,high,,missing,,missing,收入增长但规模效应不足,high,[收入增长但规模效应不足],mid,missing,002861_SZ_瀛通通讯.md
002862,SZ,实丰文化,,missing,,missing,,missing,游戏业务买量投入激增,high,[游戏业务买量投入激增],mid,missing,002862_SZ_实丰文化.md
002865,SZ,钧达股份,+62.83%,mid,,missing,↓,low,光伏行业产能过剩与价格战,high,[光伏行业产能过剩与价格战],mid,missing,002865_SZ_钧达股份.md
002866,SZ,传艺科技,+9.76%,high,盈,low,,missing,,missing,[消费电子主业复苏+海外产能布局],mid,missing,002866_SZ_传艺科技.md
002868,SZ,_ST绿康,+21.86%,mid,,missing,,missing,光伏胶膜业务巨亏,high,[光伏胶膜业务巨亏],mid,missing,002868_SZ__ST绿康.md
002870,SZ,香山股份,,missing,-38.86%,high,,missing,产品结构变化,high,[新能源充配电业务放量],mid,missing,002870_SZ_香山股份.md
002873,SZ,新天药业,-12.57%,high,-82.59%,high,,missing,院端市场萎缩,high,[研发投入资本化率骤降],mid,missing,002873_SZ_新天药业.md
002876,SZ,三利谱,+42.41%,high,-30.85%,high,,missing,新产能投产爬坡,high,[原材料国产化突破],mid,missing,002876_SZ_三利谱.md
002878,SZ,元隆雅图,+161.8%,mid,,missing,,missing,IP文创战略驱动C端零售突破,high,[IP文创战略驱动C端零售突破],mid,missing,002878_SZ_元隆雅图.md
002881,SZ,美格智能,+27.39%,high,+5.27%,high,,missing,海外市场高速扩张,high,[海外市场高速扩张],mid,missing,002881_SZ_美格智能.md
002884,SZ,凌霄泵业,+8.17%,high,,missing,,missing,国内卫浴泵需求复苏+欧洲订单转移,high,[国内卫浴泵需求复苏+欧洲订单转移],mid,missing,002884_SZ_凌霄泵业.md
002885,SZ,京泉华,,missing,,missing,,missing,,missing,AI算力需求爆发式增长，数据中心电力消耗预计2026年达10,mid,missing,002885_SZ_京泉华.md
002889,SZ,东方嘉盛,+43.98%,mid,-46.0%,high,,missing,,missing,跨境电商业务高速扩张,mid,missing,002889_SZ_东方嘉盛.md
002890,SZ,弘宇股份,+70.0%,high,,missing,,missing,农机行业景气度,high,,missing,missing,002890_SZ_弘宇股份.md
002891,SZ,中宠股份,+7.28%,high,-42.09%,high,,missing,自主品牌高速增长,high,[自主品牌高速增长],mid,missing,002891_SZ_中宠股份.md
002895,SZ,川恒股份,,missing,,missing,,missing,磷矿石资源自给+高毛利率,high,[磷矿石资源自给+高毛利率],mid,missing,002895_SZ_川恒股份.md
002896,SZ,中大力德,+4.04%,high,,missing,,missing,,missing,工业机器人产量增长、人形机器人原型机批量落地、新能源领域设备,mid,missing,002896_SZ_中大力德.md
002901,SZ,大博医疗,+21.79%,high,+68.06%,high,,missing,集采政策常态化，国产替代加速,high,[集采政策常态化，国产替代加速],mid,missing,002901_SZ_大博医疗.md
002902,SZ,铭普光磁,+50.99%,mid,-32.88%,mid,,missing,光通信产品收入大幅下滑,high,[光通信产品收入大幅下滑],high,missing,002902_SZ_铭普光磁.md
002903,SZ,宇环数控,+70.18%,mid,,missing,,missing,消费电子大客户订单结构变化,high,[消费电子大客户订单结构变化],mid,missing,002903_SZ_宇环数控.md
002905,SZ,金逸影视,+13.56%,high,盈,low,+114.25%,high,,missing,行业票房回暖（春节档/暑期档/贺岁档梯次发力）,mid,missing,002905_SZ_金逸影视.md
002906,SZ,华阳集团,+27.25%,high,,missing,↑,low,汽车智能化渗透率提升,high,[汽车智能化渗透率提升],mid,missing,002906_SZ_华阳集团.md
002907,SZ,华森制药,+24.47%,high,-15.17%,high,,missing,仿制药集采中标及续标,high,[仿制药集采中标及续标],mid,missing,002907_SZ_华森制药.md
002909,SZ,集泰股份,-15.5%,high,亏,low,,missing,传统主业（建筑胶、集装箱涂料）周期性下行,high,[传统主业（建筑胶、集装箱涂料）周期性下行],mid,missing,002909_SZ_集泰股份.md
002911,SZ,佛燃能源,+22.81%,high,,missing,,missing,,missing,[能源化工服务业务高速扩张],mid,missing,002911_SZ_佛燃能源.md
002915,SZ,中欣氟材,+11.86%,high,盈,low,,missing,农药化工产品量价齐升,high,[农药化工产品量价齐升],mid,missing,002915_SZ_中欣氟材.md
002916,SZ,深南电路,+30.8%,mid,,missing,,missing,AI算力基建资本开支高增,high,[AI算力基建资本开支高增],mid,missing,002916_SZ_深南电路.md
002917,SZ,金奥博,+16.41%,mid,,missing,+122.59%,high,,missing,专用设备收入高增45.72%,mid,missing,002917_SZ_金奥博.md
002918,SZ,蒙娜丽莎,-15.28%,high,-58.0%,high,,missing,房地产行业持续调整,high,[房地产行业持续调整],mid,missing,002918_SZ_蒙娜丽莎.md
002920,SZ,德赛西威,+17.88%,high,+22.38%,high,,missing,汽车智能化渗透率提升,high,[汽车智能化渗透率提升],mid,missing,002920_SZ_德赛西威.md
002921,SZ,联诚精密,+7.7%,mid,,missing,,missing,下游需求结构变化,high,[下游需求结构变化],mid,missing,002921_SZ_联诚精密.md
002925,SZ,盈趣科技,+15.61%,high,+129.43%,high,,missing,非经常性损益（金融资产公允价值变动）,high,[非经常性损益（金融资产公允价值变动）],mid,missing,002925_SZ_盈趣科技.md
002926,SZ,华西证券,+40.89%,mid,,missing,,missing,市场行情回暖,high,[保荐业务资格暂停],mid,missing,002926_SZ_华西证券.md
002932,SZ,_ST明德,+82.0%,mid,亏,low,,missing,集采降价与行业竞争加剧,high,[集采降价与行业竞争加剧],mid,missing,002932_SZ__ST明德.md
002933,SZ,新兴装备,-10.41%,high,+108.88%,high,,missing,核心产品交付,high,[非经常性损益驱动],mid,missing,002933_SZ_新兴装备.md
002935,SZ,天奥电子,-1.49%,mid,-12.91%,high,,missing,军品依赖度高,high,[北斗卫星手表业务萎缩],mid,missing,002935_SZ_天奥电子.md
002936,SZ,郑州银行,+0.34%,high,,missing,,missing,净息差持续收窄,high,[不良率下降但信用成本高企],mid,missing,002936_SZ_郑州银行.md
002937,SZ,兴瑞科技,+16.36%,mid,,missing,,missing,,missing,,missing,missing,002937_SZ_兴瑞科技.md
002938,SZ,鹏鼎控股,+106.67%,high,,missing,,missing,AI算力需求爆发,high,[AI算力需求爆发],mid,missing,002938_SZ_鹏鼎控股.md
002939,SZ,长城证券,,missing,+48.86%,high,,missing,,missing,市场行情回暖与日均成交额大增,mid,missing,002939_SZ_长城证券.md
002942,SZ,新农股份,+10.0%,mid,,missing,+10.0%,high,,missing,,missing,missing,002942_SZ_新农股份.md
002945,SZ,华林证券,+28.0%,mid,+43.0%,high,,missing,科技金融战略深化,high,[科技金融战略深化],mid,missing,002945_SZ_华林证券.md
002946,SZ,新乳业,+5.33%,high,+35.98%,high,,missing,聚焦“鲜酸双强”战略,high,[聚焦“鲜酸双强”战略],mid,missing,002946_SZ_新乳业.md
002947,SZ,恒铭达,+16.3%,mid,,missing,+77.29%,high,AI终端创新浪潮,high,[AI终端创新浪潮],mid,missing,002947_SZ_恒铭达.md
002948,SZ,青岛银行,+12.11%,mid,+13.26%,high,,missing,规模扩张与结构优化,high,[规模扩张与结构优化],mid,missing,002948_SZ_青岛银行.md
002949,SZ,华阳国际,+2.01%,mid,-27.7%,high,,missing,核心主业（建筑设计）收入下滑14.49%,high,[核心主业（建筑设计）收入下滑14.49%],high,missing,002949_SZ_华阳国际.md
002953,SZ,日丰股份,+36.33%,mid,,missing,+121.57%,high,新能源电缆爆发式增长,high,[新能源电缆爆发式增长],mid,missing,002953_SZ_日丰股份.md
002955,SZ,鸿合科技,+38.37%,mid,-76.67%,high,,missing,海外收入下滑,high,[新线美国业绩承诺未达标],mid,missing,002955_SZ_鸿合科技.md
002956,SZ,西麦食品,+18.11%,high,,missing,↑,low,复合燕麦片高速增长,high,[复合燕麦片高速增长],mid,missing,002956_SZ_西麦食品.md
002957,SZ,科瑞技术,+34.24%,mid,+34.24%,high,,missing,出售子公司中山科瑞,high,[出售子公司中山科瑞],mid,missing,002957_SZ_科瑞技术.md
002959,SZ,小熊电器,+79.22%,high,,missing,,missing,,missing,国补政策推动中高端产品需求,mid,missing,002959_SZ_小熊电器.md
002960,SZ,青鸟智控,+14.54%,high,,missing,,missing,新国标切换与价格竞争,high,[新国标切换与价格竞争],mid,missing,002960_SZ_青鸟智控.md
002961,SZ,瑞达期货,+15.7%,mid,,missing,,missing,期货市场交投活跃度显著提升,high,[期货市场交投活跃度显著提升],mid,missing,002961_SZ_瑞达期货.md
002963,SZ,豪尔赛,-24.51%,high,,missing,,missing,行业需求收缩,high,[公允价值变动损失],mid,missing,002963_SZ_豪尔赛.md
002965,SZ,祥鑫科技,+17.54%,high,-56.88%,high,,missing,收入增长但毛利率下降,high,[收入增长但毛利率下降],mid,missing,002965_SZ_祥鑫科技.md
002967,SZ,广电计量,+12.37%,high,+20.57%,high,,missing,业务结构向战略性产业聚焦,high,[业务结构向战略性产业聚焦],mid,missing,002967_SZ_广电计量.md
002968,SZ,新大正,-12.22%,mid,-12.22%,mid,,missing,存量市场竞争激烈+人力成本刚性上涨,high,[存量市场竞争激烈+人力成本刚性上涨],mid,missing,002968_SZ_新大正.md
002970,SZ,锐明技术,+32.0%,mid,+32.0%,high,,missing,海外业务扩张,high,[AI解决方案放量],mid,missing,002970_SZ_锐明技术.md
002972,SZ,科安达,+18.78%,high,,missing,+7.46%,high,系统集成业务爆发,high,[系统集成业务爆发],mid,missing,002972_SZ_科安达.md
002975,SZ,博杰股份,+23.63%,mid,,missing,,missing,AI算力基础设施投资爆发,high,[AI算力基础设施投资爆发],mid,missing,002975_SZ_博杰股份.md
002977,SZ,_ST天箭,,missing,,missing,,missing,军品审价调整,high,[应收账款减值转回],high,missing,002977_SZ__ST天箭.md
002978,SZ,安宁股份,+32.83%,mid,-15.46%,high,↑,low,并购经质矿产,high,[钒钛铁精矿量价齐升],mid,low,002978_SZ_安宁股份.md
002981,SZ,朝阳科技,+18.35%,mid,-34.67%,high,,missing,客户集中度极高,high,[汇率波动侵蚀利润],mid,missing,002981_SZ_朝阳科技.md
002982,SZ,湘佳股份,+6.35%,high,-66.41%,high,,missing,冰鲜业务渠道壁垒,high,[冰鲜业务渠道壁垒],mid,missing,002982_SZ_湘佳股份.md
002983,SZ,芯瑞达,+5.9%,mid,+5.9%,high,↑,low,Mini LED 技术渗透加速,high,[Mini LED 技术渗透加速],mid,low,002983_SZ_芯瑞达.md
002985,SZ,北摩高科,+70.66%,high,+1138.0%,high,,missing,十四五延迟订单集中释放,high,[十四五延迟订单集中释放],mid,missing,002985_SZ_北摩高科.md
002987,SZ,京北方,+55.63%,mid,,missing,+77.95%,high,AI大模型与智能体产品规模化落地,high,[AI大模型与智能体产品规模化落地],mid,missing,002987_SZ_京北方.md
002990,SZ,盛视科技,+18.26%,high,-51.22%,high,,missing,智慧口岸业务增长,high,[智慧口岸业务增长],mid,missing,002990_SZ_盛视科技.md
002991,SZ,甘源食品,+15.49%,mid,-44.59%,high,,missing,经销渠道收入大幅下滑,high,[经销渠道收入大幅下滑],high,missing,002991_SZ_甘源食品.md
002993,SZ,奥海科技,+11.38%,high,-9.14%,high,↑,low,新能源汽车电控业务爆发,high,[新能源汽车电控业务爆发],mid,low,002993_SZ_奥海科技.md
002997,SZ,瑞鹄模具,+23.76%,mid,-35.67%,high,,missing,汽车制造装备在手订单高增,high,[汽车制造装备在手订单高增],mid,missing,002997_SZ_瑞鹄模具.md
002998,SZ,优彩资源,+15.39%,high,-37.86%,high,,missing,低熔点涤纶短纤维销量激增,high,[低熔点涤纶短纤维销量激增],mid,missing,002998_SZ_优彩资源.md
003000,SZ,劲仔食品,+1.28%,high,-22.78%,high,,missing,核心大单品“深海鳀鱼”收入超16亿,high,[核心大单品“深海鳀鱼”收入超16亿],mid,missing,003000_SZ_劲仔食品.md
003001,SZ,中岩大地,+12.79%,mid,-77.84%,high,+41.7%,high,,missing,部分项目前期工作周期拉长，业务转化产值进度放缓,mid,missing,003001_SZ_中岩大地.md
003004,SZ,_ST声迅,+24.59%,high,,missing,,missing,并购浙江中辰,high,[营收增长24.59%但净利润仍亏损],high,missing,003004_SZ__ST声迅.md
003008,SZ,开普检测,+10.38%,mid,盈,low,,missing,“十五五”电网投资创历史新高,high,[“十五五”电网投资创历史新高],mid,missing,003008_SZ_开普检测.md
003009,SZ,中天火箭,+39.87%,mid,亏,low,-76.85%,high,光伏行业产能过剩、价格战加剧,high,[光伏行业产能过剩、价格战加剧],mid,low,003009_SZ_中天火箭.md
003010,SZ,若羽臣,+94.35%,high,,missing,-54.51%,high,自有品牌爆发式增长,high,[自有品牌爆发式增长],mid,missing,003010_SZ_若羽臣.md
003013,SZ,地铁设计,-6.64%,high,,missing,+108.46%,high,基础设施投资周期波动,high,[基础设施投资周期波动],mid,missing,003013_SZ_地铁设计.md
003015,SZ,日久光电,+6.53%,mid,,missing,,missing,调光导电膜渗透率提升,high,[调光导电膜渗透率提升],mid,missing,003015_SZ_日久光电.md
003019,SZ,宸展光电,+13.86%,high,,missing,,missing,成功切入消费电子EMS,high,[成功切入消费电子EMS],mid,missing,003019_SZ_宸展光电.md
003021,SZ,兆威机电,+12.52%,high,,missing,,missing,“1+1+1”协同创新体系,high,[“1+1+1”协同创新体系],mid,missing,003021_SZ_兆威机电.md
003022,SZ,联泓新科,+203.55%,mid,+30.4%,high,,missing,EVA光伏胶膜料产能扩张与产品结构优化,high,[EVA光伏胶膜料产能扩张与产品结构优化],mid,missing,003022_SZ_联泓新科.md
003023,SZ,彩虹集团,-11.52%,high,-41.9%,high,,missing,连续暖冬气候,high,[线上渠道结构失衡],mid,missing,003023_SZ_彩虹集团.md
003027,SZ,同兴科技,,missing,+89.52%,high,-49.21%,high,降本增效,high,[SCR脱硝催化剂销量创历史新高],mid,missing,003027_SZ_同兴科技.md
003028,SZ,振邦智能,,missing,-63.89%,high,,missing,美国政策影响与客户订单波动,high,[美国政策影响与客户订单波动],mid,missing,003028_SZ_振邦智能.md
003029,SZ,吉大正元,,missing,,missing,,missing,行业政策红利消退,high,[行业政策红利消退],mid,missing,003029_SZ_吉大正元.md
003033,SZ,征和工业,+5.3%,high,+33.72%,high,,missing,,missing,[海外市场扩张 + 并购泰国DDC],mid,missing,003033_SZ_征和工业.md
003035,SZ,南网能源,+16.59%,high,盈,low,,missing,,missing,战略转型（退出生物质与智慧绿电重资产）,mid,missing,003035_SZ_南网能源.md
003036,SZ,泰坦股份,+32.61%,mid,-71.18%,high,,missing,下游纺织行业需求疲软,high,[下游纺织行业需求疲软],mid,missing,003036_SZ_泰坦股份.md
003039,SZ,顺控发展,+21.18%,high,,missing,-49.29%,high,固废处理业务扩张,high,[固废处理业务扩张],mid,missing,003039_SZ_顺控发展.md
003040,SZ,楚天龙,+29.32%,high,-66.82%,high,,missing,行业竞争加剧与产品价格下行,high,[行业竞争加剧与产品价格下行],mid,missing,003040_SZ_楚天龙.md
003041,SZ,真爱美家,+9.07%,mid,+208.56%,high,,missing,智能工厂投产与产能爬坡,high,[智能工厂投产与产能爬坡],mid,missing,003041_SZ_真爱美家.md
300001,SZ,特锐德,+16.6%,mid,+35.62%,high,+77.61%,high,,missing,高压预制舱变电站量价齐升,mid,missing,300001_SZ_特锐德.md
300003,SZ,乐普医疗,+1.39%,mid,+289.57%,high,,missing,创新药BD授权,high,[GLP-1三靶点药物临床数据领先],mid,missing,300003_SZ_乐普医疗.md
300006,SZ,莱美药业,+46.41%,mid,,missing,↓,low,核心产品卡纳琳销量下滑,high,[核心产品卡纳琳销量下滑],high,missing,300006_SZ_莱美药业.md
300007,SZ,汉威科技,+11.1%,high,+107.11%,high,,missing,激光/红外气体报警器规模化应用,high,[激光/红外气体报警器规模化应用],mid,missing,300007_SZ_汉威科技.md
300008,SZ,天海防务,+15.41%,mid,,missing,,missing,,missing,市场/政策驱动（美国关税、301调查、港口费预期）,mid,missing,300008_SZ_天海防务.md
300009,SZ,安科生物,+108.33%,mid,+4.4%,high,,missing,,missing,公司聚焦生物医药主业，创新驱动发展,mid,missing,300009_SZ_安科生物.md
300011,SZ,鼎汉技术,+8.67%,high,亏,low,,missing,,missing,原材料价格上涨与竞争加剧,mid,missing,300011_SZ_鼎汉技术.md
300012,SZ,华测检测,+34.76%,mid,,missing,+29.02%,high,品牌公信力与资质壁垒,high,[品牌公信力与资质壁垒],mid,missing,300012_SZ_华测检测.md
300013,SZ,新宁物流,+50.5%,high,,missing,,missing,新增国际货代业务,high,[新增国际货代业务],mid,missing,300013_SZ_新宁物流.md
300014,SZ,亿纬锂能,+26.44%,high,,missing,,missing,储能电池出货量全球前二,high,[储能电池出货量全球前二],mid,missing,300014_SZ_亿纬锂能.md
300015,SZ,爱尔眼科,+6.53%,high,,missing,,missing,,missing,[分级连锁网络扩张],mid,missing,300015_SZ_爱尔眼科.md
300016,SZ,北陆药业,+51.23%,high,+579.29%,high,,missing,集采中标与执标,high,[原料药国际化突破],mid,missing,300016_SZ_北陆药业.md
300017,SZ,网宿科技,+18.65%,mid,+18.53%,high,,missing,主动剥离非核心MSP业务,high,[主动剥离非核心MSP业务],mid,missing,300017_SZ_网宿科技.md
300018,SZ,中元股份,+41.26%,mid,,missing,,missing,国家电网/南方电网“十五五”大规模投资,high,[国家电网/南方电网“十五五”大规模投资],mid,missing,300018_SZ_中元股份.md
300019,SZ,硅宝科技,+18.75%,high,+17.25%,high,,missing,收购江苏嘉好,high,[原材料价格低位震荡],mid,missing,300019_SZ_硅宝科技.md
300020,SZ,ST银江,,missing,,missing,,missing,地方政府财政紧缩,high,[地方政府财政紧缩],mid,missing,300020_SZ_ST银江.md
300021,SZ,大禹节水,,missing,,missing,↓,low,收购淮安设计院，补齐高端设计资质,high,[收购淮安设计院，补齐高端设计资质],mid,missing,300021_SZ_大禹节水.md
300022,SZ,吉峰科技,,missing,,missing,,missing,低空经济战略升级,high,[低空经济战略升级],mid,missing,300022_SZ_吉峰科技.md
300024,SZ,机器人,+15.36%,mid,亏,low,,missing,行业竞争加剧与汇率波动,high,[行业竞争加剧与汇率波动],mid,missing,300024_SZ_机器人.md
300025,SZ,华星创业,,missing,,missing,,missing,,missing,,missing,missing,300025_SZ_华星创业.md
300026,SZ,红日药业,,missing,,missing,,missing,药械智慧供应链业务大幅萎缩,high,[药械智慧供应链业务大幅萎缩],mid,missing,300026_SZ_红日药业.md
300030,SZ,阳普医疗,,missing,盈,low,-47.65%,high,收缩聚焦战略与费用管控,high,[收缩聚焦战略与费用管控],mid,missing,300030_SZ_阳普医疗.md
300033,SZ,同花顺,+44.0%,high,+76.0%,high,,missing,资本市场活跃度回升,high,[资本市场活跃度回升],mid,missing,300033_SZ_同花顺.md
300034,SZ,钢研高纳,+4.91%,mid,,missing,,missing,,missing,航空航天产业快速发展,mid,missing,300034_SZ_钢研高纳.md
300036,SZ,超图软件,+0.75%,high,盈,low,,missing,AI技术突破与产品化,high,[AI技术突破与产品化],mid,missing,300036_SZ_超图软件.md
300037,SZ,新宙邦,+30.57%,high,,missing,,missing,储能与动力电池需求爆发,high,[储能与动力电池需求爆发],mid,missing,300037_SZ_新宙邦.md
300040,SZ,九洲集团,+41.18%,mid,盈,low,+173.66%,high,新能源电站运营规模扩张,high,[新能源电站运营规模扩张],mid,low,300040_SZ_九洲集团.md
300041,SZ,回天新材,+11.21%,high,-14.99%,mid,,missing,锂电用胶业务翻倍增长,high,[锂电用胶业务翻倍增长],mid,missing,300041_SZ_回天新材.md
300042,SZ,朗科科技,+64.38%,high,+127.35%,high,,missing,全球AI服务器需求激增，存储芯片原厂产能,high,[全球AI服务器需求激增，存储芯片原厂产能向高性能产品倾斜],mid,missing,300042_SZ_朗科科技.md
300043,SZ,星辉娱乐,+27.9%,mid,盈,low,,missing,剥离亏损足球俱乐部,high,[剥离亏损足球俱乐部],high,missing,300043_SZ_星辉娱乐.md
300044,SZ,_ST赛为,-8.42%,high,,missing,,missing,重大诉讼败诉与仲裁裁决,high,[重大诉讼败诉与仲裁裁决],mid,missing,300044_SZ__ST赛为.md
300045,SZ,华力创通,+42.91%,high,,missing,-31.37%,high,卫星应用业务高增长,high,[卫星应用业务高增长],mid,missing,300045_SZ_华力创通.md
300046,SZ,台基股份,+12.58%,mid,+94.0%,high,,missing,脉冲功率器件突破,high,[脉冲功率器件突破],mid,missing,300046_SZ_台基股份.md
300047,SZ,天源迪科,+15.0%,high,,missing,,missing,ICT分销业务高增长,high,[ICT分销业务高增长],mid,missing,300047_SZ_天源迪科.md
300048,SZ,合康新能,+55.95%,high,+502.28%,high,,missing,美的集团品牌授权与渠道赋能,high,[美的集团品牌授权与渠道赋能],mid,missing,300048_SZ_合康新能.md
300049,SZ,福瑞医科,+0.58%,high,,missing,,missing,全球肝病无创诊断龙头Echosens业绩,high,[全球肝病无创诊断龙头Echosens业绩高增],mid,missing,300049_SZ_福瑞医科.md
300050,SZ,世纪鼎利,+36.0%,mid,盈,low,,missing,,missing,剥离非核心资产（新能源、低效业务）,mid,missing,300050_SZ_世纪鼎利.md
300053,SZ,航宇微,+30.67%,high,,missing,,missing,应收账款高企与坏账计提,high,[应收账款高企与坏账计提],mid,missing,300053_SZ_航宇微.md
300054,SZ,鼎龙股份,+37.27%,mid,+38.32%,high,,missing,半导体业务收入高增,high,[半导体业务收入高增],mid,missing,300054_SZ_鼎龙股份.md
300055,SZ,万邦达,,missing,,missing,,missing,危固废行业深度调整,high,[危固废行业深度调整],mid,missing,300055_SZ_万邦达.md
300057,SZ,万顺新材,+10.0%,high,,missing,,missing,国内外铝价倒挂 + 出口退税取消,high,[国内外铝价倒挂 + 出口退税取消],mid,missing,300057_SZ_万顺新材.md
300058,SZ,蓝色光标,+16.89%,mid,盈,low,+604.35%,high,出海业务高增长,high,[营收增长但毛利率极低],mid,low,300058_SZ_蓝色光标.md
300059,SZ,东方财富,+47.59%,mid,,missing,+91.5%,high,2025年A股市场日均成交额大幅增长,high,[2025年A股市场日均成交额大幅增长],mid,missing,300059_SZ_东方财富.md
300061,SZ,旗天科技,,missing,,missing,+29.86%,high,银行客户营销预算收缩,high,[银行客户营销预算收缩],mid,missing,300061_SZ_旗天科技.md
300062,SZ,中能电气,,missing,亏,low,↓,low,主业增长但新能源收缩,high,[主业增长但新能源收缩],mid,missing,300062_SZ_中能电气.md
300065,SZ,海兰信,+86.57%,high,盈,low,+36.74%,high,海洋观探测业务爆发,high,[海洋观探测业务爆发],mid,low,300065_SZ_海兰信.md
300066,SZ,三川智慧,+8.52%,mid,盈,low,-87.18%,high,,missing,[稀土价格企稳回升 + 内部精细化运营],mid,missing,300066_SZ_三川智慧.md
300070,SZ,碧水源,+18.71%,mid,,missing,↑,low,强化应收账款清欠,high,[强化应收账款清欠],mid,missing,300070_SZ_碧水源.md
300072,SZ,海新能科,+46.54%,high,,missing,,missing,生物航煤（SAF）产能投产与政策红利,high,[生物航煤（SAF）产能投产与政策红利],mid,missing,300072_SZ_海新能科.md
300073,SZ,当升科技,+37.12%,mid,,missing,,missing,,missing,全球新能源汽车销量增长29.1%，特别是中国占比70.3%、,mid,missing,300073_SZ_当升科技.md
300075,SZ,数字政通,-15.64%,high,盈,low,,missing,,missing,[地方财政紧缩]** ->,mid,missing,300075_SZ_数字政通.md
300077,SZ,国民技术,+16.51%,high,,missing,,missing,负极材料量价齐升,high,[负极材料量价齐升],mid,missing,300077_SZ_国民技术.md
300080,SZ,易成新能,+51.1%,mid,,missing,-354.42%,high,剥离亏损电池片业务,high,[剥离亏损电池片业务],high,missing,300080_SZ_易成新能.md
300083,SZ,创世纪,+15.53%,high,+114.27%,high,,missing,3C消费电子需求扩张,high,[3C消费电子需求扩张],mid,missing,300083_SZ_创世纪.md
300085,SZ,银之杰,+14.86%,mid,盈,low,,missing,传统业务战略收缩与行业竞争加剧,high,[传统业务战略收缩与行业竞争加剧],mid,missing,300085_SZ_银之杰.md
300087,SZ,荃银高科,+28.41%,high,-30.29%,high,,missing,行业供需失衡与同质化竞争加剧,high,[行业供需失衡与同质化竞争加剧],mid,missing,300087_SZ_荃银高科.md
300091,SZ,_ST金灵,,missing,,missing,,missing,流动性危机+破产重整不确定性,high,[流动性危机+破产重整不确定性],mid,missing,300091_SZ__ST金灵.md
300092,SZ,科新机电,+134.15%,mid,-62.18%,high,,missing,,missing,[客户产品结构变化 + 生产场地受限],mid,missing,300092_SZ_科新机电.md
300093,SZ,_ST金刚,,missing,盈,low,,missing,破产重整完成,high,[光伏行业产能过剩与价格低迷],mid,missing,300093_SZ__ST金刚.md
300097,SZ,智云股份,+7.24%,mid,,missing,,missing,触控显示模组设备下游需求萎缩,high,[触控显示模组设备下游需求萎缩],mid,missing,300097_SZ_智云股份.md
300098,SZ,高新兴,+40.39%,high,,missing,+164.78%,high,车载终端业务强劲增长,high,[车载终端业务强劲增长],mid,missing,300098_SZ_高新兴.md
300099,SZ,尤洛卡,+29.7%,high,+92.73%,high,,missing,剥离亏损资产富华宇祺,high,[剥离亏损资产富华宇祺],high,missing,300099_SZ_尤洛卡.md
300100,SZ,双林股份,,missing,+36.63%,high,,missing,汽车座椅水平驱动器（HDM）产销量突破3,high,[汽车座椅水平驱动器（HDM）产销量突破3000万件],mid,missing,300100_SZ_双林股份.md
300102,SZ,乾照光电,+70.0%,high,-6.45%,mid,,missing,海信集团协同赋能,high,[海信集团协同赋能],mid,missing,300102_SZ_乾照光电.md
300103,SZ,达刚控股,+99.09%,mid,,missing,,missing,新能源业务（恩科星）高速增长,high,[新能源业务（恩科星）高速增长],mid,missing,300103_SZ_达刚控股.md
300106,SZ,西部牧业,+5.63%,mid,,missing,,missing,,missing,[饲料业务萎缩]** ->,mid,missing,300106_SZ_西部牧业.md
300107,SZ,建新股份,+20.14%,high,亏,low,,missing,行业需求偏弱与竞争加剧,high,[行业需求偏弱与竞争加剧],mid,missing,300107_SZ_建新股份.md
300110,SZ,华仁药业,,missing,亏,low,,missing,商誉减值,high,[原料+制剂一体化],mid,missing,300110_SZ_华仁药业.md
300111,SZ,向日葵,-17.81%,high,亏,low,,missing,市场下行与集采深化,high,[市场下行与集采深化],mid,missing,300111_SZ_向日葵.md
300112,SZ,万讯自控,,missing,亏,low,-31.72%,high,行业竞争加剧，毛利率承压,high,[行业竞争加剧，毛利率承压],mid,missing,300112_SZ_万讯自控.md
300113,SZ,顺网科技,+7.92%,mid,+65.8%,high,,missing,非经常性损益大幅增加,high,[非经常性损益大幅增加],mid,missing,300113_SZ_顺网科技.md
300115,SZ,长盈精密,+11.13%,high,+7.3%,high,,missing,AI硬件迭代加速,high,[AI硬件迭代加速],mid,missing,300115_SZ_长盈精密.md
300118,SZ,东方日升,,missing,,missing,,missing,光伏行业供需严重错配,high,[光伏行业供需严重错配],mid,missing,300118_SZ_东方日升.md
300119,SZ,瑞普生物,+23.42%,mid,+33.18%,high,,missing,,missing,宠物赛道“三瑞齐发”生态协同,mid,missing,300119_SZ_瑞普生物.md
300121,SZ,阳谷华泰,+30.88%,mid,+30.88%,high,,missing,,missing,防焦剂CTP全球垄断地位,mid,missing,300121_SZ_阳谷华泰.md
300123,SZ,ST亚光,,missing,,missing,,missing,下游客户采购计划延后、交付延期,high,[下游客户采购计划延后、交付延期],mid,missing,300123_SZ_ST亚光.md
300125,SZ,_ST聆达,+265.85%,high,盈,low,,missing,重整计划执行完毕,high,[重整计划执行完毕],mid,missing,300125_SZ__ST聆达.md
300126,SZ,锐奇股份,+12.21%,mid,,missing,,missing,原材料价格上涨,high,[管理费用、研发费用增加],mid,missing,300126_SZ_锐奇股份.md
300127,SZ,银河磁体,+7.38%,high,+20.75%,high,,missing,销量与均价双升,high,[汽车与节能电机需求],mid,missing,300127_SZ_银河磁体.md
300129,SZ,泰胜风能,+7.36%,high,+17.93%,high,,missing,陆上风电业务强劲增长,high,[陆上风电业务强劲增长],mid,missing,300129_SZ_泰胜风能.md
300130,SZ,新国都,+1.03%,high,,missing,,missing,海外电子支付设备销售增长,high,[海外电子支付设备销售增长],mid,missing,300130_SZ_新国都.md
300133,SZ,华策影视,+45.87%,high,-21.36%,high,,missing,收入结构剧变,high,[非经常性损益依赖],mid,missing,300133_SZ_华策影视.md
300136,SZ,信维通信,+1.9%,mid,,missing,,missing,产品结构优化，淘汰低毛利产品,high,[产品结构优化，淘汰低毛利产品],mid,missing,300136_SZ_信维通信.md
300137,SZ,先河环保,+14.55%,mid,盈,low,,missing,业务结构优化，运营及咨询占比提升,high,[业务结构优化，运营及咨询占比提升],mid,missing,300137_SZ_先河环保.md
300138,SZ,晨光生物,,missing,-11.46%,mid,,missing,原材料成本下降,high,[天然色素替代合成色素],mid,missing,300138_SZ_晨光生物.md
300140,SZ,节能环境,+18.23%,mid,,missing,+17.46%,high,固废综合处理业务规模领先,high,[固废综合处理业务规模领先],mid,missing,300140_SZ_节能环境.md
300142,SZ,沃森生物,+37.0%,mid,-11.94%,high,,missing,国内疫苗行业竞争加剧、产品价格承压,high,[国内疫苗行业竞争加剧、产品价格承压],mid,missing,300142_SZ_沃森生物.md
300143,SZ,盈康生命,+20.93%,high,+28.5%,high,,missing,,missing,并购整合（长沙珂信、圣诺、优尼）,mid,missing,300143_SZ_盈康生命.md
300144,SZ,宋城演艺,+10.6%,high,-22.03%,high,,missing,宏观经济与消费信心波动,high,[宏观经济与消费信心波动],mid,missing,300144_SZ_宋城演艺.md
300145,SZ,南方泵业,+4.38%,high,,missing,,missing,泵业核心主业聚焦,high,[泵业核心主业聚焦],mid,missing,300145_SZ_南方泵业.md
300146,SZ,汤臣倍健,+16.43%,mid,+19.81%,high,,missing,线下渠道收入大幅下滑,high,[线下渠道收入大幅下滑],high,missing,300146_SZ_汤臣倍健.md
300148,SZ,天舟文化,+25.41%,high,+106.43%,high,↑,low,青少年教辅图书业务增长,high,[青少年教辅图书业务增长],mid,low,300148_SZ_天舟文化.md
300150,SZ,世纪瑞尔,,missing,,missing,↓,low,,missing,国家铁路固定资产投资创历史新高（9015亿元，同比+6%）,mid,missing,300150_SZ_世纪瑞尔.md
300151,SZ,昌红科技,+4.47%,mid,-23.63%,mid,,missing,医疗耗材大客户项目落地,high,[医疗耗材大客户项目落地],mid,missing,300151_SZ_昌红科技.md
300153,SZ,科泰电源,+38.44%,high,,missing,-22.82%,high,AIDC/数据中心建设浪潮,high,[AIDC/数据中心建设浪潮],mid,missing,300153_SZ_科泰电源.md
300154,SZ,瑞凌股份,-50.84%,high,-30.55%,mid,↑,low,主营业务收入下滑,high,[主营业务收入下滑],high,low,300154_SZ_瑞凌股份.md
300158,SZ,振东制药,-6.33%,high,,missing,,missing,主动收缩非核心亏损业务,high,[主动收缩非核心亏损业务],high,missing,300158_SZ_振东制药.md
300160,SZ,秀强股份,+5.12%,high,-11.98%,high,,missing,下游需求分化与客户新品导入,high,[下游需求分化与客户新品导入],mid,missing,300160_SZ_秀强股份.md
300164,SZ,通源石油,,missing,-34.19%,high,+11.63%,high,,missing,油价下行与行业竞争加剧,mid,missing,300164_SZ_通源石油.md
300166,SZ,东方国信,-6.66%,high,亏,low,+41.17%,high,宏观环境导致客户投资收缩,high,[宏观环境导致客户投资收缩],mid,low,300166_SZ_东方国信.md
300174,SZ,元力股份,-13.07%,mid,-19.78%,high,,missing,活性炭产销规模持续扩大,high,[活性炭产销规模持续扩大],mid,missing,300174_SZ_元力股份.md
300175,SZ,ST朗源,+58.72%,high,,missing,,missing,原材料价格上涨,high,[行政处罚罚款500万元],mid,missing,300175_SZ_ST朗源.md
300177,SZ,中海达,+165.0%,mid,-63.6%,mid,-63.6%,high,,missing,[海外市场竞争加剧 & 国内政策阶段性变化],mid,missing,300177_SZ_中海达.md
300179,SZ,四方达,+7.98%,high,-20.77%,high,↓,low,,missing,CVD金刚石业务（河南天璇）处于产能爬坡与亏损期,high,missing,300179_SZ_四方达.md
300180,SZ,华峰超纤,-12.73%,high,-61.64%,mid,,missing,下游需求放缓与主动调整销售策略,high,[下游需求放缓与主动调整销售策略],mid,missing,300180_SZ_华峰超纤.md
300183,SZ,东软载波,+45.72%,high,,missing,,missing,电网投资结构向特高压倾斜,high,[电网投资结构向特高压倾斜],mid,missing,300183_SZ_东软载波.md
300184,SZ,力源信息,+13.37%,high,+74.69%,high,,missing,AI算力需求爆发,high,[AI算力需求爆发],mid,missing,300184_SZ_力源信息.md
300185,SZ,通裕重工,+18.54%,mid,,missing,,missing,,missing,风电市场景气度提升（欧洲装机增长、单机容量大型化）,mid,missing,300185_SZ_通裕重工.md
300187,SZ,永清环保,,missing,+14.0%,high,,missing,垃圾焚烧发电稳定运营,high,[垃圾焚烧发电稳定运营],mid,missing,300187_SZ_永清环保.md
300188,SZ,国投智能,-20.23%,high,,missing,+364.74%,high,客户预算收紧与行业竞争加剧,high,[客户预算收紧与行业竞争加剧],mid,missing,300188_SZ_国投智能.md
300189,SZ,神农种业,+59.18%,high,+311.61%,high,,missing,处置联营企业股权,high,[处置联营企业股权],mid,missing,300189_SZ_神农种业.md
300190,SZ,维尔利,+23.48%,mid,,missing,,missing,战略性收缩传统环保工程,high,[战略性收缩传统环保工程],mid,missing,300190_SZ_维尔利.md
300191,SZ,潜能恒信,+46.88%,high,,missing,,missing,涠洲5-3油田正式投产,high,[涠洲5-3油田正式投产],mid,missing,300191_SZ_潜能恒信.md
300193,SZ,佳士科技,+16.25%,high,-22.38%,high,,missing,,missing,海外销售占比高（48.27%）且以美元结算,mid,missing,300193_SZ_佳士科技.md
300196,SZ,长海股份,,missing,,missing,,missing,新建产能完整年度释放,high,[新建产能完整年度释放],mid,missing,300196_SZ_长海股份.md
300197,SZ,节能铁汉,-53.9%,mid,,missing,,missing,历史PPP项目大规模减值,high,[历史PPP项目大规模减值],high,missing,300197_SZ_节能铁汉.md
300200,SZ,高盟新材,+11.74%,high,-23.18%,high,↓,low,营收增长但利润下滑,high,[营收增长但利润下滑],high,low,300200_SZ_高盟新材.md
300201,SZ,海伦哲,+79.64%,mid,,missing,+800.0%,high,,missing,处置低效资产（上海良基）,mid,missing,300201_SZ_海伦哲.md
300203,SZ,聚光科技,-17.0%,high,亏,low,,missing,下游需求阶段性收缩与客户采购延迟,high,[下游需求阶段性收缩与客户采购延迟],mid,missing,300203_SZ_聚光科技.md
300205,SZ,_ST天喻,-83.39%,mid,,missing,,missing,美国SDN制裁持续,high,[美国SDN制裁持续],mid,missing,300205_SZ__ST天喻.md
300206,SZ,理邦仪器,+14.1%,mid,,missing,,missing,全球化本地化运营深化,high,[全球化本地化运营深化],mid,missing,300206_SZ_理邦仪器.md
300207,SZ,欣旺达,+12.9%,high,,missing,,missing,诉讼和解巨额赔偿,high,[诉讼和解巨额赔偿],mid,missing,300207_SZ_欣旺达.md
300210,SZ,森远股份,+44.33%,high,盈,low,↑,low,设备更新与安全应急政策,high,[设备更新与安全应急政策],mid,low,300210_SZ_森远股份.md
300211,SZ,_ST亿通,+61.0%,mid,,missing,,missing,广电行业萎缩,high,[芯片业务“先重投、后盈利”],mid,missing,300211_SZ__ST亿通.md
300213,SZ,佳讯飞鸿,-24.92%,high,亏,low,+130.88%,high,子公司航通智能业绩大幅下滑,high,[子公司航通智能业绩大幅下滑],high,low,300213_SZ_佳讯飞鸿.md
300217,SZ,东方电热,+205.47%,mid,,missing,,missing,多晶硅行业景气度下行,high,[多晶硅行业景气度下行],mid,missing,300217_SZ_东方电热.md
300218,SZ,安利股份,-32.36%,mid,-32.36%,mid,,missing,产销量下降,high,[员工持股计划费用],mid,missing,300218_SZ_安利股份.md
300221,SZ,银禧科技,+21.0%,high,+115.0%,high,↑,low,产能释放与搬迁影响消退,high,[产能释放与搬迁影响消退],mid,low,300221_SZ_银禧科技.md
300223,SZ,北京君正,+12.43%,mid,,missing,,missing,AI基建爆发与存储大厂产能转移,high,[AI基建爆发与存储大厂产能转移],mid,missing,300223_SZ_北京君正.md
300227,SZ,光韵达,+41.0%,high,,missing,+159.0%,high,收购亿联无限与凌轩精密,high,[收购亿联无限与凌轩精密],mid,missing,300227_SZ_光韵达.md
300229,SZ,拓尔思,+1.67%,mid,,missing,+185.0%,high,下游客户IT预算收缩,high,[下游客户IT预算收缩],mid,missing,300229_SZ_拓尔思.md
300231,SZ,银信科技,+15.71%,high,盈,low,-63.92%,high,算力服务业务爆发式增长,high,[算力服务业务爆发式增长],mid,low,300231_SZ_银信科技.md
300233,SZ,金城医药,-77.55%,high,-77.55%,high,,missing,集采降价与市场竞争,high,[集采降价与市场竞争],mid,missing,300233_SZ_金城医药.md
300234,SZ,开尔新材,-34.43%,high,,missing,,missing,,missing,[基建投资边际减弱+行业竞争加剧],mid,missing,300234_SZ_开尔新材.md
300235,SZ,方直科技,-1.41%,high,+27.85%,high,,missing,,missing,执象科技收购并表** ->,mid,missing,300235_SZ_方直科技.md
300236,SZ,上海新阳,+46.5%,mid,,missing,,missing,晶圆制造用关键工艺材料销量增长45%,high,[晶圆制造用关键工艺材料销量增长45%],mid,missing,300236_SZ_上海新阳.md
300237,SZ,ST美晨,+13.92%,mid,,missing,,missing,聚焦非轮胎橡胶主业，剥离园林亏损资产,high,[聚焦非轮胎橡胶主业，剥离园林亏损资产],high,missing,300237_SZ_ST美晨.md
300238,SZ,冠昊生物,+1.3%,high,,missing,+44.23%,high,,missing,本维莫德乳膏纳入常规医保药品目录,mid,missing,300238_SZ_冠昊生物.md
300239,SZ,东宝生物,+15.35%,mid,-36.8%,high,↑,low,明胶市场阶段性波动,high,[明胶市场阶段性波动],mid,low,300239_SZ_东宝生物.md
300240,SZ,飞力达,+13.04%,mid,盈,low,↑,low,主动收缩低毛利业务,high,[主动收缩低毛利业务],mid,low,300240_SZ_飞力达.md
300242,SZ,佳云科技,+15.25%,mid,,missing,,missing,,missing,公司收入同比增长15.25%,mid,missing,300242_SZ_佳云科技.md
300243,SZ,瑞丰高材,-1.59%,high,,missing,↑,low,原材料价格下行,high,[工程塑料助剂放量],mid,missing,300243_SZ_瑞丰高材.md
300244,SZ,迪安诊断,-17.22%,high,盈,low,↑,low,战略聚焦“现金流＞利润＞收入”,high,[战略聚焦“现金流＞利润＞收入”],mid,low,300244_SZ_迪安诊断.md
300246,SZ,宝莱特,+5.17%,mid,,missing,↑,low,血透耗材集采降价,high,[血透耗材集采降价],mid,missing,300246_SZ_宝莱特.md
300247,SZ,融捷健康,+35.48%,high,+59.65%,high,,missing,北美市场远红外桑拿房需求爆发,high,[北美市场远红外桑拿房需求爆发],mid,missing,300247_SZ_融捷健康.md
300248,SZ,新开普,,missing,,missing,,missing,,missing,,missing,missing,300248_SZ_新开普.md
300249,SZ,依米康,,missing,-31.57%,mid,-31.57%,high,AI算力基建爆发,high,[AI算力基建爆发],mid,missing,300249_SZ_依米康.md
300251,SZ,光线传媒,,missing,,missing,,missing,,missing,[《哪吒之魔童闹海》现象级票房],mid,missing,300251_SZ_光线传媒.md
300253,SZ,卫宁健康,+36.28%,mid,亏,low,+36.28%,high,WiNEX产品升级替换期,high,[WiNEX产品升级替换期],mid,low,300253_SZ_卫宁健康.md
300257,SZ,开山股份,,missing,,missing,,missing,地热电站“边建设、边发电”模式,high,[地热电站“边建设、边发电”模式],mid,missing,300257_SZ_开山股份.md
300258,SZ,精锻科技,+13.64%,high,-36.14%,mid,,missing,行业价格战传导,high,[新能源转型结构性机遇],mid,missing,300258_SZ_精锻科技.md
300259,SZ,新天科技,+19.79%,high,+30.81%,high,,missing,政策驱动智慧水务/燃气/热力改造,high,[政策驱动智慧水务/燃气/热力改造],mid,missing,300259_SZ_新天科技.md
300263,SZ,隆华科技,+47.0%,mid,,missing,+1085.0%,high,电子新材料业务高增长,high,[电子新材料业务高增长],mid,missing,300263_SZ_隆华科技.md
300264,SZ,佳创视讯,+112.63%,mid,,missing,,missing,主动收缩低毛利系统集成业务,high,[主动收缩低毛利系统集成业务],mid,missing,300264_SZ_佳创视讯.md
300267,SZ,尔康制药,+2034.56%,high,,missing,+54.59%,high,新能源材料业务爆发,high,[新能源材料业务爆发],mid,missing,300267_SZ_尔康制药.md
300268,SZ,_ST佳沃,,missing,,missing,,missing,,missing,[剥离巨亏三文鱼资产],mid,missing,300268_SZ__ST佳沃.md
300269,SZ,联建光电,-23.09%,high,,missing,,missing,行业价格战与内需疲软,high,[行业价格战与内需疲软],mid,missing,300269_SZ_联建光电.md
300270,SZ,中威电子,-7.43%,high,,missing,,missing,应收款项回款不及预期,high,[应收款项回款不及预期],mid,missing,300270_SZ_中威电子.md
300274,SZ,阳光电源,+49.39%,mid,,missing,+40.18%,high,储能系统全球需求爆发,high,[储能系统全球需求爆发],mid,missing,300274_SZ_阳光电源.md
300281,SZ,金明精机,,missing,,missing,,missing,,missing,,missing,missing,300281_SZ_金明精机.md
300283,SZ,温州宏丰,+19.93%,high,+125.12%,high,,missing,原材料价格单边上涨,high,[原材料价格单边上涨],mid,missing,300283_SZ_温州宏丰.md
300285,SZ,国瓷材料,+21.23%,mid,,missing,,missing,AI算力与汽车电子需求爆发,high,[AI算力与汽车电子需求爆发],mid,missing,300285_SZ_国瓷材料.md
300286,SZ,安科瑞,+24.01%,mid,+20.81%,high,,missing,产品升级至EMS 3.0,high,[产品升级至EMS 3.0],mid,missing,300286_SZ_安科瑞.md
300287,SZ,飞利信,,missing,,missing,,missing,客户预算收缩与项目延期,high,[客户预算收缩与项目延期],mid,missing,300287_SZ_飞利信.md
300289,SZ,利德曼,+30.45%,mid,,missing,,missing,诊断试剂集采扩面与医保控费,high,[诊断试剂集采扩面与医保控费],mid,missing,300289_SZ_利德曼.md
300290,SZ,荣科科技,,missing,,missing,,missing,,missing,,missing,missing,300290_SZ_荣科科技.md
300292,SZ,吴通控股,-10.86%,high,+27.15%,high,,missing,移动信息服务业务稳定,high,[移动信息服务业务稳定],mid,missing,300292_SZ_吴通控股.md
300294,SZ,博雅生物,+10.0%,mid,-71.61%,high,,missing,格林克产品市场下行,high,[格林克产品市场下行],mid,missing,300294_SZ_博雅生物.md
300295,SZ,_ST三六五,-12.0%,high,盈,low,,missing,房地产市场深度调整,high,[房地产市场深度调整],mid,missing,300295_SZ__ST三六五.md
300296,SZ,利亚德,-17.28%,high,盈,low,,missing,,missing,海外市场扩张（境外显示营收占比升至54.32%）,mid,missing,300296_SZ_利亚德.md
300301,SZ,ST长方,-21.48%,high,,missing,,missing,全球LED照明进入存量竞争，行业需求萎缩,high,[全球LED照明进入存量竞争，行业需求萎缩],mid,missing,300301_SZ_ST长方.md
300304,SZ,云意电气,+50.46%,high,,missing,,missing,传统业务（智能电源控制器）增速放缓，占比,high,[传统业务（智能电源控制器）增速放缓，占比降至50%以下],mid,missing,300304_SZ_云意电气.md
300305,SZ,裕兴股份,+31.97%,mid,,missing,,missing,,missing,光伏行业技术路线变化：N型双面组件取代单玻组件,mid,missing,300305_SZ_裕兴股份.md
300306,SZ,远方信息,+26.66%,mid,,missing,,missing,,missing,[老产品需求放缓 + 新产品放量不及预期],mid,missing,300306_SZ_远方信息.md
300307,SZ,慈星股份,+61.64%,mid,,missing,,missing,,missing,横机行业同质化竞争加剧,mid,missing,300307_SZ_慈星股份.md
300308,SZ,中际旭创,+67.2%,mid,,missing,+244.31%,high,AI算力需求爆发,high,[AI算力需求爆发],mid,missing,300308_SZ_中际旭创.md
300310,SZ,宜通世纪,+35.51%,mid,,missing,,missing,运营商降本增效压力持续传导,high,[运营商降本增效压力持续传导],high,missing,300310_SZ_宜通世纪.md
300313,SZ,_ST天山,+45.56%,mid,,missing,-86.44%,high,,missing,[国内活牛市场行情低迷 & 海外低价牛肉大规模进口],mid,missing,300313_SZ__ST天山.md
300314,SZ,戴维医疗,+15.48%,high,,missing,,missing,,missing,研发投入持续高增（研发费用5930万元，占营收10.15%）,mid,missing,300314_SZ_戴维医疗.md
300316,SZ,晶盛机电,-64.75%,mid,-64.75%,high,,missing,光伏行业周期性调整,high,[光伏行业周期性调整],mid,missing,300316_SZ_晶盛机电.md
300317,SZ,珈伟新能,+28.76%,high,,missing,↑,low,光伏电站EPC及BT业务收入增长，但毛利,high,[光伏电站EPC及BT业务收入增长，但毛利率被挤压],mid,missing,300317_SZ_珈伟新能.md
300318,SZ,博晖创新,+37.34%,mid,亏,low,↓,low,集采降价,high,[业务合作终止补偿及资产减值],high,low,300318_SZ_博晖创新.md
300319,SZ,麦捷科技,,missing,,missing,,missing,AI算力需求爆发,high,[AI算力需求爆发],mid,missing,300319_SZ_麦捷科技.md
300320,SZ,海达股份,+14.0%,mid,,missing,+277.0%,high,汽车整车密封业务规模化放量,high,[汽车整车密封业务规模化放量],mid,missing,300320_SZ_海达股份.md
300321,SZ,同大股份,+6.57%,high,+33.58%,high,+99.39%,high,,missing,产品结构优化（超纤基布收入+69.93%）,mid,missing,300321_SZ_同大股份.md
300322,SZ,硕贝德,+32.88%,mid,盈,low,+5.52%,high,消费电子市场回暖 + 新项目订单,high,[消费电子市场回暖 + 新项目订单],mid,low,300322_SZ_硕贝德.md
300323,SZ,华灿光电,+31.07%,high,,missing,↓,low,产能扩张与市场开拓,high,[产能扩张与市场开拓],mid,missing,300323_SZ_华灿光电.md
300324,SZ,旋极信息,-23.17%,high,,missing,↓,low,行业数字化业务（算力中心建设）收入大幅下,high,[行业数字化业务（算力中心建设）收入大幅下滑],high,missing,300324_SZ_旋极信息.md
300326,SZ,ST凯利,,missing,,missing,,missing,集采政策全面执行,high,[集采政策全面执行],mid,missing,300326_SZ_ST凯利.md
300327,SZ,中颖电子,,missing,,missing,,missing,,missing,,missing,missing,300327_SZ_中颖电子.md
300328,SZ,宜安科技,+4.47%,high,,missing,,missing,,missing,[营收微增但利润巨亏],mid,missing,300328_SZ_宜安科技.md
300329,SZ,海伦钢琴,-33.24%,mid,,missing,,missing,传统钢琴市场需求萎缩,high,[传统钢琴市场需求萎缩],mid,missing,300329_SZ_海伦钢琴.md
300331,SZ,苏大维格,+163.0%,high,+371.0%,high,,missing,反光材料业务持续亏损,high,[反光材料业务持续亏损],high,missing,300331_SZ_苏大维格.md
300332,SZ,天壕能源,-33.14%,high,亏,low,,missing,主动收缩低毛利燃气贸易,high,[主动收缩低毛利燃气贸易],mid,missing,300332_SZ_天壕能源.md
300333,SZ,兆日科技,,missing,,missing,,missing,传统业务市场饱和,high,[传统业务市场饱和],mid,missing,300333_SZ_兆日科技.md
300334,SZ,津膜科技,,missing,亏,low,,missing,新签订单增长但收入确认滞后,high,[新签订单增长但收入确认滞后],mid,missing,300334_SZ_津膜科技.md
300337,SZ,银邦股份,+19.48%,high,-19.81%,high,,missing,,missing,[营收增长但利润下滑],high,missing,300337_SZ_银邦股份.md
300339,SZ,润和软件,+17.15%,high,+36.96%,high,↑,low,创新业务高速增长,high,[创新业务高速增长],mid,low,300339_SZ_润和软件.md
300340,SZ,科恒股份,+13.96%,mid,,missing,,missing,锂电池行业竞争加剧,high,[锂电池行业竞争加剧],mid,missing,300340_SZ_科恒股份.md
300342,SZ,天银机电,,missing,+114.0%,high,+6.9%,high,家电行业“量稳价跌”,high,[家电行业“量稳价跌”],mid,missing,300342_SZ_天银机电.md
300343,SZ,ST联创,,missing,,missing,,missing,配额转让收入,high,[含氟新材料毛利率提升],mid,missing,300343_SZ_ST联创.md
300346,SZ,南大光电,+23.46%,high,,missing,,missing,半导体材料国产替代加速,high,[半导体材料国产替代加速],mid,missing,300346_SZ_南大光电.md
300347,SZ,泰格医药,+119.15%,mid,+119.15%,high,,missing,,missing,生物医药行业周期及政策环境变化,mid,missing,300347_SZ_泰格医药.md
300348,SZ,长亮科技,+12.76%,high,+10.82%,high,,missing,大型项目集中验收,high,[大型项目集中验收],mid,missing,300348_SZ_长亮科技.md
300349,SZ,金卡智能,+5.26%,high,-5.26%,mid,,missing,老旧管网改造与城市生命线政策红利,high,[老旧管网改造与城市生命线政策红利],mid,missing,300349_SZ_金卡智能.md
300351,SZ,永贵电器,,missing,+20.0%,high,,missing,,missing,,missing,missing,300351_SZ_永贵电器.md
300354,SZ,东华测试,+5.72%,high,,missing,↑,low,,missing,PHM与数字孪生系统渗透,mid,missing,300354_SZ_东华测试.md
300355,SZ,蒙草生态,+42.59%,high,-42.59%,high,,missing,“三北”工程国家战略,high,[“三北”工程国家战略],mid,missing,300355_SZ_蒙草生态.md
300357,SZ,我武生物,+14.81%,high,,missing,+61.25%,high,主导产品“粉尘螨滴剂”稳健增长,high,[主导产品“粉尘螨滴剂”稳健增长],mid,missing,300357_SZ_我武生物.md
300358,SZ,楚天科技,,missing,,missing,,missing,,missing,公司坚持研发创新，底层技术突破（如精密输送模组、AI灯检检漏,mid,missing,300358_SZ_楚天科技.md
300363,SZ,博腾股份,+13.54%,mid,盈,low,+86.67%,high,收入恢复增长,high,[小分子原料药核心业务驱动],mid,low,300363_SZ_博腾股份.md
300364,SZ,中文在线,+44.76%,high,,missing,↑,low,海外短剧平台FlareFlow大规模投入,high,[海外短剧平台FlareFlow大规模投入],mid,missing,300364_SZ_中文在线.md
300365,SZ,恒华科技,-6.42%,mid,,missing,,missing,行业竞争加剧,high,[新能源市场化改革],mid,missing,300365_SZ_恒华科技.md
300368,SZ,汇金股份,,missing,,missing,,missing,下游需求萎缩与竞争加剧,high,[下游需求萎缩与竞争加剧],mid,missing,300368_SZ_汇金股份.md
300370,SZ,安控科技,+24.15%,high,,missing,↑,low,油气行业自动化升级需求释放,high,[油气行业自动化升级需求释放],mid,missing,300370_SZ_安控科技.md
300371,SZ,汇中股份,-26.31%,high,,missing,↑,low,海外市场高价值订单放量,high,[海外市场高价值订单放量],mid,missing,300371_SZ_汇中股份.md
300373,SZ,扬杰科技,+18.18%,high,,missing,+22.36%,high,AI与新能源需求爆发,high,[AI与新能源需求爆发],mid,missing,300373_SZ_扬杰科技.md
300374,SZ,中铁装配,+9.38%,mid,,missing,+63.42%,high,核心业务毛利率下降,high,[核心业务毛利率下降],mid,missing,300374_SZ_中铁装配.md
300377,SZ,赢时胜,,missing,亏,low,-94.54%,high,AI原生+信创双轮驱动,high,[AI原生+信创双轮驱动],mid,missing,300377_SZ_赢时胜.md
300378,SZ,鼎捷数智,+18.41%,mid,+5.04%,high,-2.42%,high,,missing,研发投入增加（3.44亿元，研发人员占比31.80%）,mid,missing,300378_SZ_鼎捷数智.md
300381,SZ,溢多利,+0.73%,high,亏,low,+74.97%,high,大规模资本开支与产能升级,high,[大规模资本开支与产能升级],mid,low,300381_SZ_溢多利.md
300385,SZ,ST雪浪,-28.69%,high,,missing,,missing,下游行业需求萎缩,high,[下游行业需求萎缩],mid,missing,300385_SZ_ST雪浪.md
300386,SZ,飞天诚信,+4.03%,mid,盈,low,,missing,传统身份认证产品需求萎缩,high,[传统身份认证产品需求萎缩],mid,missing,300386_SZ_飞天诚信.md
300387,SZ,富邦科技,+24.2%,high,+15.36%,high,,missing,全球化肥助剂龙头地位,high,[全球化肥助剂龙头地位],mid,missing,300387_SZ_富邦科技.md
300388,SZ,节能国祯,+1.82%,mid,,missing,,missing,行业进入存量运营期,high,[行业进入存量运营期],mid,missing,300388_SZ_节能国祯.md
300389,SZ,艾比森,,missing,,missing,,missing,全球渠道深耕+品牌溢价,high,[全球渠道深耕+品牌溢价],mid,missing,300389_SZ_艾比森.md
300390,SZ,天华新能,+14.23%,high,-51.77%,mid,↓,low,锂盐价格回暖,high,[锂电材料毛利率暴跌],mid,low,300390_SZ_天华新能.md
300394,SZ,天孚通信,,missing,,missing,,missing,AI算力需求爆发,high,[AI算力需求爆发],mid,missing,300394_SZ_天孚通信.md
300395,SZ,菲利华,,missing,,missing,,missing,AI算力需求拉动半导体景气度,high,[AI算力需求拉动半导体景气度],mid,missing,300395_SZ_菲利华.md
300397,SZ,天和防务,+24.2%,high,+124.0%,high,,missing,军品升级改造项目交付,high,[军品升级改造项目交付],mid,missing,300397_SZ_天和防务.md
300398,SZ,飞凯材料,+17.33%,high,,missing,,missing,AI算力与数据中心需求爆发,high,[AI算力与数据中心需求爆发],mid,missing,300398_SZ_飞凯材料.md
300400,SZ,劲拓股份,+14.49%,mid,,missing,+108.99%,high,核心业务聚焦与战略收缩,high,[核心业务聚焦与战略收缩],mid,missing,300400_SZ_劲拓股份.md
300401,SZ,花园生物,+31.92%,mid,+12.96%,high,,missing,维生素D3全产业链成本优势,high,[维生素D3全产业链成本优势],mid,missing,300401_SZ_花园生物.md
300402,SZ,宝色股份,-18.8%,high,-71.69%,high,,missing,下游化工/新能源行业投资放缓,high,[下游化工/新能源行业投资放缓],mid,missing,300402_SZ_宝色股份.md
300403,SZ,汉宇集团,-5.02%,mid,-5.02%,mid,,missing,全球家电产量稳定增长,high,[全球家电产量稳定增长],mid,missing,300403_SZ_汉宇集团.md
300404,SZ,博济医药,+17.06%,high,,missing,+224.9%,high,临床研究服务收入增长19.53%,high,[临床研究服务收入增长19.53%],mid,missing,300404_SZ_博济医药.md
300407,SZ,凯发电气,+21.42%,high,-25.0%,high,↑,low,德国铁路基础设施投资持续增长,high,[德国铁路基础设施投资持续增长],mid,low,300407_SZ_凯发电气.md
300408,SZ,三环集团,+22.13%,high,,missing,+19.74%,high,MLCC产品放量,high,[MLCC产品放量],mid,missing,300408_SZ_三环集团.md
300409,SZ,道氏技术,,missing,,missing,+49.3%,high,刚果(金)阴极铜产能释放+铜价高位运行,high,[刚果(金)阴极铜产能释放+铜价高位运行],mid,missing,300409_SZ_道氏技术.md
300410,SZ,正业科技,+116.46%,mid,盈,low,,missing,,missing,,missing,missing,300410_SZ_正业科技.md
300412,SZ,迦南科技,+143.97%,high,-58.28%,high,+54.47%,high,,missing,下游制药行业政策驱动,mid,missing,300412_SZ_迦南科技.md
300413,SZ,芒果超媒,-29.93%,mid,-29.93%,mid,,missing,内容自制优势,high,[小芒电商GMV增长与盈利],mid,missing,300413_SZ_芒果超媒.md
300415,SZ,伊之密,+19.46%,high,+16.58%,high,,missing,行业景气度回升 + 新产品放量,high,[行业景气度回升 + 新产品放量],mid,missing,300415_SZ_伊之密.md
300416,SZ,苏试试验,+8.28%,high,+12.22%,high,,missing,,missing,,missing,missing,300416_SZ_苏试试验.md
300417,SZ,南华仪器,+31.92%,mid,,missing,,missing,并购嘉得力,high,[政策驱动设备更新],mid,missing,300417_SZ_南华仪器.md
300418,SZ,昆仑万维,+44.78%,high,,missing,,missing,短剧和AI短剧平台业务爆发,high,[短剧和AI短剧平台业务爆发],mid,missing,300418_SZ_昆仑万维.md
300422,SZ,博世科,,missing,,missing,,missing,,missing,公司核心技术（如二氧化氯制备、工业废水近零排放）达到国际先进,mid,missing,300422_SZ_博世科.md
300426,SZ,华智数媒,,missing,,missing,,missing,影视剧项目成本集中结转,high,[影视剧项目成本集中结转],mid,missing,300426_SZ_华智数媒.md
300433,SZ,蓝思科技,+5.94%,high,,missing,,missing,,missing,AI智能终端（手机/电脑）结构升级,mid,missing,300433_SZ_蓝思科技.md
300437,SZ,清水源,-20.43%,high,,missing,,missing,水处理剂量价齐跌,high,[水处理剂量价齐跌],mid,missing,300437_SZ_清水源.md
300442,SZ,润泽科技,,missing,,missing,,missing,AI产业爆发式增长,high,[AI产业爆发式增长],mid,missing,300442_SZ_润泽科技.md
300443,SZ,金雷股份,+26.54%,high,+81.97%,high,↓,low,铸造产能释放,high,[行业反内卷与大型化],mid,low,300443_SZ_金雷股份.md
300444,SZ,双杰电气,+39.0%,high,+129.0%,high,,missing,,missing,持有河北金力股份公允价值变动,mid,missing,300444_SZ_双杰电气.md
300445,SZ,康斯特,+6.4%,high,,missing,,missing,,missing,,missing,missing,300445_SZ_康斯特.md
300446,SZ,航天智造,+17.97%,mid,,missing,,missing,汽车零部件业务受益于自主品牌崛起,high,[汽车零部件业务受益于自主品牌崛起],mid,missing,300446_SZ_航天智造.md
300448,SZ,浩云科技,-15.09%,high,-15.09%,mid,↓,low,客户需求放缓与竞争加剧,high,[客户需求放缓与竞争加剧],mid,low,300448_SZ_浩云科技.md
300450,SZ,先导智能,+21.83%,high,+446.58%,high,↑,low,下游需求复苏,high,[经营性现金流大幅改善],mid,low,300450_SZ_先导智能.md
300451,SZ,创业慧康,-26.07%,high,亏,low,,missing,下游客户预算收缩与项目延期,high,[下游客户预算收缩与项目延期],mid,missing,300451_SZ_创业慧康.md
300454,SZ,深信服,+6.96%,high,+99.52%,high,,missing,,missing,云计算业务（超融合HCI）高增长,mid,missing,300454_SZ_深信服.md
300455,SZ,航天智装,,missing,,missing,,missing,,missing,[核工业专项工程价格审核],mid,missing,300455_SZ_航天智装.md
300456,SZ,赛微电子,-31.59%,high,+966.77%,high,,missing,出售瑞典Silex控制权,high,[出售瑞典Silex控制权],mid,missing,300456_SZ_赛微电子.md
300457,SZ,赢合科技,+29.81%,mid,,missing,+2899.42%,high,,missing,全球新能源车销量增长21.5%，动力电池使用量增长31.7%,mid,missing,300457_SZ_赢合科技.md
300458,SZ,全志科技,+24.04%,high,,missing,,missing,AI端侧应用爆发,high,[AI端侧应用爆发],mid,missing,300458_SZ_全志科技.md
300461,SZ,田中精机,+32.98%,mid,盈,low,,missing,销售订单增长,high,[非经常性损益大幅增加],mid,missing,300461_SZ_田中精机.md
300465,SZ,高伟达,,missing,亏,low,,missing,银行业客户科技预算向大行集中,high,[银行业客户科技预算向大行集中],mid,missing,300465_SZ_高伟达.md
300466,SZ,赛摩智能,+12.59%,mid,,missing,,missing,,missing,业务结构优化与亏损子公司出清,high,missing,300466_SZ_赛摩智能.md
300467,SZ,迅游科技,+18.03%,mid,+24.58%,high,↑,low,B2C业务收入下滑,high,[B2C业务收入下滑],high,low,300467_SZ_迅游科技.md
300468,SZ,四方精创,+13.92%,mid,+10.3%,high,,missing,战略收缩，聚焦高利润,high,[战略收缩，聚焦高利润],mid,missing,300468_SZ_四方精创.md
300470,SZ,中密控股,+12.91%,high,+5.4%,high,,missing,国内石化行业资本开支放缓，竞争加剧,high,[国内石化行业资本开支放缓，竞争加剧],mid,missing,300470_SZ_中密控股.md
300471,SZ,厚普股份,,missing,,missing,,missing,,missing,,missing,missing,300471_SZ_厚普股份.md
300474,SZ,景嘉微,+54.41%,high,,missing,+54.0%,high,图形显控产品放量,high,[图形显控产品放量],mid,missing,300474_SZ_景嘉微.md
300475,SZ,香农芯创,+45.24%,high,+106.0%,high,,missing,AI算力驱动存储需求爆发,high,[AI算力驱动存储需求爆发],mid,missing,300475_SZ_香农芯创.md
300476,SZ,胜宏科技,+79.77%,high,+273.52%,high,,missing,AI算力需求爆发,high,[AI算力需求爆发],mid,missing,300476_SZ_胜宏科技.md
300478,SZ,杭州高新,,missing,,missing,,missing,销售毛利率过低,high,[新设子公司太阳高新],mid,missing,300478_SZ_杭州高新.md
300479,SZ,神思电子,+95.09%,mid,-9.82%,mid,,missing,关联交易依赖,high,[经营现金流大幅转正],mid,missing,300479_SZ_神思电子.md
300480,SZ,光力科技,+16.91%,mid,+135.62%,high,,missing,,missing,,missing,missing,300480_SZ_光力科技.md
300481,SZ,濮阳惠成,,missing,-31.44%,high,-38.41%,high,顺酐酸酐衍生物价格持续低位运行,high,[顺酐酸酐衍生物价格持续低位运行],mid,missing,300481_SZ_濮阳惠成.md
300482,SZ,万孚生物,+28.0%,mid,,missing,+28.0%,high,集采深化与DRG/DIP改革,high,[集采深化与DRG/DIP改革],mid,missing,300482_SZ_万孚生物.md
300483,SZ,首华燃气,,missing,盈,low,,missing,石楼西区块深层煤层气开发高效推进,high,[石楼西区块深层煤层气开发高效推进],mid,missing,300483_SZ_首华燃气.md
300484,SZ,蓝海华腾,+73.39%,high,,missing,,missing,新能源商用车渗透率提升,high,[新能源商用车渗透率提升],mid,missing,300484_SZ_蓝海华腾.md
300485,SZ,赛升药业,+39.42%,mid,,missing,+47.41%,high,核心产品结构失衡,high,[核心产品结构失衡],mid,missing,300485_SZ_赛升药业.md
300487,SZ,蓝晓科技,+12.0%,mid,,missing,,missing,GLP-1多肽药物市场爆发,high,[GLP-1多肽药物市场爆发],mid,missing,300487_SZ_蓝晓科技.md
300489,SZ,光智科技,+42.96%,high,+50.15%,high,,missing,红外全产业链布局,high,[红外全产业链布局],mid,missing,300489_SZ_光智科技.md
300490,SZ,华自科技,+28.69%,high,盈,low,↑,low,锂电池智能装备订单爆发,high,[锂电池智能装备订单爆发],mid,low,300490_SZ_华自科技.md
300491,SZ,通合科技,+30.4%,high,+67.72%,high,,missing,新能源重卡销量爆发式增长,high,[新能源重卡销量爆发式增长],mid,missing,300491_SZ_通合科技.md
300494,SZ,盛天网络,+14.0%,mid,盈,low,,missing,游戏出海《星之翼》表现亮眼,high,[游戏出海《星之翼》表现亮眼],mid,missing,300494_SZ_盛天网络.md
300496,SZ,中科创达,+44.45%,high,,missing,+44.45%,high,AIOS战略深化与端侧AI落地,high,[AIOS战略深化与端侧AI落地],mid,missing,300496_SZ_中科创达.md
300498,SZ,温氏股份,,missing,,missing,,missing,,missing,紧密型‘公司+农户’模式,mid,missing,300498_SZ_温氏股份.md
300499,SZ,高澜股份,,missing,,missing,,missing,特高压及海上柔直投资高增,high,[特高压及海上柔直投资高增],mid,missing,300499_SZ_高澜股份.md
300501,SZ,海顺新材,,missing,,missing,,missing,产能利用率不足,high,[资产减值损失激增],high,missing,300501_SZ_海顺新材.md
300502,SZ,新易盛,,missing,+236.0%,high,+1102.0%,high,AI算力集群爆发式需求,high,[AI算力集群爆发式需求],mid,missing,300502_SZ_新易盛.md
300503,SZ,昊志机电,+66.77%,mid,,missing,,missing,AI算力与消费电子需求爆发,high,[AI算力与消费电子需求爆发],mid,missing,300503_SZ_昊志机电.md
300506,SZ,ST名家汇,+79.72%,high,盈,low,+79.72%,high,破产重整完成,high,[传统照明工程主业萎缩],mid,low,300506_SZ_ST名家汇.md
300507,SZ,苏奥传感,+37.43%,high,-13.28%,high,,missing,收购博耐尔并全年并表,high,[收购博耐尔并全年并表],mid,missing,300507_SZ_苏奥传感.md
300508,SZ,维宏股份,+17.22%,mid,,missing,,missing,,missing,金属切削市场增长26%,mid,missing,300508_SZ_维宏股份.md
300509,SZ,新美星,+13.3%,high,+172.94%,high,,missing,境外市场高增长,high,[高端无菌技术突破],mid,missing,300509_SZ_新美星.md
300514,SZ,友讯达,-21.15%,mid,-21.15%,mid,,missing,,missing,订单交付进度放缓** ->,mid,missing,300514_SZ_友讯达.md
300515,SZ,三德科技,+22.02%,high,+28.2%,high,,missing,无人化智能装备业务持续高增长,high,[无人化智能装备业务持续高增长],mid,missing,300515_SZ_三德科技.md
300517,SZ,海波重科,,missing,,missing,,missing,行业竞争加剧与项目定价下行,high,[行业竞争加剧与项目定价下行],mid,missing,300517_SZ_海波重科.md
300519,SZ,新光药业,+12.98%,mid,-2.3%,mid,+12.98%,high,,missing,,missing,missing,300519_SZ_新光药业.md
300522,SZ,世名科技,,missing,-9.77%,high,,missing,新业务培育投入与研发扩张,high,[新业务培育投入与研发扩张],mid,missing,300522_SZ_世名科技.md
300523,SZ,辰安科技,,missing,,missing,,missing,政策驱动,high,[高毛利应急管理业务萎缩],mid,missing,300523_SZ_辰安科技.md
300528,SZ,幸福蓝海,+27.18%,mid,,missing,,missing,电影市场整体复苏,high,[电影市场整体复苏],mid,missing,300528_SZ_幸福蓝海.md
300530,SZ,领湃科技,+7.63%,mid,,missing,,missing,新能源电池业务产能利用率极低,high,[新能源电池业务产能利用率极低],mid,missing,300530_SZ_领湃科技.md
300532,SZ,今天国际,,missing,,missing,,missing,行业竞争加剧,high,[新能源行业订单爆发],mid,missing,300532_SZ_今天国际.md
300533,SZ,冰川网络,-8.4%,high,盈,low,↑,low,销售费用大幅缩减,high,[销售费用大幅缩减],mid,low,300533_SZ_冰川网络.md
300539,SZ,横河精密,+28.4%,high,,missing,,missing,汽车轻量化业务放量,high,[汽车轻量化业务放量],mid,missing,300539_SZ_横河精密.md
300541,SZ,先进数通,+61.48%,high,+210.0%,high,↓,low,,missing,AI算力需求爆发** ->,mid,missing,300541_SZ_先进数通.md
300542,SZ,新晨科技,-62.18%,high,,missing,↓,low,核心客户收入依赖,high,[核心客户收入依赖],mid,missing,300542_SZ_新晨科技.md
300543,SZ,朗科智能,,missing,-84.0%,high,↑,low,美国关税政策频繁调整,high,[美国关税政策频繁调整],mid,missing,300543_SZ_朗科智能.md
300545,SZ,联得装备,-16.11%,high,-54.0%,high,↑,low,,missing,下游客户资本开支放缓,mid,missing,300545_SZ_联得装备.md
300546,SZ,雄帝科技,+9.29%,mid,,missing,+1298.0%,high,海外数字身份运营标杆项目落地,high,[海外数字身份运营标杆项目落地],mid,missing,300546_SZ_雄帝科技.md
300550,SZ,和仁科技,+29.64%,mid,,missing,+1474.57%,high,客户需求升级与政策驱动,high,[客户需求升级与政策驱动],mid,missing,300550_SZ_和仁科技.md
300552,SZ,万集科技,+113.06%,mid,,missing,,missing,车路云一体化及公路数字化政策驱动,high,[车路云一体化及公路数字化政策驱动],mid,missing,300552_SZ_万集科技.md
300553,SZ,集智股份,+14.98%,mid,,missing,+3.4%,high,,missing,,missing,missing,300553_SZ_集智股份.md
300554,SZ,三超新材,+10.14%,high,,missing,,missing,光伏行业下行，硅切片线需求萎缩,high,[光伏行业下行，硅切片线需求萎缩],mid,missing,300554_SZ_三超新材.md
300556,SZ,丝路视觉,+12.09%,mid,,missing,,missing,处置瑞云科技股权,high,[处置瑞云科技股权],mid,missing,300556_SZ_丝路视觉.md
300557,SZ,理工光科,+11.94%,high,+35.37%,high,,missing,,missing,“三抢两降四加强”经营策略,mid,missing,300557_SZ_理工光科.md
300558,SZ,贝达药业,+24.81%,high,+78.7%,high,,missing,九款上市产品矩阵协同放量,high,[九款上市产品矩阵协同放量],mid,missing,300558_SZ_贝达药业.md
300559,SZ,佳发教育,-6.6%,mid,-13.0%,high,+139.87%,high,,missing,智慧教育产品及运营服务收入高增,mid,missing,300559_SZ_佳发教育.md
300561,SZ,_ST汇科,+72.8%,high,,missing,,missing,,missing,收购壹证通并表** ->,mid,missing,300561_SZ__ST汇科.md
300562,SZ,乐心医疗,+70.27%,mid,+33.63%,high,,missing,客户结构优化,high,[降本增效与精益管理],mid,missing,300562_SZ_乐心医疗.md
300563,SZ,神宇股份,+14.43%,mid,+93.83%,high,+146.81%,high,,missing,主动收缩低毛利黄金拉丝业务,mid,missing,300563_SZ_神宇股份.md
300565,SZ,科信技术,+6.15%,high,,missing,,missing,海外市场扩张,high,[5G投资周期见顶],mid,missing,300565_SZ_科信技术.md
300568,SZ,星源材质,+16.5%,high,-90.0%,high,,missing,市场竞争加剧导致毛利率下降,high,[市场竞争加剧导致毛利率下降],mid,missing,300568_SZ_星源材质.md
300570,SZ,太辰光,+12.26%,high,,missing,,missing,AI算力与数据中心建设需求,high,[AI算力与数据中心建设需求],mid,missing,300570_SZ_太辰光.md
300572,SZ,安车检测,,missing,,missing,,missing,机动车检测政策放宽,high,[机动车检测政策放宽],mid,missing,300572_SZ_安车检测.md
300578,SZ,会畅科技,+46.26%,mid,-10.43%,mid,-63.81%,high,,missing,战略性研发投入激增** ->,mid,missing,300578_SZ_会畅科技.md
300579,SZ,数字认证,,missing,亏,low,,missing,客户预算收紧与市场竞争加剧,high,[客户预算收紧与市场竞争加剧],mid,missing,300579_SZ_数字认证.md
300580,SZ,贝斯特,+10.82%,high,-3.72%,high,,missing,三梯次战略布局,high,[新工厂投产与折旧增加],mid,missing,300580_SZ_贝斯特.md
300582,SZ,英飞特,,missing,,missing,,missing,行业周期下行与竞争加剧,high,[行业周期下行与竞争加剧],mid,missing,300582_SZ_英飞特.md
300584,SZ,海辰药业,+31.74%,mid,,missing,,missing,注射用盐酸兰地洛尔独家首仿+医保续约,high,[注射用盐酸兰地洛尔独家首仿+医保续约],mid,missing,300584_SZ_海辰药业.md
300585,SZ,奥联电子,+6.03%,high,,missing,,missing,投资者诉讼计提预计负债,high,[投资者诉讼计提预计负债],mid,missing,300585_SZ_奥联电子.md
300586,SZ,美联新材,+154.0%,high,-9.14%,mid,,missing,核心产品三聚氯氰量价齐跌,high,[核心产品三聚氯氰量价齐跌],mid,missing,300586_SZ_美联新材.md
300589,SZ,江龙船艇,+33.55%,mid,亏,low,,missing,特殊批量公务船招投标节奏放缓,high,[特殊批量公务船招投标节奏放缓],mid,missing,300589_SZ_江龙船艇.md
300590,SZ,移为通信,+2.51%,high,-52.99%,high,,missing,美国加征关税及贸易摩擦,high,[美国加征关税及贸易摩擦],mid,missing,300590_SZ_移为通信.md
300591,SZ,万里马,-11.91%,high,,missing,,missing,团购业务订单大幅减少,high,[团购业务订单大幅减少],mid,missing,300591_SZ_万里马.md
300592,SZ,华凯易佰,+95.0%,mid,-13.78%,high,↑,low,主动去库存,high,[AI技术深度应用],mid,low,300592_SZ_华凯易佰.md
300593,SZ,新雷能,+28.91%,high,,missing,,missing,航空航天行业需求回暖,high,[航空航天行业需求回暖],mid,missing,300593_SZ_新雷能.md
300595,SZ,欧普康视,+12.53%,mid,-16.2%,high,,missing,,missing,[高端消费持续疲软 + 功能性框架眼镜分流],mid,missing,300595_SZ_欧普康视.md
300600,SZ,国瑞科技,+317.57%,mid,,missing,+5021.04%,high,,missing,行业竞争加剧与低价接单,mid,missing,300600_SZ_国瑞科技.md
300601,SZ,康泰生物,+0.81%,high,-65.12%,high,,missing,四联苗受免疫程序调整冲击,high,[四联苗受免疫程序调整冲击],mid,missing,300601_SZ_康泰生物.md
300603,SZ,立昂技术,+177.74%,mid,,missing,+85.34%,high,数据中心新项目投产，折旧摊销激增,high,[数据中心新项目投产，折旧摊销激增],mid,missing,300603_SZ_立昂技术.md
300604,SZ,长川科技,+45.31%,high,+190.42%,high,↑,low,,missing,[国产替代加速 + 高端产品突破],mid,missing,300604_SZ_长川科技.md
300606,SZ,金太阳,+10.62%,high,,missing,,missing,,missing,产业链一体化布局（材料+设备+工艺）,mid,missing,300606_SZ_金太阳.md
300607,SZ,拓斯达,+26.86%,mid,盈,low,,missing,,missing,[战略聚焦“做减法”，剥离低毛利项目类业务],mid,missing,300607_SZ_拓斯达.md
300608,SZ,思特奇,,missing,-90.0%,mid,,missing,运营商客户降本策略,high,[运营商客户降本策略],mid,missing,300608_SZ_思特奇.md
300609,SZ,汇纳科技,-15.47%,high,-686.0%,mid,,missing,行业竞争加剧 & 新客增速放缓,high,[行业竞争加剧 & 新客增速放缓],mid,missing,300609_SZ_汇纳科技.md
300610,SZ,晨化股份,+4.33%,mid,-37.38%,mid,,missing,,missing,[核心原材料价格波动],mid,missing,300610_SZ_晨化股份.md
300611,SZ,美力科技,+25.48%,high,,missing,+125.53%,high,悬架系统弹簧订单放量,high,[悬架系统弹簧订单放量],mid,missing,300611_SZ_美力科技.md
300612,SZ,宣亚国际,+36.3%,mid,,missing,,missing,主动收缩低毛利数字广告业务,high,[主动收缩低毛利数字广告业务],mid,missing,300612_SZ_宣亚国际.md
300615,SZ,欣天科技,+99.2%,high,,missing,,missing,,missing,营收大幅增长（+70.9%）,mid,missing,300615_SZ_欣天科技.md
300617,SZ,安靠智电,,missing,,missing,,missing,,missing,新能源汽车保有量快速增长和快充技术普及,mid,missing,300617_SZ_安靠智电.md
300618,SZ,寒锐钴业,+12.52%,high,,missing,+227.0%,high,,missing,[铜价上涨+铜产能释放],mid,missing,300618_SZ_寒锐钴业.md
300619,SZ,金银河,+53.75%,mid,盈,low,↑,low,固态电池/干法电极设备突破,high,[固态电池/干法电极设备突破],mid,low,300619_SZ_金银河.md
300620,SZ,光库科技,+47.56%,mid,,missing,,missing,,missing,,missing,missing,300620_SZ_光库科技.md
300621,SZ,维业股份,-75.0%,high,亏,low,,missing,房地产及基建需求放缓,high,[房地产及基建需求放缓],mid,missing,300621_SZ_维业股份.md
300623,SZ,捷捷微电,+22.83%,high,,missing,,missing,产能释放与产品结构升级,high,[产能释放与产品结构升级],mid,missing,300623_SZ_捷捷微电.md
300625,SZ,三雄极光,,missing,-15.24%,mid,,missing,国内照明市场整体需求下滑及行业竞争加剧,high,[国内照明市场整体需求下滑及行业竞争加剧],high,missing,300625_SZ_三雄极光.md
300627,SZ,华测导航,+41.49%,mid,,missing,+6.01%,high,,missing,,missing,missing,300627_SZ_华测导航.md
300632,SZ,光莆股份,+33.73%,mid,,missing,-80.64%,high,战略聚焦光电集成封测与传感器,high,[战略聚焦光电集成封测与传感器],mid,missing,300632_SZ_光莆股份.md
300633,SZ,开立医疗,+14.65%,high,,missing,,missing,多产品线战略进入收获期,high,[多产品线战略进入收获期],mid,missing,300633_SZ_开立医疗.md
300634,SZ,彩讯股份,+79.11%,mid,,missing,+1277.0%,high,AI全栈服务体系构建,high,[AI全栈服务体系构建],mid,missing,300634_SZ_彩讯股份.md
300638,SZ,广和通,+133.36%,mid,-48.05%,high,,missing,,missing,出售锐凌无线车载前装业务,mid,missing,300638_SZ_广和通.md
300642,SZ,透景生命,+296.23%,high,-89.61%,high,,missing,集采政策全面落地,high,[集采政策全面落地],mid,missing,300642_SZ_透景生命.md
300644,SZ,南京聚隆,+19.82%,high,,missing,,missing,,missing,[新能源汽车渗透率提升+主机厂集采战略],mid,missing,300644_SZ_南京聚隆.md
300648,SZ,星云股份,-12.47%,high,,missing,,missing,市场竞争加剧与转型期投入,high,[市场竞争加剧与转型期投入],mid,missing,300648_SZ_星云股份.md
300649,SZ,杭州园林,-32.25%,high,,missing,,missing,行业周期下行与地方财政收紧,high,[行业周期下行与地方财政收紧],mid,missing,300649_SZ_杭州园林.md
300650,SZ,太龙股份,+5.3%,high,,missing,,missing,,missing,[半导体分销业务为核心],mid,missing,300650_SZ_太龙股份.md
300658,SZ,延江股份,+82.68%,high,+190.0%,high,,missing,全球卫材面层材料升级趋势,high,[全球卫材面层材料升级趋势],mid,missing,300658_SZ_延江股份.md
300659,SZ,中孚信息,+28.49%,mid,,missing,,missing,下游客户紧缩预算,high,[下游客户紧缩预算],mid,missing,300659_SZ_中孚信息.md
300661,SZ,圣邦股份,+16.46%,high,-5.23%,high,,missing,,missing,全球半导体市场复苏及AI、新能源需求增长,mid,missing,300661_SZ_圣邦股份.md
300666,SZ,江丰电子,+27.72%,high,,missing,↑,low,全球半导体资本开支扩张+国产替代,high,[全球半导体资本开支扩张+国产替代],mid,missing,300666_SZ_江丰电子.md
300667,SZ,必创科技,-1.14%,high,,missing,,missing,智能传感业务主动收缩,high,[智能传感业务主动收缩],mid,missing,300667_SZ_必创科技.md
300668,SZ,杰恩股份,+1.73%,mid,盈,low,,missing,战略性剥离亏损设计业务,high,[战略性剥离亏损设计业务],high,missing,300668_SZ_杰恩股份.md
300671,SZ,富满微,+8.05%,mid,,missing,,missing,营收增长+亏损收窄,high,[营收增长+亏损收窄],high,missing,300671_SZ_富满微.md
300673,SZ,佩蒂股份,+49.22%,mid,-36.52%,high,,missing,美国关税冲击,high,[自主品牌战略投入],mid,missing,300673_SZ_佩蒂股份.md
300674,SZ,宇信科技,+38.26%,mid,,missing,,missing,AI原生改造核心系统,high,[AI原生改造核心系统],mid,missing,300674_SZ_宇信科技.md
300675,SZ,建科院,-31.47%,high,,missing,,missing,,missing,市场需求结构性萎缩与竞争加剧,mid,missing,300675_SZ_建科院.md
300676,SZ,华大基因,+19.45%,high,,missing,,missing,,missing,集采政策与价格竞争** ->,mid,missing,300676_SZ_华大基因.md
300678,SZ,中科信息,+25.9%,high,,missing,,missing,,missing,国家AI+政策推动和信创国产化要求,mid,missing,300678_SZ_中科信息.md
300681,SZ,英搏尔,+59.45%,high,+121.26%,high,,missing,,missing,[大客户战略深化 + 定点车型放量],mid,missing,300681_SZ_英搏尔.md
300682,SZ,朗新科技,+11.0%,high,,missing,,missing,AI能源大模型“朗新九功”发布,high,[AI能源大模型“朗新九功”发布],mid,missing,300682_SZ_朗新科技.md
300683,SZ,海特生物,+290.42%,mid,,missing,,missing,原料药行业竞争加剧，订单不足,high,[原料药行业竞争加剧，订单不足],mid,missing,300683_SZ_海特生物.md
300685,SZ,艾德生物,+3.85%,mid,+3.85%,high,,missing,合规壁垒提升,high,[研发投入资本化率为0],mid,missing,300685_SZ_艾德生物.md
300688,SZ,创业黑马,-36.44%,mid,,missing,,missing,战略性收缩低毛利传统业务,high,[战略性收缩低毛利传统业务],mid,missing,300688_SZ_创业黑马.md
300689,SZ,澄天伟业,+15.01%,high,+32.83%,high,,missing,半导体业务高速增长,high,[半导体业务高速增长],mid,missing,300689_SZ_澄天伟业.md
300690,SZ,双一科技,+57.41%,mid,,missing,,missing,,missing,[风电行业装机增长+海外新客户拓展],mid,missing,300690_SZ_双一科技.md
300693,SZ,盛弘股份,+49.93%,mid,,missing,+92.77%,high,AI算力需求爆发,high,[AI算力需求爆发],mid,missing,300693_SZ_盛弘股份.md
300695,SZ,兆丰股份,+6.01%,high,+150.9%,high,-44.85%,high,,missing,核心风险在于利润质量与主业增长脱节,high,missing,300695_SZ_兆丰股份.md
300696,SZ,爱乐达,+66.12%,high,,missing,,missing,“十四五”收官年军工订单集中交付,high,[“十四五”收官年军工订单集中交付],mid,missing,300696_SZ_爱乐达.md
300697,SZ,电工合金,+33.29%,high,,missing,,missing,,missing,国家持续加大铁路投资，高铁建设提速,mid,missing,300697_SZ_电工合金.md
300698,SZ,万马科技,+29.24%,high,,missing,↑,low,车联网出海业务高增,high,[车联网出海业务高增],mid,missing,300698_SZ_万马科技.md
300699,SZ,光威复材,+16.72%,high,-18.59%,high,,missing,风电碳梁业务爆发,high,[风电碳梁业务爆发],mid,missing,300699_SZ_光威复材.md
300700,SZ,岱勒新材,+11.0%,mid,,missing,↓,low,光伏行业产能过剩,high,[光伏行业产能过剩],mid,missing,300700_SZ_岱勒新材.md
300702,SZ,天宇股份,+16.36%,mid,+149.78%,high,,missing,非沙坦类原料药放量,high,[非沙坦类原料药放量],mid,missing,300702_SZ_天宇股份.md
300703,SZ,创源股份,+10.55%,high,-43.73%,high,,missing,跨境电商业务高速增长,high,[跨境电商业务高速增长],mid,missing,300703_SZ_创源股份.md
300705,SZ,九典制药,+6.15%,high,-7.72%,high,,missing,核心产品集采降价,high,[核心产品集采降价],mid,missing,300705_SZ_九典制药.md
300707,SZ,威唐工业,+7.41%,mid,+40.21%,high,+137.03%,high,,missing,下游新能源汽车客户产销量大幅下降,mid,missing,300707_SZ_威唐工业.md
300708,SZ,聚灿光电,+22.25%,mid,,missing,,missing,,missing,GaAs基红黄光项目量产,mid,missing,300708_SZ_聚灿光电.md
300710,SZ,万隆光电,-21.95%,high,,missing,,missing,广电行业需求萎缩,high,[广电行业需求萎缩],mid,missing,300710_SZ_万隆光电.md
300711,SZ,广哈通信,+36.68%,high,+29.7%,high,,missing,并购赛康智能,high,[电力行业“十五五”技术体制确定],mid,missing,300711_SZ_广哈通信.md
300715,SZ,凯伦股份,,missing,盈,low,,missing,收购佳智彩,high,[主动收缩地产集采],mid,missing,300715_SZ_凯伦股份.md
300717,SZ,华信新材,,missing,,missing,,missing,,missing,,missing,missing,300717_SZ_华信新材.md
300723,SZ,一品红,-35.72%,mid,,missing,,missing,集采政策冲击与营销改革,high,[集采政策冲击与营销改革],mid,missing,300723_SZ_一品红.md
300725,SZ,药石科技,+16.93%,high,-16.24%,high,+120.38%,high,,missing,业务结构向CDMO倾斜,mid,missing,300725_SZ_药石科技.md
300726,SZ,宏达电子,+18.99%,high,,missing,,missing,高可靠行业需求复苏,high,[高可靠行业需求复苏],mid,missing,300726_SZ_宏达电子.md
300727,SZ,润禾材料,,missing,,missing,,missing,原材料价格下行,high,[出口退税政策变化],mid,missing,300727_SZ_润禾材料.md
300730,SZ,科创信息,+45.85%,mid,,missing,,missing,行业竞争加剧+市场需求降低,high,[行业竞争加剧+市场需求降低],mid,missing,300730_SZ_科创信息.md
300732,SZ,设研院,+98.12%,mid,,missing,+193.76%,high,传统基建投资增速放缓,high,[传统基建投资增速放缓],mid,missing,300732_SZ_设研院.md
300733,SZ,西菱动力,,missing,,missing,,missing,,missing,,missing,missing,300733_SZ_西菱动力.md
300736,SZ,百邦科技,+39.43%,mid,,missing,,missing,,missing,战略重心转向中小客户,mid,missing,300736_SZ_百邦科技.md
300737,SZ,科顺股份,-11.49%,high,,missing,,missing,,missing,[地产客户信用恶化],high,missing,300737_SZ_科顺股份.md
300738,SZ,奥飞数据,+200.0%,high,,missing,↑,low,AI算力需求爆发,high,[AI算力需求爆发],mid,missing,300738_SZ_奥飞数据.md
300739,SZ,明阳电路,+19.35%,high,+2832.0%,high,,missing,AI算力需求爆发,high,[AI算力需求爆发],mid,missing,300739_SZ_明阳电路.md
300740,SZ,水羊股份,+26.97%,mid,,missing,,missing,,missing,双业务多品牌布局与高端化战略聚焦,mid,missing,300740_SZ_水羊股份.md
300741,SZ,华宝股份,+30.36%,mid,+128.28%,high,-50.72%,high,,missing,食用香精业务收入下滑20.67%,high,missing,300741_SZ_华宝股份.md
300743,SZ,天地数码,+15.94%,high,,missing,,missing,全球本地化战略深化,high,[全球本地化战略深化],mid,missing,300743_SZ_天地数码.md
300748,SZ,金力永磁,+19.0%,mid,,missing,-30.5%,high,稀土价格上行,high,[产能规模扩张与利用率提升],mid,missing,300748_SZ_金力永磁.md
300750,SZ,宁德时代,,missing,,missing,,missing,全球新能源车销量增长21.5%,high,[全球新能源车销量增长21.5%],mid,missing,300750_SZ_宁德时代.md
300753,SZ,爱朋医疗,-15.3%,high,亏,low,-85.12%,high,输注泵省际联盟集采政策全面执行,high,[输注泵省际联盟集采政策全面执行],mid,low,300753_SZ_爱朋医疗.md
300757,SZ,罗博特科,,missing,,missing,,missing,光伏行业产能过剩,high,[光伏行业产能过剩],mid,missing,300757_SZ_罗博特科.md
300758,SZ,七彩化学,,missing,,missing,,missing,,missing,铅铬颜料全球禁用政策,mid,missing,300758_SZ_七彩化学.md
300759,SZ,康龙化成,+77.44%,mid,,missing,,missing,全球新药研发投融资回暖,high,[全球新药研发投融资回暖],mid,missing,300759_SZ_康龙化成.md
300760,SZ,迈瑞医疗,+10.0%,mid,-30.28%,high,,missing,国内医疗政策收紧,high,[国内医疗政策收紧],mid,missing,300760_SZ_迈瑞医疗.md
300761,SZ,立华股份,,missing,-62.0%,high,,missing,,missing,[鸡猪双主业“双轮驱动”],mid,missing,300761_SZ_立华股份.md
300765,SZ,新诺威,+193.0%,high,亏,low,,missing,,missing,[研发投入激增]** ->,mid,missing,300765_SZ_新诺威.md
300767,SZ,震安科技,+27.32%,high,,missing,↑,low,《建设工程抗震管理条例》强制政策,high,[《建设工程抗震管理条例》强制政策],mid,missing,300767_SZ_震安科技.md
300770,SZ,新媒股份,+50.72%,mid,,missing,,missing,IPTV基础业务用户规模稳定,high,[IPTV基础业务用户规模稳定],mid,missing,300770_SZ_新媒股份.md
300771,SZ,智莱科技,+33.0%,mid,+109.59%,high,↑,low,国内外客户订单需求增加,high,[国内外客户订单需求增加],mid,low,300771_SZ_智莱科技.md
300772,SZ,运达股份,+32.45%,high,-26.87%,high,,missing,风电装机规模高速增长,high,[风电装机规模高速增长],mid,missing,300772_SZ_运达股份.md
300774,SZ,倍杰特,+7.56%,mid,-48.54%,high,↑,low,行业竞争加剧，项目成本上升,high,[行业竞争加剧，项目成本上升],mid,low,300774_SZ_倍杰特.md
300776,SZ,帝尔激光,-13.0%,mid,,missing,,missing,光伏行业技术迭代加速,high,[光伏行业技术迭代加速],mid,missing,300776_SZ_帝尔激光.md
300777,SZ,中简科技,+4.14%,high,-11.65%,high,↑,low,航空航天高端碳纤维核心供应商地位,high,[航空航天高端碳纤维核心供应商地位],mid,low,300777_SZ_中简科技.md
300779,SZ,惠城环保,,missing,+38.76%,high,+27.5%,high,废塑料化学循环项目（CPDCC）,high,[废塑料化学循环项目（CPDCC）],mid,missing,300779_SZ_惠城环保.md
300780,SZ,德恩精工,+18.06%,high,-1.75%,mid,,missing,产能利用率提升,high,[国际贸易摩擦与关税],mid,missing,300780_SZ_德恩精工.md
300785,SZ,值得买,+30.11%,mid,+15.15%,high,,missing,,missing,全面AI战略** ->,mid,missing,300785_SZ_值得买.md
300787,SZ,海能实业,+47.3%,high,,missing,,missing,新能源业务爆发,high,[消费电子复苏+欧盟接口强制替换],mid,missing,300787_SZ_海能实业.md
300791,SZ,仙乐健康,+24.95%,high,-58.0%,high,,missing,个人护理业务（PC公司）经营恶化及资产减,high,[个人护理业务（PC公司）经营恶化及资产减值],high,missing,300791_SZ_仙乐健康.md
300792,SZ,壹网壹创,+0.78%,mid,,missing,,missing,AI Agent商用落地,high,[AI Agent商用落地],mid,missing,300792_SZ_壹网壹创.md
300796,SZ,贝斯美,+14.69%,high,盈,low,,missing,收购宁波捷力克，拓展农药出海业务,high,[收购宁波捷力克，拓展农药出海业务],mid,missing,300796_SZ_贝斯美.md
300800,SZ,力合科技,+9.52%,mid,+44.58%,high,,missing,,missing,政策驱动数智化转型** ->,mid,missing,300800_SZ_力合科技.md
300801,SZ,泰和科技,+19.13%,high,-37.91%,high,,missing,氯碱产能释放,high,[资产减值集中爆发],high,missing,300801_SZ_泰和科技.md
300802,SZ,矩子科技,+16.84%,high,+46.68%,high,,missing,AI算法全面导入机器视觉设备,high,[AI算法全面导入机器视觉设备],mid,missing,300802_SZ_矩子科技.md
300803,SZ,指南针,+27.5%,mid,,missing,,missing,资本市场活跃度提升,high,[资本市场活跃度提升],mid,missing,300803_SZ_指南针.md
300804,SZ,广康生化,+47.29%,mid,,missing,↑,low,差异化小众化产品策略,high,[差异化小众化产品策略],mid,missing,300804_SZ_广康生化.md
300807,SZ,天迈科技,+63.98%,mid,,missing,,missing,聚焦高附加值产品与核心业务,high,[聚焦高附加值产品与核心业务],mid,missing,300807_SZ_天迈科技.md
300809,SZ,华辰装备,+21.82%,high,,missing,,missing,主业复苏与新产品放量,high,[主业复苏与新产品放量],mid,missing,300809_SZ_华辰装备.md
300810,SZ,中科海讯,+1093.0%,mid,亏,low,,missing,特种产品审价机制,high,[特种产品审价机制],mid,missing,300810_SZ_中科海讯.md
300811,SZ,铂科新材,+29.38%,high,,missing,,missing,AI算力爆发驱动芯片电感需求,high,[AI算力爆发驱动芯片电感需求],mid,missing,300811_SZ_铂科新材.md
300813,SZ,泰林生物,+69.07%,high,,missing,+93.55%,high,海外市场高增长,high,[核心产品结构分化],mid,missing,300813_SZ_泰林生物.md
300816,SZ,艾可蓝,+14.22%,high,,missing,,missing,商用车市场回暖 + 新客户拓展,high,[商用车市场回暖 + 新客户拓展],mid,missing,300816_SZ_艾可蓝.md
300818,SZ,耐普矿机,+60.37%,mid,-33.0%,high,,missing,高基数EPC项目退出,high,[高基数EPC项目退出],mid,missing,300818_SZ_耐普矿机.md
300821,SZ,东岳硅材,-26.8%,high,亏,low,,missing,行业供需失衡，产品价格持续走低,high,[行业供需失衡，产品价格持续走低],mid,missing,300821_SZ_东岳硅材.md
300822,SZ,贝仕达克,+47.74%,mid,-77.97%,high,,missing,资产减值计提增加,high,[资产减值计提增加],high,missing,300822_SZ_贝仕达克.md
300824,SZ,北鼎股份,+26.13%,high,+63.35%,high,,missing,以旧换新政策红利,high,[以旧换新政策红利],mid,missing,300824_SZ_北鼎股份.md
300826,SZ,测绘股份,+25.57%,high,-21.47%,high,,missing,,missing,技术立企战略与研发投入,mid,missing,300826_SZ_测绘股份.md
300827,SZ,上能电气,+17.95%,high,,missing,,missing,海外光储业务高速扩张,high,[海外光储业务高速扩张],mid,missing,300827_SZ_上能电气.md
300828,SZ,锐新科技,-4.46%,high,-41.0%,high,,missing,市场竞争加剧+原材料成本上涨,high,[市场竞争加剧+原材料成本上涨],mid,missing,300828_SZ_锐新科技.md
300829,SZ,金丹科技,,missing,+205.92%,high,,missing,玉米价格低位运行,high,[玉米价格低位运行],mid,missing,300829_SZ_金丹科技.md
300836,SZ,佰奥智能,+40.9%,high,+264.0%,high,↑,low,火工品及含能材料智能制造订单爆发,high,[火工品及含能材料智能制造订单爆发],mid,low,300836_SZ_佰奥智能.md
300837,SZ,浙矿股份,+179.37%,mid,-27.58%,high,,missing,下游砂石行业持续低迷,high,[下游砂石行业持续低迷],mid,missing,300837_SZ_浙矿股份.md
300839,SZ,博汇股份,+23.52%,high,,missing,,missing,燃料油业务量价齐升,high,[燃料油业务量价齐升],mid,missing,300839_SZ_博汇股份.md
300841,SZ,康华生物,-18.64%,high,-53.68%,high,,missing,核心产品单一依赖,high,[核心产品单一依赖],mid,missing,300841_SZ_康华生物.md
300842,SZ,帝科股份,+15.56%,mid,亏,low,,missing,白银价格大幅上涨,high,[白银价格大幅上涨],mid,missing,300842_SZ_帝科股份.md
300843,SZ,胜蓝股份,+119.64%,high,+8.85%,high,,missing,AI算力需求爆发,high,[AI算力需求爆发],mid,missing,300843_SZ_胜蓝股份.md
300846,SZ,首都在线,+61.08%,mid,,missing,,missing,智算转型战略,high,[主动收缩低毛利IDC业务],mid,missing,300846_SZ_首都在线.md
300847,SZ,中船汉光,+0.02%,high,-7.68%,high,-45.98%,high,,missing,行业竞争加剧与产品降价,mid,missing,300847_SZ_中船汉光.md
300848,SZ,美瑞新材,-3.38%,high,+70.03%,high,,missing,特种异氰酸酯项目投产,high,[特种异氰酸酯项目投产],mid,missing,300848_SZ_美瑞新材.md
300849,SZ,锦盛新材,+7.19%,mid,,missing,,missing,新产能转固但未投产,high,[新产能转固但未投产],mid,missing,300849_SZ_锦盛新材.md
300852,SZ,四会富仕,+167.0%,high,-8.67%,high,,missing,AI算力需求爆发,high,[AI算力需求爆发],mid,missing,300852_SZ_四会富仕.md
300855,SZ,图南股份,,missing,-41.84%,high,,missing,下游客户需求波动,high,[下游客户需求波动],mid,missing,300855_SZ_图南股份.md
300856,SZ,科思股份,-34.83%,mid,-34.83%,mid,,missing,下游客户去库存,high,[马来西亚产能建设],mid,missing,300856_SZ_科思股份.md
300857,SZ,协创数据,+1727.0%,mid,,missing,,missing,智能算力基础设施建设需求爆发,high,[智能算力基础设施建设需求爆发],mid,missing,300857_SZ_协创数据.md
300858,SZ,科拓生物,+20.85%,high,,missing,,missing,动植物微生态制剂爆发式增长,high,[动植物微生态制剂爆发式增长],mid,missing,300858_SZ_科拓生物.md
300859,SZ,西域旅游,+7.32%,high,-13.68%,high,,missing,核心景区特许经营权垄断,high,[核心景区特许经营权垄断],mid,missing,300859_SZ_西域旅游.md
300860,SZ,锋尚文化,-58.77%,high,-58.77%,mid,,missing,大型文化演艺项目周期波动,high,[大型文化演艺项目周期波动],mid,missing,300860_SZ_锋尚文化.md
300863,SZ,卡倍亿,+26.15%,high,,missing,,missing,营收增长但利润下滑,high,[营收增长但利润下滑],high,missing,300863_SZ_卡倍亿.md
300865,SZ,大宏立,+24.89%,mid,盈,low,+44.37%,high,下游砂石行业需求萎缩,high,[下游砂石行业需求萎缩],mid,low,300865_SZ_大宏立.md
300866,SZ,安克创新,+43.48%,high,,missing,,missing,,missing,多品类产品矩阵协同增长,mid,missing,300866_SZ_安克创新.md
300867,SZ,圣元环保,-1.66%,high,,missing,↑,low,炉渣资源化利用提价,high,[炉渣资源化利用提价],mid,missing,300867_SZ_圣元环保.md
300868,SZ,杰美特,+23.58%,mid,,missing,,missing,ODM/OEM核心客户订单流失,high,[ODM/OEM核心客户订单流失],mid,missing,300868_SZ_杰美特.md
300870,SZ,欧陆通,+66.52%,mid,-8.95%,high,,missing,AI算力需求爆发,high,[AI算力需求爆发],mid,missing,300870_SZ_欧陆通.md
300871,SZ,回盛生物,+81.73%,mid,盈,low,,missing,原料-制剂一体化 + 产品价格上行,high,[原料-制剂一体化 + 产品价格上行],mid,missing,300871_SZ_回盛生物.md
300872,SZ,天阳科技,,missing,-20.0%,mid,,missing,行业竞争加剧与大型项目交付周期延长,high,[行业竞争加剧与大型项目交付周期延长],mid,missing,300872_SZ_天阳科技.md
300873,SZ,海晨股份,,missing,,missing,,missing,新能源汽车客户产能爬坡,high,[新能源汽车客户产能爬坡],mid,missing,300873_SZ_海晨股份.md
300876,SZ,蒙泰高新,+65.0%,mid,,missing,,missing,新产能投产但产销率不饱和,high,[新产能投产但产销率不饱和],mid,missing,300876_SZ_蒙泰高新.md
300877,SZ,金春股份,,missing,+180.0%,high,,missing,非经常性损益（公允价值变动收益）,high,[非经常性损益（公允价值变动收益）],mid,missing,300877_SZ_金春股份.md
300880,SZ,迦南智能,,missing,-58.24%,mid,,missing,,missing,,missing,missing,300880_SZ_迦南智能.md
300883,SZ,龙利得,+8.46%,mid,,missing,+229.65%,high,安徽明光文化科创园项目投产,high,[安徽明光文化科创园项目投产],mid,missing,300883_SZ_龙利得.md
300885,SZ,海昌新材,+29.24%,mid,,missing,,missing,电动工具下游需求疲软,high,[电动工具下游需求疲软],mid,missing,300885_SZ_海昌新材.md
300886,SZ,华业香料,+7.83%,high,+36.79%,high,,missing,,missing,内酯香料细分龙头地位,mid,missing,300886_SZ_华业香料.md
300887,SZ,谱尼测试,-11.44%,high,,missing,,missing,传统业务主动收缩,high,[传统业务主动收缩],mid,missing,300887_SZ_谱尼测试.md
300888,SZ,稳健医疗,+22.0%,mid,,missing,,missing,,missing,,missing,missing,300888_SZ_稳健医疗.md
300889,SZ,爱克股份,+24.95%,mid,,missing,,missing,,missing,传统景观照明行业需求收缩,mid,missing,300889_SZ_爱克股份.md
300890,SZ,翔丰华,+20.66%,high,,missing,-663.0%,high,下游需求增长,high,[产能扩张与利用率矛盾],mid,missing,300890_SZ_翔丰华.md
300891,SZ,惠云钛业,+4.62%,high,亏,low,+571.94%,high,钛白粉价格弱势下行,high,[钛白粉价格弱势下行],mid,low,300891_SZ_惠云钛业.md
300892,SZ,品渥食品,-9.72%,high,,missing,-73.09%,high,核心品牌德亚乳品收入下滑,high,[核心品牌德亚乳品收入下滑],high,missing,300892_SZ_品渥食品.md
300893,SZ,松原安全,+35.88%,high,,missing,-81.22%,high,国产替代与客户拓展,high,[国产替代与客户拓展],mid,missing,300893_SZ_松原安全.md
300894,SZ,火星人,-44.0%,high,-45.83%,mid,,missing,房地产深度调整,high,[费用刚性 + 收入骤降],mid,missing,300894_SZ_火星人.md
300895,SZ,铜牛信息,+20.49%,mid,盈,low,+1067.52%,high,,missing,固定资产折旧高企** ->,mid,missing,300895_SZ_铜牛信息.md
300896,SZ,爱美客,-27.48%,mid,-34.05%,high,,missing,,missing,宏观消费疲软与行业竞争加剧,mid,missing,300896_SZ_爱美客.md
300898,SZ,熊猫乳品,+8.18%,mid,-16.85%,high,,missing,椰品业务爆发式增长,high,[椰品业务爆发式增长],mid,missing,300898_SZ_熊猫乳品.md
300899,SZ,_ST凯鑫,+287.0%,mid,,missing,↑,low,上年订单延迟交付,high,[上年订单延迟交付],mid,missing,300899_SZ__ST凯鑫.md
300900,SZ,广联航空,+12.35%,mid,亏,low,+102.44%,high,下游客户采购节奏放缓与项目审批周期延长,high,[下游客户采购节奏放缓与项目审批周期延长],mid,low,300900_SZ_广联航空.md
300903,SZ,科翔股份,+9.56%,high,+9.56%,high,,missing,产能爬坡与折旧高企,high,[产能爬坡与折旧高企],mid,missing,300903_SZ_科翔股份.md
300906,SZ,日月明,+50.0%,high,+3.97%,high,,missing,国铁集团客户高度集中,high,[国铁集团客户高度集中],mid,missing,300906_SZ_日月明.md
300907,SZ,康平科技,-10.68%,high,-43.77%,high,,missing,,missing,美国“对等关税”及行业竞争加剧,mid,missing,300907_SZ_康平科技.md
300908,SZ,仲景食品,-3.9%,high,+9.35%,high,,missing,调味配料毛利率大幅提升,high,[调味配料毛利率大幅提升],mid,missing,300908_SZ_仲景食品.md
300910,SZ,瑞丰新材,+11.11%,high,,missing,,missing,全球供应链重构机遇,high,[全球供应链重构机遇],mid,missing,300910_SZ_瑞丰新材.md
300916,SZ,朗特智能,+33.45%,high,-33.45%,high,,missing,储能业务爆发,high,[雾化控制器订单骤降],mid,missing,300916_SZ_朗特智能.md
300917,SZ,特发服务,+50.5%,high,,missing,+37.95%,high,增值服务高增长,high,[核心客户深度绑定],mid,missing,300917_SZ_特发服务.md
300918,SZ,南山智尚,,missing,-32.89%,high,,missing,锦纶新材料产线投产，产能爬坡期成本高企,high,[锦纶新材料产线投产，产能爬坡期成本高企],mid,missing,300918_SZ_南山智尚.md
300919,SZ,中伟新材,+19.68%,high,,missing,,missing,,missing,[全球新能源市场增长 + 一体化产能释放],mid,missing,300919_SZ_中伟新材.md
300920,SZ,润阳科技,+3.78%,high,+6.01%,high,,missing,境外收入增长,high,[主要原材料价格下降],mid,missing,300920_SZ_润阳科技.md
300922,SZ,天秦装备,+9.28%,mid,,missing,,missing,国防装备列装与升级,high,[国防装备列装与升级],mid,missing,300922_SZ_天秦装备.md
300925,SZ,法本信息,+18.26%,high,-20.29%,high,-24.01%,high,,missing,[金融与汽车行业高增长],mid,missing,300925_SZ_法本信息.md
300926,SZ,博俊科技,+37.39%,high,+37.68%,high,,missing,,missing,[绑定头部新能源车企],mid,missing,300926_SZ_博俊科技.md
300927,SZ,江天化学,,missing,+25.0%,high,↑,low,收购三大雅，营收结构剧变,high,[收购三大雅，营收结构剧变],mid,missing,300927_SZ_江天化学.md
300928,SZ,华安鑫创,+129.38%,mid,盈,low,,missing,业务模式战略升级,high,[业务模式战略升级],mid,missing,300928_SZ_华安鑫创.md
300929,SZ,华骐环保,+27.13%,high,,missing,,missing,客户结算延迟与回款周期延长,high,[客户结算延迟与回款周期延长],mid,missing,300929_SZ_华骐环保.md
300932,SZ,三友联众,+6.44%,high,+14.71%,high,,missing,境外市场拓展,high,[继电器主业量价齐升],mid,missing,300932_SZ_三友联众.md
300935,SZ,盈建科,-4.91%,high,-7.56%,mid,,missing,下游行业持续低迷,high,[下游行业持续低迷],mid,missing,300935_SZ_盈建科.md
300936,SZ,中英科技,+13.04%,high,-13.32%,mid,,missing,下游通信基站建设放缓,high,[下游通信基站建设放缓],mid,missing,300936_SZ_中英科技.md
300938,SZ,信测标准,+10.86%,high,,missing,,missing,汽车领域检测需求增长,high,[汽车领域检测需求增长],mid,missing,300938_SZ_信测标准.md
300939,SZ,秋田微,+19.1%,high,-12.04%,high,,missing,电容式触摸屏销量大增,high,[电容式触摸屏销量大增],mid,missing,300939_SZ_秋田微.md
300946,SZ,恒而达,+35.04%,mid,-57.79%,high,,missing,收购德国SMS公司,high,[收购德国SMS公司],mid,missing,300946_SZ_恒而达.md
300951,SZ,博硕科技,+80.81%,high,-26.46%,mid,,missing,境外业务高速扩张,high,[境外业务高速扩张],mid,missing,300951_SZ_博硕科技.md
300952,SZ,恒辉安防,+20.0%,high,,missing,↑,low,中美关税政策与贸易摩擦,high,[中美关税政策与贸易摩擦],mid,missing,300952_SZ_恒辉安防.md
300953,SZ,震裕科技,+36.58%,high,+101.98%,high,,missing,储能电池需求爆发,high,[储能电池需求爆发],mid,missing,300953_SZ_震裕科技.md
300955,SZ,嘉亨家化,+23.28%,high,,missing,,missing,新业务扩张与湖州基地投产,high,[新业务扩张与湖州基地投产],mid,missing,300955_SZ_嘉亨家化.md
300956,SZ,英力股份,+20.83%,high,,missing,,missing,AI PC换机周期与消费电子复苏,high,[AI PC换机周期与消费电子复苏],mid,missing,300956_SZ_英力股份.md
300958,SZ,建工修复,,missing,,missing,,missing,主动战略收缩,high,[强化应收账款催收],mid,missing,300958_SZ_建工修复.md
300960,SZ,通业科技,+29.0%,mid,-69.0%,mid,,missing,铁路投资创历史新高,high,[铁路投资创历史新高],mid,missing,300960_SZ_通业科技.md
300965,SZ,恒宇信通,+96.82%,mid,+34.87%,high,,missing,信用减值损失大幅减少,high,[信用减值损失大幅减少],high,missing,300965_SZ_恒宇信通.md
300967,SZ,晓鸣股份,,missing,亏,low,,missing,,missing,2024年新增引种祖代蛋种鸡及繁育父母代蛋种鸡全面满产达效,mid,missing,300967_SZ_晓鸣股份.md
300968,SZ,格林精密,+8.64%,high,亏,low,,missing,美元持续贬值,high,[营收增长但毛利率下降],mid,missing,300968_SZ_格林精密.md
300970,SZ,华绿生物,,missing,,missing,,missing,行业产能出清与供需修复,high,[行业产能出清与供需修复],mid,missing,300970_SZ_华绿生物.md
300971,SZ,博亚精工,+33.32%,high,+90.47%,high,,missing,特种装备配套业务爆发,high,[特种装备配套业务爆发],mid,missing,300971_SZ_博亚精工.md
300972,SZ,万辰集团,+11.81%,high,盈,low,,missing,,missing,品牌整合统一为“好想来”并纳入“老婆大人”,mid,missing,300972_SZ_万辰集团.md
300975,SZ,商络电子,+30.59%,high,+327.78%,high,,missing,AI算力需求爆发,high,[AI算力需求爆发],mid,missing,300975_SZ_商络电子.md
300976,SZ,达瑞电子,+57.39%,mid,,missing,,missing,新能源业务爆发,high,[消费电子业务稳健],mid,missing,300976_SZ_达瑞电子.md
300979,SZ,华利集团,+16.5%,mid,-16.5%,high,,missing,,missing,新工厂投产及产能爬坡,mid,missing,300979_SZ_华利集团.md
300983,SZ,尤安设计,-20.7%,high,,missing,↑,low,下游房地产行业深度调整,high,[下游房地产行业深度调整],mid,missing,300983_SZ_尤安设计.md
300984,SZ,金沃股份,+8.7%,high,,missing,,missing,全球轴承巨头供应链外包,high,[全球轴承巨头供应链外包],mid,missing,300984_SZ_金沃股份.md
300986,SZ,志特新材,,missing,,missing,,missing,海外业务高速扩张,high,[海外业务高速扩张],mid,missing,300986_SZ_志特新材.md
300987,SZ,川网传媒,+7.2%,high,-13.33%,high,,missing,独家地铁广告资源运营,high,[独家地铁广告资源运营],mid,missing,300987_SZ_川网传媒.md
300989,SZ,蕾奥规划,+413.03%,mid,盈,low,,missing,,missing,传统规划设计市场竞争加剧,mid,missing,300989_SZ_蕾奥规划.md
300990,SZ,同飞股份,+32.75%,high,+64.84%,high,,missing,,missing,电力电子装置温控产品放量,mid,missing,300990_SZ_同飞股份.md
300993,SZ,玉马科技,-3.13%,high,-19.84%,high,,missing,美元汇率波动,high,[新项目转固与并购],mid,missing,300993_SZ_玉马科技.md
300995,SZ,奇德新材,+8.33%,high,,missing,↑,low,海外市场爆发,high,[改性尼龙收入下滑],high,missing,300995_SZ_奇德新材.md
300996,SZ,普联软件,,missing,-38.99%,high,,missing,研发费用大幅增长,high,[研发费用大幅增长],mid,missing,300996_SZ_普联软件.md
300997,SZ,欢乐家,+52.06%,mid,-70.03%,high,,missing,消费环境承压 & 行业竞争激烈,high,[消费环境承压 & 行业竞争激烈],mid,missing,300997_SZ_欢乐家.md
300999,SZ,金龙鱼,+2.87%,high,+193.68%,high,,missing,厨房食品销量增长,high,[厨房食品销量增长],mid,missing,300999_SZ_金龙鱼.md
301000,SZ,肇民科技,+11.88%,high,,missing,,missing,新能源车热管理模块等核心零部件量产,high,[新能源车热管理模块等核心零部件量产],mid,missing,301000_SZ_肇民科技.md
301002,SZ,崧盛股份,+620.0%,mid,,missing,,missing,储能业务研发高投入与规模化初期,high,[储能业务研发高投入与规模化初期],mid,missing,301002_SZ_崧盛股份.md
301005,SZ,超捷股份,+39.5%,high,,missing,,missing,无锡超捷工厂产能释放,high,[无锡超捷工厂产能释放],mid,missing,301005_SZ_超捷股份.md
301007,SZ,德迈仕,-6.76%,high,,missing,,missing,下游客户订单减少,high,[下游客户订单减少],mid,missing,301007_SZ_德迈仕.md
301011,SZ,华立科技,+25.0%,mid,-18.44%,high,,missing,国内游乐场扩张放缓,high,[国内游乐场扩张放缓],mid,missing,301011_SZ_华立科技.md
301016,SZ,雷尔伟,+34.73%,mid,,missing,,missing,,missing,技术创新与新品研发（轻量化、全焊铝合金车体、高精密锻造）,mid,missing,301016_SZ_雷尔伟.md
301020,SZ,密封科技,+13.51%,mid,+8.07%,high,,missing,国六排放标准全面实施,high,[国六排放标准全面实施],mid,missing,301020_SZ_密封科技.md
301021,SZ,英诺激光,+76.0%,mid,,missing,,missing,PCB行业高景气+AI算力需求爆发,high,[PCB行业高景气+AI算力需求爆发],mid,missing,301021_SZ_英诺激光.md
301023,SZ,奕帆传动,+2.39%,high,,missing,+63.27%,high,,missing,国家电网“十五五”4万亿投资,mid,missing,301023_SZ_奕帆传动.md
301027,SZ,华蓝集团,+19.53%,high,,missing,↓,low,光伏电站并网,high,[应收账款高企与坏账计提],mid,missing,301027_SZ_华蓝集团.md
301028,SZ,鼎熔岩,+5.95%,high,,missing,,missing,“双碳”与大规模设备更新政策,high,[“双碳”与大规模设备更新政策],mid,missing,301028_SZ_鼎熔岩.md
301032,SZ,新柴股份,+3.13%,high,+35.63%,high,↑,low,设备更新与农机报废补贴政策,high,[设备更新与农机报废补贴政策],mid,low,301032_SZ_新柴股份.md
301037,SZ,保立佳,-21.44%,high,,missing,↑,low,下游房地产行业深度调整,high,[下游房地产行业深度调整],mid,missing,301037_SZ_保立佳.md
301039,SZ,中集车辆,-30.0%,high,,missing,,missing,“星链计划”重塑生产组织,high,[“星链计划”重塑生产组织],mid,missing,301039_SZ_中集车辆.md
301040,SZ,中环海陆,+9.48%,high,,missing,,missing,风电行业竞争加剧,high,[风电行业竞争加剧],mid,missing,301040_SZ_中环海陆.md
301041,SZ,金百泽,+97.77%,high,-48.39%,high,↑,low,,missing,原材料价格上涨（金盐、铜球、锡条等）,mid,missing,301041_SZ_金百泽.md
301045,SZ,天禄科技,-11.14%,high,,missing,↑,low,,missing,产品结构优化（聚焦高附加值笔记本导光板）,mid,missing,301045_SZ_天禄科技.md
301047,SZ,义翘神州,+23.82%,high,+6.01%,high,,missing,,missing,常规业务收入增长19.80%,mid,missing,301047_SZ_义翘神州.md
301049,SZ,超越科技,,missing,,missing,,missing,安徽省危废处置产能5年扩张3.7倍,high,[安徽省危废处置产能5年扩张3.7倍],mid,missing,301049_SZ_超越科技.md
301050,SZ,雷电微力,-37.23%,high,-52.04%,high,,missing,行业周期性波动,high,[客户需求变化与订单迟滞],mid,missing,301050_SZ_雷电微力.md
301051,SZ,信濠光电,,missing,,missing,,missing,3C玻璃盖板行业竞争加剧 & 产能搬迁与,high,[3C玻璃盖板行业竞争加剧 & 产能搬迁与爬坡],mid,missing,301051_SZ_信濠光电.md
301052,SZ,果麦文化,+2.24%,high,亏,low,,missing,教辅赛道爆发,high,[“出版+互联网”模式],mid,missing,301052_SZ_果麦文化.md
301056,SZ,森赫股份,-22.38%,high,,missing,,missing,房地产下行与新增需求承压,high,[房地产下行与新增需求承压],mid,missing,301056_SZ_森赫股份.md
301058,SZ,中粮科工,,missing,,missing,,missing,,missing,,missing,missing,301058_SZ_中粮科工.md
301061,SZ,匠心家居,-6.1%,mid,,missing,,missing,美国零售商渠道深化,high,[美国零售商渠道深化],mid,missing,301061_SZ_匠心家居.md
301065,SZ,本立科技,-9.9%,high,+22.0%,high,,missing,核心产品毛利率提升,high,[核心产品毛利率提升],mid,missing,301065_SZ_本立科技.md
301069,SZ,凯盛新材,+10.58%,high,+129.28%,high,,missing,下游需求复苏,high,[LiFSI需求增长],mid,missing,301069_SZ_凯盛新材.md
301071,SZ,力量钻石,+16.0%,high,-45.57%,high,,missing,培育钻石销量增长但价格承压,high,[培育钻石销量增长但价格承压],mid,missing,301071_SZ_力量钻石.md
301076,SZ,新瀚新材,+5.8%,high,,missing,-45.36%,high,产销规模扩大,high,[规模效应摊薄成本],mid,missing,301076_SZ_新瀚新材.md
301077,SZ,星华新材,-2.9%,high,,missing,,missing,产品降价保份额,high,[反光服饰量价齐跌],mid,missing,301077_SZ_星华新材.md
301078,SZ,孩子王,+10.0%,high,,missing,+21.92%,high,收购丝域生物,high,[加盟模式加速下沉市场扩张],mid,missing,301078_SZ_孩子王.md
301079,SZ,邵阳液压,+11.0%,mid,-8.84%,high,↑,low,主动压缩低毛利冶金项目,high,[主动压缩低毛利冶金项目],mid,low,301079_SZ_邵阳液压.md
301080,SZ,百普赛斯,+26.74%,mid,,missing,,missing,下游创新药管线向临床中后期及商业化推进,high,[下游创新药管线向临床中后期及商业化推进],mid,missing,301080_SZ_百普赛斯.md
301082,SZ,久盛电气,+21.43%,high,,missing,,missing,营收结构向低毛利产品倾斜,high,[营收结构向低毛利产品倾斜],mid,missing,301082_SZ_久盛电气.md
301083,SZ,百胜智能,+8.44%,mid,-61.99%,high,,missing,核心业务收入下滑,high,[核心业务收入下滑],high,missing,301083_SZ_百胜智能.md
301086,SZ,鸿富瀚,+11.28%,high,-7.52%,high,,missing,消费电子行业复苏,high,[消费电子行业复苏],mid,missing,301086_SZ_鸿富瀚.md
301087,SZ,可孚医疗,+80.18%,mid,,missing,,missing,品类聚焦与产品结构优化,high,[品类聚焦与产品结构优化],mid,missing,301087_SZ_可孚医疗.md
301089,SZ,拓新药业,+11.3%,mid,,missing,↓,low,部分原料药终端需求波动及价格下行,high,[部分原料药终端需求波动及价格下行],mid,missing,301089_SZ_拓新药业.md
301090,SZ,华润材料,,missing,,missing,,missing,行业产能严重过剩,high,[行业产能严重过剩],mid,missing,301090_SZ_华润材料.md
301091,SZ,深城交,+34.0%,high,-42.0%,high,↓,low,战略转型聚焦高毛利产品,high,[战略转型聚焦高毛利产品],mid,low,301091_SZ_深城交.md
301093,SZ,华兰股份,+23.81%,high,-11.85%,mid,,missing,覆膜胶塞技术壁垒与高端化,high,[覆膜胶塞技术壁垒与高端化],mid,missing,301093_SZ_华兰股份.md
301095,SZ,广立微,+75.13%,mid,-25.3%,high,↓,low,晶圆厂扩产与先进制程研发,high,[晶圆厂扩产与先进制程研发],mid,low,301095_SZ_广立微.md
301096,SZ,百诚医药,+143.0%,mid,,missing,,missing,集采与MAH政策冲击仿制药业务,high,[集采与MAH政策冲击仿制药业务],mid,missing,301096_SZ_百诚医药.md
301097,SZ,天益医疗,+37.4%,mid,,missing,,missing,国际化战略激进扩张,high,[国际化战略激进扩张],mid,missing,301097_SZ_天益医疗.md
301098,SZ,金埔园林,-23.52%,high,,missing,,missing,地方财政支付压力加大 & 项目回款放缓,high,[地方财政支付压力加大 & 项目回款放缓],high,missing,301098_SZ_金埔园林.md
301099,SZ,雅创电子,+1805.52%,mid,+19.31%,high,,missing,,missing,全球半导体行业复苏，AI需求爆发,mid,missing,301099_SZ_雅创电子.md
301100,SZ,风光股份,+13.66%,high,,missing,↓,low,榆林工厂产能利用率提升,high,[榆林工厂产能利用率提升],mid,missing,301100_SZ_风光股份.md
301102,SZ,兆讯传媒,-83.94%,mid,-83.94%,high,,missing,客户投放策略调整,high,[客户投放策略调整],mid,missing,301102_SZ_兆讯传媒.md
301103,SZ,何氏眼科,,missing,盈,low,,missing,屈光手术业务量价齐升,high,[屈光手术业务量价齐升],mid,missing,301103_SZ_何氏眼科.md
301106,SZ,骏成科技,+29.03%,high,-4.64%,mid,,missing,产品结构向模组化升级,high,[产品结构向模组化升级],mid,missing,301106_SZ_骏成科技.md
301108,SZ,洁雅股份,+114.04%,mid,,missing,,missing,海外订单大幅增长,high,[海外订单大幅增长],mid,missing,301108_SZ_洁雅股份.md
301109,SZ,军信股份,+13.05%,high,+33.62%,high,,missing,并购仁和环境,high,[吨垃圾上网电量行业第一],mid,missing,301109_SZ_军信股份.md
301113,SZ,雅艺科技,+20.25%,high,,missing,,missing,线上直销占比激增至76.05%,high,[线上直销占比激增至76.05%],mid,missing,301113_SZ_雅艺科技.md
301116,SZ,益客食品,,missing,,missing,,missing,,missing,2024年产业链盈利刺激产能增长,mid,missing,301116_SZ_益客食品.md
301117,SZ,佳缘科技,+59.06%,mid,,missing,,missing,军工产品调价与市场周期,high,[军工产品调价与市场周期],mid,missing,301117_SZ_佳缘科技.md
301119,SZ,正强股份,+8.76%,high,,missing,+228.0%,high,节叉产品销量爆发式增长48%,high,[节叉产品销量爆发式增长48%],mid,missing,301119_SZ_正强股份.md
301120,SZ,新特电气,,missing,盈,low,,missing,储能业务爆发式增长,high,[储能业务爆发式增长],mid,missing,301120_SZ_新特电气.md
301128,SZ,强瑞技术,+23.0%,mid,,missing,,missing,AI算力需求爆发,high,[AI算力需求爆发],mid,missing,301128_SZ_强瑞技术.md
301129,SZ,瑞纳智能,+26.23%,high,,missing,+269.19%,high,供热节能系统工程收入大增70.22%,high,[供热节能系统工程收入大增70.22%],mid,missing,301129_SZ_瑞纳智能.md
301138,SZ,华研精机,+4.9%,high,-3.16%,high,,missing,境外市场爆发,high,核心风险在于“增收不增利”与“海外依赖症”,high,missing,301138_SZ_华研精机.md
301141,SZ,中科磁业,+35.53%,mid,,missing,,missing,,missing,产能释放产成品库存增加,mid,missing,301141_SZ_中科磁业.md
301148,SZ,嘉戎技术,+13.91%,mid,-26.11%,high,↑,low,市政业务回款攻坚,high,[市政业务回款攻坚],mid,low,301148_SZ_嘉戎技术.md
301151,SZ,冠龙节能,+24.02%,high,-17.72%,mid,↑,low,下游固定资产投资收缩,high,[下游固定资产投资收缩],mid,low,301151_SZ_冠龙节能.md
301158,SZ,德石股份,+8.08%,high,+17.55%,high,,missing,国内油气增储上产投资维持高位,high,[国内油气增储上产投资维持高位],mid,missing,301158_SZ_德石股份.md
301160,SZ,翔楼新材,+1.74%,high,,missing,,missing,国产替代加速,high,[产能扩张与结构优化],mid,missing,301160_SZ_翔楼新材.md
301162,SZ,国能日新,+13.79%,mid,,missing,,missing,新能源装机高景气度 + 分布式“四可”政,high,[新能源装机高景气度 + 分布式“四可”政策落地],mid,missing,301162_SZ_国能日新.md
301165,SZ,锐捷网络,+22.37%,high,,missing,+735.0%,high,AI算力投资爆发,high,[AI算力投资爆发],mid,missing,301165_SZ_锐捷网络.md
301167,SZ,建研设计,+91.21%,high,+39.36%,high,,missing,应收账款催收力度加大,high,[应收账款催收力度加大],mid,missing,301167_SZ_建研设计.md
301170,SZ,锡南科技,+5.37%,high,-7.58%,high,,missing,全球涡轮增压渗透率提升+公司产能扩张,high,[全球涡轮增压渗透率提升+公司产能扩张],mid,missing,301170_SZ_锡南科技.md
301173,SZ,毓恬冠佳,+56.77%,mid,,missing,+278.08%,high,国产替代龙头地位,high,[国产替代龙头地位],mid,missing,301173_SZ_毓恬冠佳.md
301175,SZ,中科环保,+28.0%,mid,,missing,,missing,供热规模化与高供热比,high,[供热规模化与高供热比],mid,missing,301175_SZ_中科环保.md
301176,SZ,逸豪新材,+20.0%,high,,missing,,missing,铜箔行业产能过剩，加工费低位,high,[铜箔行业产能过剩，加工费低位],mid,missing,301176_SZ_逸豪新材.md
301178,SZ,天亿马,+113.29%,high,盈,low,,missing,算力服务与新能源电力业务爆发,high,[算力服务与新能源电力业务爆发],mid,missing,301178_SZ_天亿马.md
301181,SZ,标榜股份,+76.04%,high,+3.78%,high,,missing,新能源转型加速,high,[非经常性损益依赖],mid,missing,301181_SZ_标榜股份.md
301182,SZ,凯旺科技,+10.0%,high,,missing,,missing,安防主业萎缩,high,[新业务放量但低毛利],mid,missing,301182_SZ_凯旺科技.md
301188,SZ,力诺药包,+16.64%,mid,-39.97%,high,↓,low,集采政策冲击,high,[原材料及能源价格上升],mid,low,301188_SZ_力诺药包.md
301189,SZ,奥尼电子,+70.52%,high,,missing,↑,low,AI推理算力新业务爆发,high,[AI推理算力新业务爆发],mid,missing,301189_SZ_奥尼电子.md
301195,SZ,北路智控,,missing,,missing,,missing,,missing,政策驱动矿山智能化建设,mid,missing,301195_SZ_北路智控.md
301200,SZ,大族数控,+72.68%,high,+173.68%,high,,missing,AI算力基础设施投资高增,high,[AI算力基础设施投资高增],mid,missing,301200_SZ_大族数控.md
301207,SZ,华兰疫苗,+93.0%,high,-10.99%,high,,missing,产品结构单一，依赖流感疫苗,high,[产品结构单一，依赖流感疫苗],mid,missing,301207_SZ_华兰疫苗.md
301211,SZ,亨迪药业,,missing,,missing,,missing,,missing,核心产品布洛芬原料药需求波动,mid,missing,301211_SZ_亨迪药业.md
301212,SZ,联盛化学,+9.63%,high,+22.91%,high,,missing,电子化学品销量增长,high,[电子化学品销量增长],mid,missing,301212_SZ_联盛化学.md
301217,SZ,铜冠铜箔,,missing,,missing,↑,low,AI算力与高端PCB需求爆发,high,[AI算力与高端PCB需求爆发],mid,missing,301217_SZ_铜冠铜箔.md
301218,SZ,华是科技,+17.72%,high,,missing,,missing,地方政府财政收紧,high,[地方政府财政收紧],mid,missing,301218_SZ_华是科技.md
301221,SZ,光庭信息,+45.92%,mid,+158.0%,high,,missing,海外高附加值业务增长,high,[海外高附加值业务增长],mid,missing,301221_SZ_光庭信息.md
301223,SZ,中荣股份,+13.85%,high,,missing,,missing,礼盒及外销业务高增长,high,[礼盒及外销业务高增长],mid,missing,301223_SZ_中荣股份.md
301227,SZ,森鹰窗业,+371.08%,mid,,missing,+2.61%,high,房地产市场深度调整,high,[房地产市场深度调整],mid,missing,301227_SZ_森鹰窗业.md
301228,SZ,实朴检测,-9.89%,high,,missing,+63.68%,high,行业竞争加剧与价格战,high,[行业竞争加剧与价格战],mid,missing,301228_SZ_实朴检测.md
301229,SZ,纽泰格,+10.0%,high,-29.23%,mid,,missing,原材料铝锭价格上涨 + 客户持续降本,high,[原材料铝锭价格上涨 + 客户持续降本],mid,missing,301229_SZ_纽泰格.md
301232,SZ,飞沃科技,+43.05%,high,盈,low,,missing,国内风电新增并网装机同比大幅增长,high,[国内风电新增并网装机同比大幅增长],mid,missing,301232_SZ_飞沃科技.md
301234,SZ,五洲医疗,-4.01%,high,-52.73%,high,,missing,行业竞争加剧与市场需求变化,high,[行业竞争加剧与市场需求变化],mid,missing,301234_SZ_五洲医疗.md
301235,SZ,华康洁净,+33.87%,high,+76.39%,high,-165.24%,high,,missing,[电子洁净业务从零到一突破],mid,missing,301235_SZ_华康洁净.md
301236,SZ,软通动力,,missing,,missing,,missing,收购同方计算机，切入硬件赛道,high,[收购同方计算机，切入硬件赛道],mid,missing,301236_SZ_软通动力.md
301237,SZ,和顺科技,,missing,,missing,,missing,行业产能过剩与价格战,high,[行业产能过剩与价格战],mid,missing,301237_SZ_和顺科技.md
301238,SZ,瑞泰新材,,missing,+162.85%,high,,missing,行业产能过剩与竞争加剧,high,[行业产能过剩与竞争加剧],mid,missing,301238_SZ_瑞泰新材.md
301248,SZ,杰创智能,+32.28%,high,盈,low,,missing,,missing,[AI算力需求爆发 + 智算集群建设],mid,missing,301248_SZ_杰创智能.md
301255,SZ,通力科技,+4.08%,mid,-15.96%,high,,missing,行业竞争加剧导致产品降价,high,[行业竞争加剧导致产品降价],mid,missing,301255_SZ_通力科技.md
301258,SZ,富士莱,,missing,-12.0%,mid,,missing,核心产品价格持续承压,high,[核心产品价格持续承压],mid,missing,301258_SZ_富士莱.md
301265,SZ,华新科技,+26.55%,mid,,missing,,missing,,missing,销售模式优化（竞拍平台）,mid,missing,301265_SZ_华新科技.md
301266,SZ,宇邦新材,+26.96%,high,-24.43%,high,,missing,常规产品加工费承压,high,[常规产品加工费承压],mid,missing,301266_SZ_宇邦新材.md
301270,SZ,汉仪股份,+16.62%,mid,+61.53%,high,,missing,降本增效与费用控制,high,[降本增效与费用控制],mid,missing,301270_SZ_汉仪股份.md
301277,SZ,新天地,+5.16%,high,-30.17%,high,,missing,核心产品左旋对羟基苯甘氨酸系列产品营收下,high,[核心产品左旋对羟基苯甘氨酸系列产品营收下滑10.72%],high,missing,301277_SZ_新天地.md
301279,SZ,金道科技,+33.59%,mid,,missing,,missing,叉车电动化渗透率持续提升,high,[叉车电动化渗透率持续提升],mid,missing,301279_SZ_金道科技.md
301280,SZ,珠城科技,+9.73%,high,+12.53%,high,,missing,家电连接器核心客户战略合作深化,high,[家电连接器核心客户战略合作深化],mid,missing,301280_SZ_珠城科技.md
301282,SZ,金禄电子,+28.74%,high,,missing,,missing,新能源汽车渗透率提升,high,[新能源汽车渗透率提升],mid,missing,301282_SZ_金禄电子.md
301283,SZ,聚胶股份,+57.0%,mid,,missing,↑,low,原材料价格下降,high,[海外收入占比57.33%],mid,missing,301283_SZ_聚胶股份.md
301285,SZ,鸿日达,+1017.0%,mid,,missing,,missing,新业务扩张投入,high,[消费电子主业下滑],high,missing,301285_SZ_鸿日达.md
301286,SZ,侨源股份,+5.24%,high,,missing,,missing,规模化生产与低成本水电,high,[规模化生产与低成本水电],mid,missing,301286_SZ_侨源股份.md
301287,SZ,康力源,-14.75%,high,,missing,↑,low,美国关税政策升级,high,[美国关税政策升级],mid,missing,301287_SZ_康力源.md
301288,SZ,_ST清研,-50.0%,mid,,missing,,missing,“新合伙人”战略驱动的外延并购,high,[“新合伙人”战略驱动的外延并购],mid,missing,301288_SZ__ST清研.md
301289,SZ,国缆检测,+12.72%,high,,missing,+43.1%,high,下游线缆行业万亿级规模稳定增长,high,[下游线缆行业万亿级规模稳定增长],mid,missing,301289_SZ_国缆检测.md
301290,SZ,东星医疗,+4.72%,mid,,missing,,missing,带量采购政策落地与市场竞争加剧,high,[带量采购政策落地与市场竞争加剧],mid,missing,301290_SZ_东星医疗.md
301292,SZ,海科新源,+79.0%,high,,missing,+1.78%,high,行业产能过剩与价格战,high,[行业产能过剩与价格战],mid,missing,301292_SZ_海科新源.md
301293,SZ,三博脑科,+20.69%,high,-19.85%,high,,missing,新院区集中投产,high,[并购大行广泽并表],mid,missing,301293_SZ_三博脑科.md
301295,SZ,美硕科技,+11.49%,high,-17.38%,high,↑,low,收入增长但利润下滑,high,[收入增长但利润下滑],high,low,301295_SZ_美硕科技.md
301298,SZ,东利机械,+19.47%,mid,,missing,,missing,海外高毛利市场深耕,high,[海外高毛利市场深耕],mid,missing,301298_SZ_东利机械.md
301301,SZ,川宁生物,-19.83%,high,-45.0%,high,,missing,青霉素类产品价格下跌,high,[青霉素类产品价格下跌],mid,missing,301301_SZ_川宁生物.md
301302,SZ,华如科技,+21.38%,mid,,missing,,missing,军队采购网禁令,high,[“十四五”末期项目集中交付],mid,missing,301302_SZ_华如科技.md
301303,SZ,真兰仪表,+18.75%,high,,missing,+97.97%,high,政策驱动存量替换,high,[政策驱动存量替换],mid,missing,301303_SZ_真兰仪表.md
301305,SZ,朗坤科技,+25.15%,mid,,missing,,missing,,missing,全球地缘政治冲突频发，宏观经济波动，生物柴油及原料价格随国际,mid,missing,301305_SZ_朗坤科技.md
301307,SZ,美利信,+3.7%,mid,,missing,,missing,产能爬坡与规模扩张,high,[产能爬坡与规模扩张],mid,missing,301307_SZ_美利信.md
301310,SZ,鑫宏业,+45.3%,mid,盈,low,,missing,,missing,新能源产业快速发展，高电压平台、超充技术升级,mid,missing,301310_SZ_鑫宏业.md
301314,SZ,科瑞思,+17.75%,high,+32.64%,high,+17.75%,high,,missing,,missing,missing,301314_SZ_科瑞思.md
301315,SZ,威士顿,-36.89%,mid,,missing,+102.84%,high,下游客户信息化投入放缓,high,[下游客户信息化投入放缓],mid,missing,301315_SZ_威士顿.md
301318,SZ,维海德,+7.05%,high,-31.3%,high,,missing,原材料成本上涨,high,[“中国+东南亚”双核心供应链布局],mid,missing,301318_SZ_维海德.md
301319,SZ,唯特偶,+24.07%,high,+20.34%,high,,missing,原材料价格上涨,high,[非经常性损益贡献下降],mid,missing,301319_SZ_唯特偶.md
301321,SZ,翰博高新,+39.64%,high,,missing,,missing,营收增长但产能爬坡成本高,high,[营收增长但产能爬坡成本高],mid,missing,301321_SZ_翰博高新.md
301322,SZ,绿通科技,+19.12%,high,-97.95%,high,,missing,美国“双反”高额关税,high,[美国“双反”高额关税],mid,missing,301322_SZ_绿通科技.md
301328,SZ,维峰电子,+33.46%,high,+15.64%,high,,missing,新能源/汽车连接器需求爆发,high,[新能源/汽车连接器需求爆发],mid,missing,301328_SZ_维峰电子.md
301329,SZ,信音电子,+14.04%,high,+17.62%,high,,missing,AI产业需求回暖+客户提前拉货,high,[AI产业需求回暖+客户提前拉货],mid,missing,301329_SZ_信音电子.md
301330,SZ,熵基科技,,missing,,missing,,missing,,missing,,missing,missing,301330_SZ_熵基科技.md
301333,SZ,诺思格,+14.38%,high,-1.47%,high,-26.21%,high,,missing,临床试验相关及实验室服务（SMO、数据统计）收入增长18.8,mid,missing,301333_SZ_诺思格.md
301335,SZ,天元宠物,+14.33%,mid,,missing,-76.6%,high,境外宠物经济持续增长,high,[境外宠物经济持续增长],mid,missing,301335_SZ_天元宠物.md
301337,SZ,亚华电子,+16.6%,high,-16.6%,mid,,missing,产品价格下降与毛利率承压,high,[产品价格下降与毛利率承压],mid,missing,301337_SZ_亚华电子.md
301345,SZ,涛涛车业,+140.98%,high,+89.29%,high,,missing,电动低速车爆发式增长,high,[电动低速车爆发式增长],mid,missing,301345_SZ_涛涛车业.md
301349,SZ,信德新材,+43.28%,high,盈,low,,missing,下游需求爆发,high,[中高端产品结构升级],mid,missing,301349_SZ_信德新材.md
301357,SZ,北方长龙,-22.12%,mid,盈,low,+91.67%,high,军品批产订单集中交付,high,[军品批产订单集中交付],mid,low,301357_SZ_北方长龙.md
301358,SZ,湖南裕能,+71.38%,mid,,missing,,missing,动力与储能双轮驱动,high,[动力与储能双轮驱动],mid,missing,301358_SZ_湖南裕能.md
301359,SZ,东南电子,+7.95%,high,-11.79%,high,,missing,家电“以旧换新”政策红利,high,[家电“以旧换新”政策红利],mid,missing,301359_SZ_东南电子.md
301361,SZ,众智科技,+13.31%,high,,missing,+47.14%,high,智算中心(AIDC)建设爆发,high,[智算中心(AIDC)建设爆发],mid,missing,301361_SZ_众智科技.md
301363,SZ,美好医疗,+1.96%,mid,-22.18%,high,,missing,,missing,,missing,missing,301363_SZ_美好医疗.md
301366,SZ,一博科技,+27.0%,high,-67.0%,high,,missing,新建工厂产能爬坡,high,[新建工厂产能爬坡],mid,missing,301366_SZ_一博科技.md
301367,SZ,瑞迈特,+37.46%,high,+99.72%,high,,missing,海外去库存影响消除,high,[海外去库存影响消除],mid,missing,301367_SZ_瑞迈特.md
301368,SZ,丰立智能,+0.54%,high,亏,low,-39.0%,high,产能扩张与折旧激增,high,[产能扩张与折旧激增],mid,low,301368_SZ_丰立智能.md
301371,SZ,敷尔佳,+33.53%,mid,-34.56%,high,,missing,线下渠道战略性收缩,high,[线下渠道战略性收缩],mid,missing,301371_SZ_敷尔佳.md
301373,SZ,凌玮科技,+4.46%,high,,missing,-20.77%,high,募投项目投产释放产能,high,[募投项目投产释放产能],mid,missing,301373_SZ_凌玮科技.md
301377,SZ,鼎泰高科,+46.08%,high,+91.14%,high,,missing,AI算力驱动高端PCB需求爆发,high,[AI算力驱动高端PCB需求爆发],mid,missing,301377_SZ_鼎泰高科.md
301380,SZ,挖金客,+11.0%,high,-14.2%,mid,,missing,收入增长但利润下滑,high,[收入增长但利润下滑],high,missing,301380_SZ_挖金客.md
301387,SZ,光大同创,+30.29%,high,-11.45%,high,,missing,消费电子AI化与轻量化趋势,high,[消费电子AI化与轻量化趋势],mid,missing,301387_SZ_光大同创.md
301392,SZ,汇成真空,,missing,-67.0%,high,,missing,下游消费电子客户结构调整,high,[下游消费电子客户结构调整],mid,missing,301392_SZ_汇成真空.md
301393,SZ,昊帆生物,+33.28%,high,-14.47%,high,,missing,下游GLP-1等多肽药物需求旺盛,high,[下游GLP-1等多肽药物需求旺盛],mid,missing,301393_SZ_昊帆生物.md
301395,SZ,仁信新材,-18.33%,mid,-37.0%,high,,missing,产能扩张与行业供需失衡,high,[产能扩张与行业供需失衡],mid,missing,301395_SZ_仁信新材.md
301397,SZ,溯联股份,+15.61%,high,,missing,+386.07%,high,新能源汽车渗透率提升,high,[新能源汽车渗透率提升],mid,missing,301397_SZ_溯联股份.md
301399,SZ,英特科技,+28.26%,mid,-45.48%,high,,missing,下游需求疲软与行业竞争加剧,high,[下游需求疲软与行业竞争加剧],mid,missing,301399_SZ_英特科技.md
301408,SZ,华人健康,+22.5%,mid,,missing,↑,low,,missing,[“四位一体”全产业链生态],mid,missing,301408_SZ_华人健康.md
301413,SZ,安培龙,+25.88%,high,,missing,,missing,压力传感器业务高速增长,high,[压力传感器业务高速增长],high,missing,301413_SZ_安培龙.md
301419,SZ,阿莱德,+24.41%,high,+38.91%,high,,missing,ICT行业需求释放,high,[ICT行业需求释放],mid,missing,301419_SZ_阿莱德.md
301421,SZ,波长光电,+11.71%,high,-3.97%,high,,missing,半导体及泛半导体业务放量,high,[半导体及泛半导体业务放量],mid,missing,301421_SZ_波长光电.md
301446,SZ,福事特,+17.19%,high,-5.5%,high,,missing,工程机械与矿山后维修市场景气,high,[工程机械与矿山后维修市场景气],mid,missing,301446_SZ_福事特.md
301456,SZ,盘古智能,+34.74%,high,,missing,,missing,风电行业高景气,high,[产品多元化战略落地],mid,missing,301456_SZ_盘古智能.md
301458,SZ,钧崴电子,+43.02%,mid,,missing,,missing,AI算力与新能源需求爆发,high,[AI算力与新能源需求爆发],mid,missing,301458_SZ_钧崴电子.md
301469,SZ,恒达新材,+14.24%,mid,+17.32%,high,+30.66%,high,,missing,前瞻性战略定位医疗及食品包装领域,mid,missing,301469_SZ_恒达新材.md
301479,SZ,弘景光电,+54.95%,mid,+16.69%,high,,missing,,missing,,missing,missing,301479_SZ_弘景光电.md
301486,SZ,致尚科技,-42.95%,mid,+16.6%,high,,missing,,missing,,missing,missing,301486_SZ_致尚科技.md
301487,SZ,盟固利,+29.38%,high,盈,low,+201.41%,high,钴酸锂产品量价齐升,high,[钴酸锂产品量价齐升],mid,low,301487_SZ_盟固利.md
301488,SZ,豪恩汽电,+26.26%,high,-24.68%,high,+27.9%,high,,missing,营收增长26.26%,mid,missing,301488_SZ_豪恩汽电.md
301491,SZ,汉桑科技,+26.13%,high,-11.88%,high,,missing,创新音频产品爆发,high,[创新音频产品爆发],mid,missing,301491_SZ_汉桑科技.md
301498,SZ,乖宝宠物,+29.0%,high,-37.5%,high,,missing,自有品牌高端化战略,high,[自有品牌高端化战略],mid,missing,301498_SZ_乖宝宠物.md
301500,SZ,飞南资源,+18.0%,high,+124.0%,high,,missing,多金属深度资源化产业闭环建成,high,[多金属深度资源化产业闭环建成],mid,missing,301500_SZ_飞南资源.md
301505,SZ,苏州规划,-26.02%,high,,missing,↑,low,传统规划设计业务萎缩,high,[传统规划设计业务萎缩],mid,missing,301505_SZ_苏州规划.md
301507,SZ,民生健康,+21.89%,high,+29.35%,high,↑,low,益生菌业务并表,high,[核心单品依赖度下降],mid,low,301507_SZ_民生健康.md
301508,SZ,中机认检,+12.27%,high,,missing,,missing,新能源乘用车检测业务突破,high,[新能源乘用车检测业务突破],mid,missing,301508_SZ_中机认检.md
301509,SZ,金凯生科,+81.87%,mid,,missing,,missing,非含氟类CDMO业务爆发,high,[非含氟类CDMO业务爆发],mid,missing,301509_SZ_金凯生科.md
301511,SZ,德福科技,+59.33%,high,盈,low,,missing,下游需求回暖+产能利用率提升,high,[下游需求回暖+产能利用率提升],mid,missing,301511_SZ_德福科技.md
301515,SZ,港通医疗,+13.89%,mid,,missing,,missing,地方财政资金紧张,high,[地方财政资金紧张],mid,missing,301515_SZ_港通医疗.md
301519,SZ,舜禹股份,+40.25%,mid,亏,low,,missing,地方政府支付能力减弱,high,[地方政府支付能力减弱],mid,missing,301519_SZ_舜禹股份.md
301526,SZ,国际复材,+17.6%,high,,missing,,missing,风电、电子等高端市场需求回暖,high,[风电、电子等高端市场需求回暖],mid,missing,301526_SZ_国际复材.md
301528,SZ,多浦乐,+22.21%,high,,missing,,missing,自动化检测系统标准化与液冷板检测突破,high,[自动化检测系统标准化与液冷板检测突破],mid,missing,301528_SZ_多浦乐.md
301529,SZ,福赛科技,+29.59%,mid,,missing,,missing,海外业务高增长,high,[墨西哥工厂产能利用率提升至90%],mid,missing,301529_SZ_福赛科技.md
301536,SZ,星宸科技,+26.28%,high,,missing,,missing,视觉AI SoC全球领导者地位,high,[视觉AI SoC全球领导者地位],mid,missing,301536_SZ_星宸科技.md
301538,SZ,骏鼎达,+18.68%,high,,missing,,missing,汽车行业客户需求增长,high,[汽车行业客户需求增长],mid,missing,301538_SZ_骏鼎达.md
301539,SZ,宏鑫科技,+41.14%,mid,-44.93%,high,↓,low,美国加征关税,high,[泰国及新厂区大规模转固],mid,low,301539_SZ_宏鑫科技.md
301548,SZ,崇德科技,+64.02%,mid,,missing,,missing,AI数据中心电力需求爆发,high,[AI数据中心电力需求爆发],mid,missing,301548_SZ_崇德科技.md
301550,SZ,斯菱智驱,,missing,+70.0%,high,,missing,,missing,全球汽车保有量增长与售后市场深耕,mid,missing,301550_SZ_斯菱智驱.md
301551,SZ,无线传媒,+3.16%,mid,,missing,+157.07%,high,,missing,区域独家IPTV牌照授权,mid,missing,301551_SZ_无线传媒.md
301559,SZ,中集环科,,missing,-62.91%,high,+137.87%,high,下游化工行业开工不足,high,[下游化工行业开工不足],mid,missing,301559_SZ_中集环科.md
301563,SZ,云汉芯城,+25.62%,high,,missing,+92.86%,high,全球半导体市场增长,high,[全球半导体市场增长],mid,missing,301563_SZ_云汉芯城.md
301567,SZ,贝隆精密,,missing,亏,low,,missing,新业务VCM马达量产爬坡不顺,high,[新业务VCM马达量产爬坡不顺],mid,missing,301567_SZ_贝隆精密.md
301568,SZ,思泰克,+38.0%,high,,missing,↑,low,3D AOI设备销量爆发,high,[3D AOI设备销量爆发],mid,missing,301568_SZ_思泰克.md
301575,SZ,艾芬达,+5.71%,high,-2.34%,high,,missing,全球加热毛巾架销量第一的龙头地位,high,[全球加热毛巾架销量第一的龙头地位],mid,missing,301575_SZ_艾芬达.md
301577,SZ,美信科技,+9.26%,high,亏,low,,missing,功率类磁性元器件策略性定价与产能爬坡,high,[功率类磁性元器件策略性定价与产能爬坡],mid,missing,301577_SZ_美信科技.md
301581,SZ,黄山谷捷,+17.03%,high,-50.83%,high,↓,low,行业竞争加剧，产品价格下降,high,[行业竞争加剧，产品价格下降],mid,low,301581_SZ_黄山谷捷.md
301584,SZ,建发致新,+0.2%,mid,,missing,+354.96%,high,集采政策常态化与渠道扁平化,high,[集采政策常态化与渠道扁平化],mid,missing,301584_SZ_建发致新.md
301587,SZ,中瑞股份,+8.65%,high,-31.79%,high,,missing,组合盖帽销量增长29.62%,high,[组合盖帽销量增长29.62%],mid,missing,301587_SZ_中瑞股份.md
301589,SZ,诺瓦星云,+31.07%,high,,missing,↑,low,海外市场高速扩张,high,[海外市场高速扩张],mid,missing,301589_SZ_诺瓦星云.md
301590,SZ,优优绿能,,missing,-58.0%,high,,missing,,missing,[国内价格战加剧]** ->,mid,missing,301590_SZ_优优绿能.md
301591,SZ,肯特股份,+4.63%,high,-8.41%,high,,missing,密封件及组配件业务增长,high,[密封件及组配件业务增长],mid,missing,301591_SZ_肯特股份.md
301592,SZ,六九一二,+45.36%,mid,-45.0%,high,,missing,军方预算与采购节奏,high,[军方预算与采购节奏],mid,missing,301592_SZ_六九一二.md
301595,SZ,太力科技,+75.38%,high,-29.88%,high,,missing,电商流量红利收窄,high,[电商流量红利收窄],mid,missing,301595_SZ_太力科技.md
301596,SZ,瑞迪智驱,+4.91%,high,-5.0%,high,,missing,,missing,谐波减速机高增长（+59.27%）,mid,missing,301596_SZ_瑞迪智驱.md
301598,SZ,博科测试,+9.15%,high,,missing,+89.74%,high,汽车测试试验系统解决方案收入增长12.0,high,[汽车测试试验系统解决方案收入增长12.01%],mid,missing,301598_SZ_博科测试.md
301601,SZ,惠通科技,,missing,,missing,,missing,下游化工行业投资周期下行,high,[下游化工行业投资周期下行],mid,missing,301601_SZ_惠通科技.md
301606,SZ,绿联科技,+53.83%,high,,missing,↓,low,智能存储（NAS）爆发式增长,high,[智能存储（NAS）爆发式增长],mid,missing,301606_SZ_绿联科技.md
301608,SZ,博实结,+22.1%,high,,missing,,missing,海外市场拓展,high,[“单北斗”替换政策],mid,missing,301608_SZ_博实结.md
301613,SZ,新铝时代,+60.59%,high,,missing,+231.88%,high,新能源汽车行业高景气度,high,[新能源汽车行业高景气度],mid,missing,301613_SZ_新铝时代.md
301617,SZ,博苑股份,+10.3%,high,-19.05%,high,,missing,原材料价格上涨,high,[特种功能化学品销量下滑],high,missing,301617_SZ_博苑股份.md
301622,SZ,英思特,+21.89%,high,-25.8%,high,,missing,AI驱动消费电子换机潮,high,[AI驱动消费电子换机潮],mid,missing,301622_SZ_英思特.md
301628,SZ,强达电路,+20.24%,high,+66.56%,high,,missing,AI算力与数据中心需求爆发,high,[AI算力与数据中心需求爆发],mid,missing,301628_SZ_强达电路.md
301629,SZ,矽电股份,+93.84%,mid,,missing,,missing,下游光电客户资本开支放缓,high,[下游光电客户资本开支放缓],mid,missing,301629_SZ_矽电股份.md
301630,SZ,同宇新材,+26.28%,high,-11.16%,high,,missing,AI及汽车电子需求爆发,high,[AI及汽车电子需求爆发],mid,missing,301630_SZ_同宇新材.md
301632,SZ,广东建科,+4.46%,high,,missing,-11.98%,high,房建及市政检测核心业务稳健增长,high,[房建及市政检测核心业务稳健增长],mid,missing,301632_SZ_广东建科.md
301638,SZ,南网数字,+18.52%,high,,missing,,missing,南方电网数字化投资持续增长,high,[南方电网数字化投资持续增长],mid,missing,301638_SZ_南网数字.md
301667,SZ,纳百川,+23.88%,high,,missing,,missing,动力电池液冷板销量增长,high,[动力电池液冷板销量增长],mid,missing,301667_SZ_纳百川.md
301668,SZ,昊创瑞通,+3.25%,high,-5.64%,high,,missing,“十五五”电网投资高增,high,[“十五五”电网投资高增],mid,missing,301668_SZ_昊创瑞通.md
301678,SZ,新恒汇,+61.61%,high,-32.18%,high,,missing,贵金属原材料价格大幅上涨,high,[贵金属原材料价格大幅上涨],mid,missing,301678_SZ_新恒汇.md
301680,SZ,固德电材,+47.1%,mid,,missing,-47.1%,high,铜铝复合材料进入头部电池厂供应链,high,[铜铝复合材料进入头部电池厂供应链],mid,missing,301680_SZ_固德电材.md
301682,SZ,宏明电子,+12.68%,high,+18.82%,high,,missing,防务领域“十四五”末期订单释放,high,[防务领域“十四五”末期订单释放],mid,missing,301682_SZ_宏明电子.md
600000,SH,浦发银行,+1.88%,high,+10.52%,high,,missing,数智化战略深化,high,[负债成本精细化管理],mid,missing,600000_SH_浦发银行.md
600006,SH,东风股份,-19.0%,high,-23.0%,mid,,missing,燃油车销量大幅下滑,high,[燃油车销量大幅下滑],high,missing,600006_SH_东风股份.md
600007,SH,中国国贸,,missing,,missing,,missing,北京CBD核心区位优势,high,[北京CBD核心区位优势],mid,missing,600007_SH_中国国贸.md
600008,SH,首创环保,+9.46%,mid,-2.68%,mid,,missing,处置新加坡ECO公司,high,[处置新加坡ECO公司],mid,missing,600008_SH_首创环保.md
600010,SH,包钢股份,,missing,+41.19%,high,,missing,稀土精矿与萤石精矿的产量与价格,high,[稀土精矿与萤石精矿的产量与价格],mid,missing,600010_SH_包钢股份.md
600011,SH,华能国际,-6.62%,mid,,missing,,missing,燃料成本大幅下降,high,[燃料成本大幅下降],mid,missing,600011_SH_华能国际.md
600012,SH,皖通高速,+13.36%,mid,,missing,+16.44%,high,通行费收入增长13.36%,high,[通行费收入增长13.36%],mid,missing,600012_SH_皖通高速.md
600015,SH,华夏银行,+2.44%,mid,,missing,,missing,,missing,战略转型与‘五篇大文章’落地,mid,missing,600015_SH_华夏银行.md
600016,SH,民生银行,+43.51%,high,-18.64%,high,,missing,负债成本管控,high,[信用减值损失激增],high,missing,600016_SH_民生银行.md
600017,SH,日照港,+4.86%,mid,-24.45%,high,,missing,高费率货种吞吐量下降,high,[高费率货种吞吐量下降],mid,missing,600017_SH_日照港.md
600018,SH,上港集团,+3.9%,high,-9.3%,high,,missing,,missing,集装箱吞吐量持续增长,mid,missing,600018_SH_上港集团.md
600020,SH,中原高速,+1.18%,mid,-29.13%,mid,,missing,通行费收入稳健增长,high,[通行费收入稳健增长],mid,missing,600020_SH_中原高速.md
600021,SH,上海电力,,missing,+1.41%,high,,missing,燃料成本下降,high,[清洁能源装机扩张],mid,missing,600021_SH_上海电力.md
600022,SH,山东钢铁,,missing,盈,low,-9.38%,high,原材料成本大幅下降,high,[原材料成本大幅下降],mid,missing,600022_SH_山东钢铁.md
600026,SH,中远海能,+16.8%,mid,+10.4%,high,,missing,全球油运市场景气度提升,high,[全球油运市场景气度提升],mid,missing,600026_SH_中远海能.md
600027,SH,华电国际,-7.15%,high,+15.18%,high,,missing,燃料成本下降,high,[资产注入（同一控制下企业合并）],mid,missing,600027_SH_华电国际.md
600028,SH,中国石化,,missing,-36.8%,high,,missing,国际油价大幅下跌,high,[国际油价大幅下跌],mid,missing,600028_SH_中国石化.md
600029,SH,南方航空,+18.46%,high,-4.17%,mid,,missing,,missing,国际航线运力扩张** ->,mid,missing,600029_SH_南方航空.md
600030,SH,中信证券,+25.55%,mid,,missing,,missing,市场活跃度提升,high,[IPO与再融资规模扩张],mid,missing,600030_SH_中信证券.md
600031,SH,三一重工,+14.7%,high,,missing,,missing,全球化战略深化,high,[降本增效与规模效应],mid,missing,600031_SH_三一重工.md
600033,SH,福建高速,+63.23%,mid,+63.23%,high,,missing,,missing,资产减值损失大幅减少,high,missing,600033_SH_福建高速.md
600035,SH,楚天高速,,missing,,missing,,missing,汉宜高速改扩建项目推进,high,[汉宜高速改扩建项目推进],mid,missing,600035_SH_楚天高速.md
600036,SH,招商银行,+33.8%,high,,missing,,missing,低利率环境下负债成本管控,high,[低利率环境下负债成本管控],mid,missing,600036_SH_招商银行.md
600038,SH,中直股份,-2.28%,high,,missing,,missing,最终客户交付节奏放缓,high,[最终客户交付节奏放缓],mid,missing,600038_SH_中直股份.md
600039,SH,四川路桥,,missing,,missing,+125.32%,high,省内基建投资高位运行,high,[省内基建投资高位运行],mid,missing,600039_SH_四川路桥.md
600048,SH,保利发展,,missing,-79.31%,high,+142.74%,high,行业下行与资产减值,high,[行业下行与资产减值],high,missing,600048_SH_保利发展.md
600051,SH,宁波联合,+45.0%,mid,-24.0%,high,,missing,房地产业务存量去化,high,[房地产业务存量去化],mid,missing,600051_SH_宁波联合.md
600054,SH,黄山旅游,+9.23%,high,-7.15%,high,,missing,景区资源有偿使用费大幅增加,high,[景区资源有偿使用费大幅增加],mid,missing,600054_SH_黄山旅游.md
600055,SH,万东医疗,+50.0%,mid,-244.81%,mid,,missing,,missing,研发投入大幅增长43%，研发费用同比增长59.28%,mid,missing,600055_SH_万东医疗.md
600056,SH,中国医药,+11.81%,mid,+16.49%,high,+40.92%,high,,missing,医药工业收入下降15.88%,mid,missing,600056_SH_中国医药.md
600057,SH,厦门象屿,+18.5%,mid,,missing,,missing,,missing,,missing,missing,600057_SH_厦门象屿.md
600058,SH,五矿发展,-21.44%,mid,,missing,,missing,下游需求持续疲软,high,[下游需求持续疲软],mid,missing,600058_SH_五矿发展.md
600059,SH,古越龙山,+16.1%,mid,+8.14%,high,,missing,营收下滑5.45%，但归母净利润增长8.,high,[营收下滑5.45%，但归母净利润增长8.14%],high,missing,600059_SH_古越龙山.md
600061,SH,国投资本,+30.34%,mid,,missing,,missing,A股市场活跃度提升,high,[A股市场活跃度提升],mid,missing,600061_SH_国投资本.md
600062,SH,华润双鹤,+14.09%,mid,+9.5%,high,,missing,,missing,集采常态化与价格治理,mid,missing,600062_SH_华润双鹤.md
600063,SH,皖维高新,+24.38%,mid,+17.39%,high,,missing,PVA全产业链一体化布局,high,[PVA全产业链一体化布局],mid,missing,600063_SH_皖维高新.md
600064,SH,南京高科,+72.76%,high,,missing,,missing,增持南京银行股份,high,[增持南京银行股份],mid,missing,600064_SH_南京高科.md
600067,SH,冠城新材,,missing,盈,low,↑,low,,missing,[土地一级开发项目集中结算],mid,missing,600067_SH_冠城新材.md
600071,SH,凤凰光学,,missing,,missing,,missing,,missing,,missing,missing,600071_SH_凤凰光学.md
600073,SH,光明肉业,+10.9%,high,亏,low,,missing,生猪养殖业务巨额亏损,high,[生猪养殖业务巨额亏损],high,missing,600073_SH_光明肉业.md
600075,SH,新疆天业,,missing,亏,low,-42.27%,high,PVC价格创近三十年新低,high,[PVC价格创近三十年新低],mid,missing,600075_SH_新疆天业.md
600078,SH,澄星股份,+7.16%,mid,盈,low,,missing,留债全额偿还，债务结构优化,high,[留债全额偿还，债务结构优化],mid,missing,600078_SH_澄星股份.md
600079,SH,ST人福,-5.79%,high,+54.75%,high,,missing,归核聚焦与降本增效,high,[归核聚焦与降本增效],mid,missing,600079_SH_ST人福.md
600081,SH,东风科技,-7.86%,high,-79.0%,high,,missing,专用资产减值大幅增加,high,[专用资产减值大幅增加],high,missing,600081_SH_东风科技.md
600085,SH,同仁堂,,missing,-22.07%,high,+253.87%,high,市场需求放缓与行业竞争加剧,high,[市场需求放缓与行业竞争加剧],mid,missing,600085_SH_同仁堂.md
600088,SH,中视传媒,+2.56%,mid,亏,low,↓,low,基金减持导致大额所得税费用,high,[基金减持导致大额所得税费用],mid,low,600088_SH_中视传媒.md
600089,SH,特变电工,+19.66%,mid,,missing,-27.75%,high,多晶硅行业深度调整，公司主动控产,high,[多晶硅行业深度调整，公司主动控产],mid,missing,600089_SH_特变电工.md
600094,SH,大名城,,missing,盈,low,+2804.0%,high,前期充分计提资产减值,high,[前期充分计提资产减值],high,missing,600094_SH_大名城.md
600095,SH,湘财股份,+37.33%,mid,,missing,,missing,市场交投活跃,high,[主动缩减贸易规模],mid,missing,600095_SH_湘财股份.md
600096,SH,云天化,-21.47%,high,,missing,,missing,主动缩减低毛利商贸业务,high,[主动缩减低毛利商贸业务],mid,missing,600096_SH_云天化.md
600097,SH,开创国际,,missing,,missing,,missing,,missing,,missing,missing,600097_SH_开创国际.md
600098,SH,广州发展,+20.9%,high,+33.93%,high,,missing,土地交储确认大额非经常性收益,high,[土地交储确认大额非经常性收益],mid,missing,600098_SH_广州发展.md
600099,SH,林海股份,+7.66%,high,,missing,+7.87%,high,特种车辆与摩托车出口高增长,high,[特种车辆与摩托车出口高增长],mid,missing,600099_SH_林海股份.md
600101,SH,明星电力,+7.87%,high,-12.02%,high,+32.39%,high,,missing,售电量增长** ->,mid,missing,600101_SH_明星电力.md
600103,SH,青山纸业,-6.98%,high,-35.48%,high,,missing,行业周期下行与产能过剩,high,[行业周期下行与产能过剩],mid,missing,600103_SH_青山纸业.md
600104,SH,上汽集团,,missing,+506.5%,high,,missing,自主品牌与新能源车销量高增,high,[自主品牌与新能源车销量高增],mid,missing,600104_SH_上汽集团.md
600105,SH,永鼎股份,+28.6%,high,+280.0%,high,,missing,联营企业东昌投资处置房地产项目,high,[联营企业东昌投资处置房地产项目],mid,missing,600105_SH_永鼎股份.md
600106,SH,重庆路桥,,missing,-27.59%,high,,missing,嘉华大桥特许经营权,high,[嘉华大桥特许经营权],mid,missing,600106_SH_重庆路桥.md
600109,SH,国金证券,+26.9%,high,,missing,,missing,市场交投活跃度提升,high,[市场交投活跃度提升],mid,missing,600109_SH_国金证券.md
600110,SH,诺德股份,+38.86%,high,,missing,,missing,铜箔销量与价格双升,high,[铜箔销量与价格双升],mid,missing,600110_SH_诺德股份.md
600111,SH,北方稀土,+29.11%,high,+124.17%,high,,missing,稀土价格上行叠加产销量创新高,high,[稀土价格上行叠加产销量创新高],mid,missing,600111_SH_北方稀土.md
600113,SH,浙江东日,+2.51%,mid,,missing,↑,low,农批市场区域垄断地位,high,[农批市场区域垄断地位],mid,missing,600113_SH_浙江东日.md
600114,SH,东睦股份,+29.26%,high,,missing,+185.0%,high,MIM技术平台爆发,high,[MIM技术平台爆发],mid,missing,600114_SH_东睦股份.md
600115,SH,中国东航,+18.45%,mid,盈,low,,missing,国际航线扩张,high,[枢纽市场份额提升],mid,missing,600115_SH_中国东航.md
600116,SH,三峡水利,,missing,-15.45%,high,,missing,来水改善，自发电量提升,high,[来水改善，自发电量提升],mid,missing,600116_SH_三峡水利.md
600118,SH,中国卫星,+18.35%,high,+27.38%,high,,missing,商业航天竞争加剧，公司被迫转向低毛利产品,high,[商业航天竞争加剧，公司被迫转向低毛利产品],mid,missing,600118_SH_中国卫星.md
600120,SH,浙江东方,+22.31%,mid,,missing,,missing,,missing,东方嘉富人寿保费收入增长,mid,missing,600120_SH_浙江东方.md
600121,SH,郑州煤电,,missing,,missing,,missing,煤炭价格持续下行,high,[煤炭价格持续下行],mid,missing,600121_SH_郑州煤电.md
600123,SH,兰花科创,-21.76%,mid,亏,low,↓,low,主导产品价格大幅下跌,high,[主导产品价格大幅下跌],mid,low,600123_SH_兰花科创.md
600125,SH,铁龙物流,-90.91%,high,,missing,,missing,特种箱资产规模扩张与结构优化,high,[特种箱资产规模扩张与结构优化],mid,missing,600125_SH_铁龙物流.md
600126,SH,杭钢股份,+82.32%,high,-11.29%,mid,,missing,钢铁主业大幅减亏,high,[钢铁主业大幅减亏],mid,missing,600126_SH_杭钢股份.md
600127,SH,金健米业,,missing,+69.28%,high,,missing,资产置换剥离贸易业务,high,[资产置换剥离贸易业务],mid,missing,600127_SH_金健米业.md
600128,SH,苏豪弘业,,missing,+44.47%,high,,missing,投资收益大幅增长,high,[投资收益大幅增长],mid,missing,600128_SH_苏豪弘业.md
600129,SH,太极集团,-15.23%,high,+352.0%,high,,missing,销售结算模式变化,high,[销售结算模式变化],mid,missing,600129_SH_太极集团.md
600130,SH,波导股份,+30.45%,high,,missing,,missing,手机及配件业务增长,high,[手机及配件业务增长],mid,missing,600130_SH_波导股份.md
600131,SH,国网信通,,missing,-19.47%,high,,missing,国家电网“十五五”4万亿投资,high,[国家电网“十五五”4万亿投资],mid,missing,600131_SH_国网信通.md
600132,SH,重庆啤酒,+0.53%,high,,missing,,missing,产品结构高端化,high,[与重庆嘉威诉讼和解],mid,missing,600132_SH_重庆啤酒.md
600135,SH,乐凯胶片,,missing,,missing,-52.32%,high,医用干式胶片需求萎缩,high,[医用干式胶片需求萎缩],mid,missing,600135_SH_乐凯胶片.md
600136,SH,ST明诚,+26.73%,mid,,missing,,missing,破产重整后国资入主,high,[破产重整后国资入主],mid,missing,600136_SH_ST明诚.md
600141,SH,兴发集团,+3.18%,high,-6.83%,mid,,missing,磷矿资源壁垒,high,[草甘膦产能与出口],mid,missing,600141_SH_兴发集团.md
600143,SH,金发科技,,missing,盈,low,,missing,改性塑料销量增长与结构优化,high,[改性塑料销量增长与结构优化],mid,missing,600143_SH_金发科技.md
600148,SH,长春一东,+10.99%,high,盈,low,,missing,商用车市场结构性复苏,high,[商用车市场结构性复苏],mid,missing,600148_SH_长春一东.md
600151,SH,航天机电,-32.6%,high,亏,low,,missing,光伏行业产能过剩与价格战,high,[光伏行业产能过剩与价格战],mid,missing,600151_SH_航天机电.md
600152,SH,维科技术,-7.28%,high,,missing,↓,low,消费类铝壳电池市场萎缩,high,[消费类铝壳电池市场萎缩],mid,missing,600152_SH_维科技术.md
600156,SH,华升股份,+16.46%,mid,,missing,,missing,纺织贸易业务结构优化,high,[纺织贸易业务结构优化],mid,missing,600156_SH_华升股份.md
600157,SH,永泰能源,,missing,-86.63%,high,,missing,焦煤价格中枢下行,high,[焦煤价格中枢下行],mid,missing,600157_SH_永泰能源.md
600159,SH,大龙地产,-11.54%,high,,missing,↓,low,行业深度调整与区域市场萎缩,high,[行业深度调整与区域市场萎缩],mid,missing,600159_SH_大龙地产.md
600160,SH,巨化股份,,missing,-7.3%,mid,,missing,HFCs生产配额制,high,[HFCs生产配额制],mid,missing,600160_SH_巨化股份.md
600161,SH,天坛生物,+0.7%,high,-30.0%,high,,missing,产品价格下行与信用政策放宽,high,[产品价格下行与信用政策放宽],mid,missing,600161_SH_天坛生物.md
600162,SH,香江控股,,missing,亏,low,,missing,商品房交付规模骤减,high,[商品房交付规模骤减],mid,missing,600162_SH_香江控股.md
600165,SH,ST宁科,+28.72%,high,,missing,,missing,破产重整完成,high,[长链二元酸销量翻倍],mid,missing,600165_SH_ST宁科.md
600166,SH,福田汽车,+28.4%,high,+1593.0%,high,,missing,新能源销量爆发,high,[海外出口持续领先],mid,missing,600166_SH_福田汽车.md
600168,SH,武汉控股,+13.58%,high,,missing,+21.26%,high,武汉市主城区污水处理特许经营权,high,[武汉市主城区污水处理特许经营权],mid,missing,600168_SH_武汉控股.md
600169,SH,ST太重,,missing,盈,low,+499.0%,high,关联交易与资产重组,high,[关联交易与资产重组],mid,missing,600169_SH_ST太重.md
600170,SH,上海建工,-5.43%,mid,-42.93%,high,↓,low,行业需求萎缩,high,[非经常性损益支撑],mid,low,600170_SH_上海建工.md
600171,SH,上海贝岭,+40.28%,high,-40.28%,mid,↑,low,营收增长但利润下滑,high,[营收增长但利润下滑],high,low,600171_SH_上海贝岭.md
600172,SH,黄河旋风,,missing,,missing,↓,low,行业产能过剩与价格战,high,[行业产能过剩与价格战],mid,missing,600172_SH_黄河旋风.md
600173,SH,卧龙新能,,missing,,missing,,missing,,missing,国家政策推动新能源发展（136号文、能源法）,mid,missing,600173_SH_卧龙新能.md
600176,SH,中国巨石,+19.08%,high,+94.7%,high,+106.69%,high,,missing,[行业需求复苏+公司产能释放],mid,missing,600176_SH_中国巨石.md
600178,SH,东安动力,,missing,,missing,,missing,新能源增程/混动发动机需求爆发,high,[新能源增程/混动发动机需求爆发],mid,missing,600178_SH_东安动力.md
600179,SH,安通控股,+15.93%,mid,,missing,,missing,内贸运价上涨,high,[外贸租船市场景气],mid,missing,600179_SH_安通控股.md
600182,SH,S佳通,+95.48%,mid,-8.18%,mid,,missing,产品结构优化,high,[国内替换市场放量],mid,missing,600182_SH_S佳通.md
600183,SH,生益科技,,missing,,missing,,missing,AI算力需求爆发,high,[AI算力需求爆发],mid,missing,600183_SH_生益科技.md
600184,SH,光电股份,+88.2%,high,+174.98%,high,↓,low,防务产品交付恢复,high,[防务产品交付恢复],mid,low,600184_SH_光电股份.md
600185,SH,珠免集团,,missing,,missing,,missing,战略转型与资产剥离,high,[战略转型与资产剥离],mid,missing,600185_SH_珠免集团.md
600186,SH,莲花控股,+30.45%,high,+52.59%,high,,missing,,missing,“双轮驱动”战略（调味品+AI科技）,mid,missing,600186_SH_莲花控股.md
600188,SH,兖矿能源,,missing,+6.3%,high,,missing,煤价下行,high,[陕蒙基地高产高效],mid,missing,600188_SH_兖矿能源.md
600191,SH,华资实业,+22.0%,high,,missing,,missing,黄原胶项目投产,high,[金融街证券投资收益增加],mid,missing,600191_SH_华资实业.md
600192,SH,长城电工,,missing,,missing,,missing,传统中低压输配电市场萎缩,high,[传统中低压输配电市场萎缩],mid,missing,600192_SH_长城电工.md
600195,SH,中牧股份,+3.11%,high,+141.68%,high,-34.42%,high,,missing,非经常性损益驱动利润暴增,mid,missing,600195_SH_中牧股份.md
600196,SH,复星医药,+29.59%,mid,,missing,,missing,创新药品收入高增,high,[创新药品收入高增],mid,missing,600196_SH_复星医药.md
600198,SH,大唐电信,+6.67%,mid,,missing,,missing,安全芯片业务收入增长,high,[安全芯片业务收入增长],mid,missing,600198_SH_大唐电信.md
600201,SH,生物股份,+11.23%,high,-8.14%,mid,,missing,“一超多强”产品格局,high,[“一超多强”产品格局],mid,missing,600201_SH_生物股份.md
600202,SH,哈空调,+8.25%,high,,missing,,missing,电站空冷订单爆发式增长,high,[电站空冷订单爆发式增长],mid,missing,600202_SH_哈空调.md
600203,SH,福日电子,+53.27%,high,,missing,+53.27%,high,核心客户订单增长,high,[核心客户订单增长],mid,missing,600203_SH_福日电子.md
600206,SH,有研新材,+50.0%,mid,+79.29%,high,,missing,AI算力需求爆发+半导体国产化,high,[AI算力需求爆发+半导体国产化],mid,missing,600206_SH_有研新材.md
600207,SH,安彩高科,,missing,,missing,,missing,光伏玻璃价格大幅下跌,high,[光伏玻璃价格大幅下跌],mid,missing,600207_SH_安彩高科.md
600211,SH,西藏药业,+6.23%,high,-10.78%,high,,missing,新活素销量增长,high,[政府补助大幅减少],mid,missing,600211_SH_西藏药业.md
600216,SH,浙江医药,-24.74%,mid,-24.74%,high,↑,low,维生素价格下跌,high,[行业产能过剩与去库存],mid,low,600216_SH_浙江医药.md
600217,SH,中再资环,,missing,亏,low,+251.79%,high,废电处理补贴政策大幅缩减,high,[废电处理补贴政策大幅缩减],mid,missing,600217_SH_中再资环.md
600218,SH,全柴动力,+10.73%,high,-59.94%,high,,missing,销量增长,high,[非经常性损益依赖],mid,missing,600218_SH_全柴动力.md
600219,SH,南山铝业,+3.41%,high,,missing,,missing,,missing,[全产业链一体化]** ->,mid,missing,600219_SH_南山铝业.md
600221,SH,海航控股,+36.51%,mid,盈,low,,missing,国际航线运力大幅扩张,high,[国际航线运力大幅扩张],mid,missing,600221_SH_海航控股.md
600222,SH,太龙药业,+185.83%,mid,+37.79%,high,,missing,集采执标与价格调整,high,[集采执标与价格调整],mid,missing,600222_SH_太龙药业.md
600223,SH,福瑞达,+10.67%,mid,-22.9%,high,,missing,,missing,[化妆品行业竞争加剧 & 瑷尔博士品牌战略调整],mid,missing,600223_SH_福瑞达.md
600226,SH,亨通股份,+38.6%,high,+13.97%,high,,missing,电解铜箔产能释放,high,[电解铜箔产能释放],mid,missing,600226_SH_亨通股份.md
600228,SH,_ST返利,+46.0%,mid,,missing,,missing,营收激增但亏损扩大,high,[营收激增但亏损扩大],high,missing,600228_SH__ST返利.md
600230,SH,沧州大化,-10.0%,high,,missing,,missing,行业产能过剩,high,[出口策略对冲内需疲软],mid,missing,600230_SH_沧州大化.md
600231,SH,凌钢股份,-5.6%,mid,,missing,,missing,行业供需失衡，钢价持续下行,high,[行业供需失衡，钢价持续下行],mid,missing,600231_SH_凌钢股份.md
600232,SH,金鹰股份,+12.08%,mid,,missing,,missing,亚麻原料价格剧烈波动,high,[亚麻原料价格剧烈波动],mid,missing,600232_SH_金鹰股份.md
600233,SH,圆通速递,+7.73%,mid,+7.73%,high,,missing,单票成本持续下降,high,[单票成本持续下降],mid,missing,600233_SH_圆通速递.md
600235,SH,民丰特纸,,missing,,missing,,missing,,missing,[新老产能转换阵痛],mid,missing,600235_SH_民丰特纸.md
600236,SH,桂冠电力,,missing,+43.6%,high,,missing,来水丰沛,high,核心风险在于业绩对来水的高度依赖与电价下行趋势的叠加,high,missing,600236_SH_桂冠电力.md
600237,SH,铜峰电子,+8.31%,high,,missing,,missing,新能源需求拉动,high,[产品结构优化与成本管控],mid,missing,600237_SH_铜峰电子.md
600241,SH,时代万恒,-4.39%,high,亏,low,,missing,行业竞争加剧导致产品售价承压,high,[行业竞争加剧导致产品售价承压],mid,missing,600241_SH_时代万恒.md
600249,SH,两面针,+327.0%,mid,-87.86%,high,↑,low,持有大量中信证券股票,high,[持有大量中信证券股票],mid,low,600249_SH_两面针.md
600250,SH,南京商旅,,missing,+29.21%,high,+2.87%,high,,missing,核心利润支柱（秦淮风光游船业务）,mid,missing,600250_SH_南京商旅.md
600251,SH,冠农股份,-28.4%,high,+70.0%,high,↓,low,棉花及棉籽业务扭亏为盈,high,[棉花及棉籽业务扭亏为盈],mid,low,600251_SH_冠农股份.md
600252,SH,中恒集团,,missing,,missing,,missing,核心产品血栓通集采降价,high,[核心产品血栓通集采降价],mid,missing,600252_SH_中恒集团.md
600255,SH,鑫科材料,+20.0%,high,-50.0%,high,,missing,铜价上涨及销量增加,high,[铜价上涨及销量增加],mid,missing,600255_SH_鑫科材料.md
600256,SH,广汇能源,-16.47%,high,-54.46%,high,,missing,能源产品价格全面下跌,high,[能源产品价格全面下跌],mid,missing,600256_SH_广汇能源.md
600257,SH,大湖股份,-18.6%,mid,盈,low,↑,low,,missing,1. 整体业绩：营收有所下滑，但成功实现扭亏为盈,high,missing,600257_SH_大湖股份.md
600258,SH,首旅酒店,-7.54%,mid,,missing,,missing,行业价格承压,high,[直营门店数量下降],mid,missing,600258_SH_首旅酒店.md
600259,SH,中稀有色,-53.8%,high,盈,low,↑,low,稀土价格中枢上移,high,[稀土价格中枢上移],mid,low,600259_SH_中稀有色.md
600261,SH,阳光照明,-19.18%,high,-56.43%,high,,missing,美国对华照明产品加征关税,high,[美国对华照明产品加征关税],mid,missing,600261_SH_阳光照明.md
600262,SH,北方股份,,missing,,missing,,missing,,missing,,missing,missing,600262_SH_北方股份.md
600265,SH,_ST景谷,,missing,,missing,,missing,房地产行业下行及区域竞争加剧,high,[房地产行业下行及区域竞争加剧],mid,missing,600265_SH__ST景谷.md
600266,SH,城建发展,+19.02%,mid,,missing,,missing,行业深度调整，去库存压力巨大,high,[行业深度调整，去库存压力巨大],high,missing,600266_SH_城建发展.md
600267,SH,海正药业,+22.44%,high,+36.11%,high,,missing,制剂业务结构优化与学术推广,high,[制剂业务结构优化与学术推广],mid,missing,600267_SH_海正药业.md
600269,SH,赣粤高速,+0.77%,mid,-2.75%,high,,missing,核心路产区位优势,high,[核心路产区位优势],mid,missing,600269_SH_赣粤高速.md
600271,SH,航天信息,+1.81%,mid,,missing,,missing,金税四期全面推广，传统发票业务被替代,high,[金税四期全面推广，传统发票业务被替代],mid,missing,600271_SH_航天信息.md
600272,SH,开开实业,+3.52%,high,-63.0%,high,,missing,SPD业务高速扩张,high,[SPD业务高速扩张],mid,missing,600272_SH_开开实业.md
600273,SH,嘉化能源,+41.81%,high,-1.99%,high,,missing,脂肪醇(酸)原料价格上涨,high,[脂肪醇(酸)原料价格上涨],mid,missing,600273_SH_嘉化能源.md
600276,SH,恒瑞医药,+26.09%,mid,,missing,,missing,创新药销售收入增长26.09%,high,[创新药销售收入增长26.09%],mid,missing,600276_SH_恒瑞医药.md
600279,SH,重庆港,+2.29%,high,-90.78%,high,,missing,,missing,装卸业务量增长** ->,mid,missing,600279_SH_重庆港.md
600282,SH,南钢股份,,missing,盈,low,,missing,原燃料成本下降,high,[印尼焦炭项目全面投产],mid,missing,600282_SH_南钢股份.md
600283,SH,钱江水利,+10.01%,mid,+0.39%,high,,missing,,missing,,missing,missing,600283_SH_钱江水利.md
600284,SH,浦东建设,+74.22%,mid,-40.48%,high,,missing,区域基建市场承压与竞争加剧,high,[区域基建市场承压与竞争加剧],mid,missing,600284_SH_浦东建设.md
600287,SH,苏豪时尚,-23.88%,high,-48.69%,high,,missing,证监会行政处罚导致业务资质受损,high,[证监会行政处罚导致业务资质受损],mid,missing,600287_SH_苏豪时尚.md
600288,SH,大恒科技,+10.38%,mid,+327.86%,high,,missing,降本增效与资产优化,high,[降本增效与资产优化],mid,missing,600288_SH_大恒科技.md
600292,SH,电投水电,,missing,+1379.91%,high,,missing,重大资产重组落地,high,[重大资产重组落地],mid,missing,600292_SH_电投水电.md
600293,SH,三峡新材,,missing,,missing,,missing,房地产下行周期,high,[现汇回款占比下降],mid,missing,600293_SH_三峡新材.md
600295,SH,鄂尔多斯,-9.37%,high,+27.93%,high,,missing,硅铁、烧碱等核心产品毛利率提升,high,[硅铁、烧碱等核心产品毛利率提升],mid,missing,600295_SH_鄂尔多斯.md
600298,SH,安琪酵母,+10.09%,mid,,missing,↑,low,海外市场高增长,high,[酵母及深加工产品毛利率提升],mid,missing,600298_SH_安琪酵母.md
600299,SH,安迪苏,+10.92%,high,,missing,,missing,蛋氨酸产能扩张与满负荷运行,high,[蛋氨酸产能扩张与满负荷运行],mid,missing,600299_SH_安迪苏.md
600300,SH,维维股份,-8.42%,high,-18.63%,high,↑,low,主动收缩低毛利贸易业务,high,[主动收缩低毛利贸易业务],mid,low,600300_SH_维维股份.md
600301,SH,华锡有色,+25.31%,high,+21.75%,high,,missing,锡、锑、铟等战略金属价格持续走高,high,[锡、锑、铟等战略金属价格持续走高],mid,missing,600301_SH_华锡有色.md
600303,SH,曙光股份,,missing,,missing,,missing,车桥销量增长28.45%,high,[车桥销量增长28.45%],mid,missing,600303_SH_曙光股份.md
600305,SH,恒顺醋业,+17.58%,high,+17.58%,high,,missing,,missing,品牌高端化与健康化战略,mid,missing,600305_SH_恒顺醋业.md
600307,SH,酒钢宏兴,-12.25%,high,,missing,↓,low,行业需求萎缩与钢价下行,high,[行业需求萎缩与钢价下行],mid,missing,600307_SH_酒钢宏兴.md
600308,SH,华泰股份,,missing,,missing,-48.93%,high,70万吨化学木浆项目投产,high,[70万吨化学木浆项目投产],mid,missing,600308_SH_华泰股份.md
600310,SH,广西能源,,missing,亏,low,,missing,广西电力交易市场电价下行,high,[广西电力交易市场电价下行],mid,missing,600310_SH_广西能源.md
600313,SH,农发种业,+19.6%,high,,missing,,missing,化肥贸易量价齐升,high,[化肥贸易量价齐升],mid,missing,600313_SH_农发种业.md
600315,SH,上海家化,+21.89%,high,盈,low,↑,low,,missing,聚焦核心品牌与亿元单品战略,mid,missing,600315_SH_上海家化.md
600316,SH,洪都航空,+41.83%,mid,+42.44%,high,,missing,产品交付数量增加,high,[产品交付数量增加],mid,missing,600316_SH_洪都航空.md
600318,SH,新力金融,+12.3%,high,+14.49%,high,↓,low,德润租赁投放规模大幅增长,high,[德润租赁投放规模大幅增长],mid,low,600318_SH_新力金融.md
600319,SH,亚星化学,,missing,,missing,↓,low,搬迁补偿款确认收益,high,[搬迁补偿款确认收益],mid,missing,600319_SH_亚星化学.md
600320,SH,振华重工,+5.24%,high,+37.17%,high,,missing,港机龙头地位巩固，新签合同增长,high,[港机龙头地位巩固，新签合同增长],mid,missing,600320_SH_振华重工.md
600323,SH,瀚蓝环境,+2.75%,mid,,missing,,missing,并购粤丰环保,high,[降本增效与资金管理],mid,missing,600323_SH_瀚蓝环境.md
600325,SH,华发股份,+15.4%,high,,missing,,missing,行业深度调整与资产减值,high,[行业深度调整与资产减值],high,missing,600325_SH_华发股份.md
600326,SH,西藏天路,,missing,,missing,,missing,建材板块（昌都高争）受益于川藏铁路等国家,high,[建材板块（昌都高争）受益于川藏铁路等国家重点项目建设],mid,missing,600326_SH_西藏天路.md
600327,SH,大东方,+9.37%,mid,,missing,-9.93%,high,联营企业投资亏损,high,[联营企业投资亏损],high,missing,600327_SH_大东方.md
600329,SH,达仁堂,+8.64%,mid,+6.56%,high,,missing,剥离低毛利商业板块,high,[剥离低毛利商业板块],mid,missing,600329_SH_达仁堂.md
600331,SH,宏达股份,,missing,盈,low,,missing,硫磺价格暴涨,high,[锌冶炼加工费低迷],mid,missing,600331_SH_宏达股份.md
600332,SH,白云山,+5.87%,high,,missing,-13.37%,high,医药商业规模扩张,high,[医药商业规模扩张],mid,missing,600332_SH_白云山.md
600333,SH,长春燃气,+6.83%,high,-20.78%,mid,↑,low,成本控制与费用压降,high,[成本控制与费用压降],mid,low,600333_SH_长春燃气.md
600335,SH,国机汽车,+14.46%,mid,,missing,,missing,汽车工程海外业务扩张,high,[汽车工程海外业务扩张],mid,missing,600335_SH_国机汽车.md
600336,SH,澳柯玛,+31.93%,high,亏,low,+58.01%,high,国内家电市场需求收缩与价格竞争加剧,high,[国内家电市场需求收缩与价格竞争加剧],mid,low,600336_SH_澳柯玛.md
600338,SH,西藏珠峰,+48.22%,high,,missing,,missing,产量恢复与销量增长,high,[产量恢复与销量增长],mid,missing,600338_SH_西藏珠峰.md
600339,SH,中油工程,+15.98%,high,-43.94%,mid,↑,low,,missing,[收入规模扩张，但毛利率承压],mid,missing,600339_SH_中油工程.md
600343,SH,航天动力,-11.0%,high,,missing,+2942.0%,high,聚焦主业，收缩非优势业务,high,[聚焦主业，收缩非优势业务],mid,missing,600343_SH_航天动力.md
600346,SH,恒力石化,-14.93%,high,,missing,+36.9%,high,原油价格中枢下移,high,[原油价格中枢下移],mid,missing,600346_SH_恒力石化.md
600350,SH,山东高速,+9.68%,mid,,missing,,missing,,missing,核心风险在于路产分流与收费政策的不确定性,high,missing,600350_SH_山东高速.md
600352,SH,浙江龙盛,-16.18%,high,-12.59%,high,,missing,染料行业竞争加剧，产品价格承压,high,[染料行业竞争加剧，产品价格承压],mid,missing,600352_SH_浙江龙盛.md
600356,SH,恒丰纸业,+1.77%,high,+70.72%,high,,missing,进口木浆成本下行,high,[进口木浆成本下行],mid,missing,600356_SH_恒丰纸业.md
600358,SH,国旅联合,+10.25%,mid,,missing,,missing,游戏行业头部客户深化合作,high,[游戏行业头部客户深化合作],mid,missing,600358_SH_国旅联合.md
600359,SH,新农开发,+130.28%,mid,亏,low,,missing,核心产品销量下滑,high,[核心产品销量下滑],high,missing,600359_SH_新农开发.md
600360,SH,_ST华微,+9.61%,high,-11.54%,mid,,missing,关联方资金占用利息收入,high,[关联方资金占用利息收入],mid,missing,600360_SH__ST华微.md
600362,SH,江西铜业,,missing,,missing,↓,low,,missing,全球铜矿供给减少，加工费TC为负,mid,missing,600362_SH_江西铜业.md
600365,SH,ST通葡,+12.4%,high,,missing,,missing,电商平台营收大幅下滑,high,[电商平台营收大幅下滑],high,missing,600365_SH_ST通葡.md
600366,SH,宁波韵升,+8.39%,high,+248.06%,high,↓,low,新能源汽车销量增长,high,[新能源汽车销量增长],mid,low,600366_SH_宁波韵升.md
600367,SH,红星发展,,missing,,missing,,missing,煤炭等原材料成本下降,high,[煤炭等原材料成本下降],mid,missing,600367_SH_红星发展.md
600368,SH,五洲交通,,missing,,missing,-175.7%,high,坛百路改扩建施工,high,[坛百路改扩建施工],mid,missing,600368_SH_五洲交通.md
600369,SH,西南证券,+15.47%,mid,,missing,,missing,市场交投活跃度提升,high,[市场交投活跃度提升],mid,missing,600369_SH_西南证券.md
600372,SH,中航机载,+35.48%,mid,,missing,↑,low,航空防务装备交付与保障,high,[航空防务装备交付与保障],mid,missing,600372_SH_中航机载.md
600373,SH,中文传媒,+65.83%,high,-138.99%,mid,,missing,江西省教辅征订政策突变,high,[江西省教辅征订政策突变],mid,missing,600373_SH_中文传媒.md
600375,SH,汉马科技,+55.2%,high,-69.7%,high,,missing,全面停产燃油车，聚焦新能源,high,[全面停产燃油车，聚焦新能源],mid,missing,600375_SH_汉马科技.md
600376,SH,首开股份,+24.3%,high,,missing,,missing,行业下行与资产减值,high,[行业下行与资产减值],high,missing,600376_SH_首开股份.md
600377,SH,宁沪高速,+5.3%,mid,-7.13%,high,,missing,,missing,区域经济强劲** ->,mid,missing,600377_SH_宁沪高速.md
600378,SH,昊华科技,+19.49%,high,盈,low,+19.49%,high,制冷剂配额制与下游需求复苏,high,[制冷剂配额制与下游需求复苏],mid,low,600378_SH_昊华科技.md
600379,SH,宝光股份,+25.81%,high,-43.23%,high,,missing,核心原材料铜银价格暴涨,high,[核心原材料铜银价格暴涨],mid,missing,600379_SH_宝光股份.md
600380,SH,健康元,+37.0%,high,,missing,,missing,,missing,首款1类创新药玛帕西沙韦获批,mid,missing,600380_SH_健康元.md
600382,SH,广东明珠,,missing,,missing,,missing,扩帮工程验收投产及技改完成,high,[扩帮工程验收投产及技改完成],mid,missing,600382_SH_广东明珠.md
600383,SH,金地集团,+59.0%,mid,,missing,,missing,房地产行业深度调整，销售规模大幅下滑,high,[房地产行业深度调整，销售规模大幅下滑],high,missing,600383_SH_金地集团.md
600388,SH,龙净环保,+488.16%,mid,,missing,↓,low,,missing,,missing,missing,600388_SH_龙净环保.md
600389,SH,江山股份,,missing,+137.0%,high,,missing,农药行业景气回升,high,[农药行业景气回升],mid,missing,600389_SH_江山股份.md
600390,SH,五矿资本,,missing,+400.0%,high,,missing,信托业务转型阵痛,high,[信托业务转型阵痛],mid,missing,600390_SH_五矿资本.md
600391,SH,航发科技,+18.57%,mid,,missing,,missing,,missing,,missing,missing,600391_SH_航发科技.md
600395,SH,盘江股份,+82.1%,mid,盈,low,,missing,精煤价格大幅下跌,high,[精煤价格大幅下跌],mid,missing,600395_SH_盘江股份.md
600397,SH,江钨装备,-45.01%,high,,missing,,missing,,missing,重大资产重组：置出亏损煤炭业务，置入盈利磁选装备业务,high,missing,600397_SH_江钨装备.md
600398,SH,海澜之家,+21.94%,high,,missing,+93.46%,high,“可退货为主”采购模式,high,[“可退货为主”采购模式],mid,missing,600398_SH_海澜之家.md
600399,SH,抚顺特钢,-5.43%,high,亏,low,,missing,高端市场需求下降,high,[高端市场需求下降],mid,missing,600399_SH_抚顺特钢.md
600403,SH,大有能源,,missing,,missing,↓,low,煤炭市场供需宽松，价格中枢大幅下移,high,[煤炭市场供需宽松，价格中枢大幅下移],mid,missing,600403_SH_大有能源.md
600405,SH,动力源,,missing,,missing,↑,low,国际贸易摩擦与供应链中断,high,[国际贸易摩擦与供应链中断],mid,missing,600405_SH_动力源.md
600408,SH,安泰集团,,missing,,missing,,missing,焦化业务模式从自产自销转为全部受托加工,high,[焦化业务模式从自产自销转为全部受托加工],mid,missing,600408_SH_安泰集团.md
600409,SH,三友化工,,missing,-82.0%,high,,missing,主导产品价格大幅下跌,high,[主导产品价格大幅下跌],mid,missing,600409_SH_三友化工.md
600415,SH,小商品城,+26.62%,high,,missing,+134.43%,high,全球数贸中心开业及写字楼交付,high,[全球数贸中心开业及写字楼交付],mid,missing,600415_SH_小商品城.md
600416,SH,湘电股份,+3.97%,high,,missing,,missing,原材料成本上涨,high,[非经常性收益依赖],mid,missing,600416_SH_湘电股份.md
600418,SH,江淮汽车,,missing,,missing,,missing,,missing,,missing,missing,600418_SH_江淮汽车.md
600420,SH,国药现代,-23.29%,mid,,missing,,missing,原料药价格下行,high,[集采常态化与营销转型],mid,missing,600420_SH_国药现代.md
600422,SH,昆药集团,-37.36%,high,,missing,,missing,中成药集采执行进度滞后 & 医保控费深化,high,[中成药集采执行进度滞后 & 医保控费深化],mid,missing,600422_SH_昆药集团.md
600423,SH,_ST柳化,-16.67%,high,亏,low,,missing,双氧水市场价格低迷,high,[双氧水市场价格低迷],mid,missing,600423_SH__ST柳化.md
600425,SH,青松建化,-10.28%,mid,,missing,+41.15%,high,水泥需求总量收缩,high,[水泥需求总量收缩],mid,missing,600425_SH_青松建化.md
600426,SH,华鲁恒升,-9.52%,high,,missing,,missing,行业供需失衡，产品价格承压,high,[行业供需失衡，产品价格承压],mid,missing,600426_SH_华鲁恒升.md
600428,SH,中远海特,+38.0%,high,+16.0%,high,,missing,中国先进制造出海浪潮,high,[中国先进制造出海浪潮],mid,missing,600428_SH_中远海特.md
600433,SH,冠豪高新,-5.75%,high,,missing,+37.0%,high,行业产能过剩与价格战,high,[行业产能过剩与价格战],mid,missing,600433_SH_冠豪高新.md
600435,SH,北方导航,+52.56%,high,+104.3%,high,,missing,军品交付放量,high,[研发投入持续加码],mid,missing,600435_SH_北方导航.md
600444,SH,国机通用,+17.0%,high,+45.0%,high,↑,low,退出低效管材业务,high,[退出低效管材业务],mid,low,600444_SH_国机通用.md
600446,SH,金证股份,+22.1%,mid,,missing,,missing,,missing,[主动收缩非核心业务],mid,missing,600446_SH_金证股份.md
600448,SH,华纺股份,+0.2%,high,,missing,,missing,行业需求疲软与竞争加剧,high,[行业需求疲软与竞争加剧],mid,missing,600448_SH_华纺股份.md
600449,SH,宁夏建材,-2.82%,high,,missing,+274.99%,high,水泥需求持续下滑,high,[水泥需求持续下滑],high,missing,600449_SH_宁夏建材.md
600452,SH,涪陵电力,,missing,,missing,-41.57%,high,,missing,[节能项目运营期满退出，新建项目增速缓慢],mid,missing,600452_SH_涪陵电力.md
600460,SH,士兰微,+16.32%,high,+81.27%,high,,missing,IDM模式产能满载,high,[IDM模式产能满载],mid,missing,600460_SH_士兰微.md
600461,SH,洪城环境,+4.63%,mid,-9.61%,mid,,missing,会计估计变更（延长管网折旧年限）,high,[会计估计变更（延长管网折旧年限）],mid,missing,600461_SH_洪城环境.md
600463,SH,空港股份,,missing,,missing,,missing,建筑施工业务持续亏损,high,[建筑施工业务持续亏损],high,missing,600463_SH_空港股份.md
600467,SH,好当家,-25.76%,high,-31.21%,high,,missing,鲜海参价格大幅下跌,high,[鲜海参价格大幅下跌],mid,missing,600467_SH_好当家.md
600468,SH,百利电气,+23.78%,high,盈,low,+24.49%,high,商誉减值风险出清,high,[商誉减值风险出清],high,low,600468_SH_百利电气.md
600469,SH,风神股份,+10.51%,high,-16.14%,mid,,missing,原材料成本高企,high,[联营企业PTN亏损],high,missing,600469_SH_风神股份.md
600470,SH,六国化工,,missing,,missing,↑,low,原材料成本飙升,high,[资产减值损失激增],high,missing,600470_SH_六国化工.md
600477,SH,杭萧钢构,+88.16%,mid,,missing,↑,low,行业需求收缩,high,[非经常性损益依赖],mid,missing,600477_SH_杭萧钢构.md
600478,SH,科力远,+45.89%,high,+1516.64%,high,↑,low,储能业务爆发式增长,high,[储能业务爆发式增长],mid,low,600478_SH_科力远.md
600483,SH,福能股份,,missing,+26.2%,high,,missing,风电资源禀赋优异,high,[风电资源禀赋优异],mid,missing,600483_SH_福能股份.md
600486,SH,扬农化工,+13.76%,high,,missing,,missing,,missing,辽宁优创项目提前达产,mid,missing,600486_SH_扬农化工.md
600487,SH,亨通光电,+1.45%,high,,missing,-13.93%,high,AI算力需求爆发,high,[AI算力需求爆发],mid,missing,600487_SH_亨通光电.md
600488,SH,津药药业,,missing,-47.0%,high,,missing,反垄断处罚与资产减值,high,[反垄断处罚与资产减值],high,missing,600488_SH_津药药业.md
600490,SH,鹏欣资源,+81.94%,mid,盈,low,,missing,南非奥尼金矿产能释放,high,[南非奥尼金矿产能释放],mid,missing,600490_SH_鹏欣资源.md
600493,SH,凤竹纺织,+8.36%,high,-70.0%,high,↑,low,拆迁收益大幅减少,high,[拆迁收益大幅减少],mid,low,600493_SH_凤竹纺织.md
600495,SH,晋西车轴,-1.2%,high,,missing,,missing,扣非净利润持续为负,high,[扣非净利润持续为负],mid,missing,600495_SH_晋西车轴.md
600496,SH,精工钢构,+12.69%,mid,+18.23%,high,,missing,,missing,新质生产力培育成效显现，高技术制造业增加值同比增长9.4%,mid,missing,600496_SH_精工钢构.md
600497,SH,驰宏锌锗,,missing,-19.91%,high,,missing,锌加工费回升,high,[高品位矿山成本优势],mid,missing,600497_SH_驰宏锌锗.md
600498,SH,烽火通信,+24.05%,mid,-38.0%,high,,missing,运营商资本开支收缩,high,[运营商资本开支收缩],mid,missing,600498_SH_烽火通信.md
600499,SH,科达制造,+73.61%,high,,missing,,missing,海外建材产能释放与提价,high,[海外建材产能释放与提价],mid,missing,600499_SH_科达制造.md
600500,SH,中化国际,+30.62%,high,,missing,+42.9%,high,化工行业周期下行，供需失衡,high,[化工行业周期下行，供需失衡],mid,missing,600500_SH_中化国际.md
600501,SH,航天晨光,,missing,,missing,,missing,传统石化/煤化工行业投资放缓,high,[传统石化/煤化工行业投资放缓],mid,missing,600501_SH_航天晨光.md
600502,SH,安徽建工,+4.86%,mid,,missing,,missing,“投资+施工”双轮驱动战略,high,[“投资+施工”双轮驱动战略],mid,missing,600502_SH_安徽建工.md
600503,SH,华丽家族,+7.7%,mid,,missing,-97.3%,high,遵义项目集中交房,high,[遵义项目集中交房],mid,missing,600503_SH_华丽家族.md
600505,SH,西昌电力,+1.64%,mid,,missing,+57.79%,high,精益管理降本增效,high,[精益管理降本增效],mid,missing,600505_SH_西昌电力.md
600506,SH,DR统一股,,missing,+4.2%,high,,missing,原材料成本下降,high,[财务费用大幅下降],mid,missing,600506_SH_DR统一股.md
600507,SH,方大特钢,,missing,+280.0%,high,↓,low,,missing,原料成本跌幅大于钢价跌幅,mid,missing,600507_SH_方大特钢.md
600509,SH,天富能源,+29.11%,mid,,missing,↑,low,大工业客户用电需求减少,high,[大工业客户用电需求减少],mid,missing,600509_SH_天富能源.md
600510,SH,黑牡丹,,missing,-44.66%,high,,missing,房地产项目交付周期与毛利率双降,high,[房地产项目交付周期与毛利率双降],mid,missing,600510_SH_黑牡丹.md
600512,SH,腾达建设,+30.33%,high,,missing,,missing,施工收入大幅增长,high,[施工收入大幅增长],mid,missing,600512_SH_腾达建设.md
600513,SH,联环药业,+25.52%,high,亏,low,,missing,,missing,[并购扩张]** ->,mid,missing,600513_SH_联环药业.md
600515,SH,海南机场,+52.17%,mid,-52.17%,mid,,missing,,missing,[非经常性损益依赖],mid,missing,600515_SH_海南机场.md
600518,SH,康美药业,+3.22%,mid,-27.6%,mid,↑,low,中药饮片集采中标与智慧药房扩张,high,[中药饮片集采中标与智慧药房扩张],mid,low,600518_SH_康美药业.md
600520,SH,三佳科技,+20.0%,high,-65.0%,high,,missing,收购众合半导体,high,[控股股东变更为合肥产投],mid,missing,600520_SH_三佳科技.md
600522,SH,中天科技,,missing,,missing,,missing,全球能源转型与电网投资加速,high,[全球能源转型与电网投资加速],mid,missing,600522_SH_中天科技.md
600523,SH,贵航股份,+9.22%,mid,+8.42%,high,↑,low,汽车刮水器销量高增,high,[汽车刮水器销量高增],mid,low,600523_SH_贵航股份.md
600529,SH,山东药玻,+1.98%,high,-26.87%,high,,missing,下游集采降价压力传导,high,[下游集采降价压力传导],high,missing,600529_SH_山东药玻.md
600535,SH,天士力,-10.39%,high,,missing,,missing,,missing,药品集中采购常态化及医保支付改革深化,mid,missing,600535_SH_天士力.md
600538,SH,国发股份,+4.1%,high,亏,low,,missing,商誉减值,high,[司法IVD竞争加剧],mid,missing,600538_SH_国发股份.md
600539,SH,狮头股份,+7.31%,mid,,missing,,missing,电商行业存量竞争加剧,high,[电商行业存量竞争加剧],mid,missing,600539_SH_狮头股份.md
600543,SH,_ST莫高,+20.14%,mid,,missing,,missing,,missing,国内葡萄酒行业深度调整，消费需求不足,mid,missing,600543_SH__ST莫高.md
600546,SH,山煤国际,,missing,+6.4%,high,,missing,煤价大幅下跌,high,[贸易业务量价齐跌],mid,missing,600546_SH_山煤国际.md
600547,SH,山东黄金,+53.42%,mid,,missing,,missing,金价创历史新高,high,[套保与金融资产亏损],high,missing,600547_SH_山东黄金.md
600548,SH,深高速,+8.8%,mid,,missing,,missing,融资成本下降,high,[清连高速道路提升],mid,missing,600548_SH_深高速.md
600549,SH,厦门钨业,,missing,,missing,,missing,钨精矿价格大幅上涨,high,[钨精矿价格大幅上涨],mid,missing,600549_SH_厦门钨业.md
600550,SH,保变电气,,missing,,missing,,missing,,missing,,missing,missing,600550_SH_保变电气.md
600551,SH,时代出版,-20.0%,high,+2.56%,high,,missing,主动收缩贸易规模,high,[主动收缩贸易规模],mid,missing,600551_SH_时代出版.md
600552,SH,凯盛科技,+20.15%,high,-8.2%,high,↑,low,显示材料业务扩张,high,[显示材料业务扩张],mid,low,600552_SH_凯盛科技.md
600556,SH,天下秀,+43.24%,mid,,missing,,missing,广告市场增速放缓,high,[广告市场增速放缓],mid,missing,600556_SH_天下秀.md
600557,SH,康缘药业,-18.56%,mid,,missing,,missing,核心产品销量下滑,high,[核心产品销量下滑],high,missing,600557_SH_康缘药业.md
600558,SH,大西洋,,missing,,missing,,missing,产品结构优化，高附加值产品占比提升,high,[产品结构优化，高附加值产品占比提升],mid,missing,600558_SH_大西洋.md
600559,SH,老白干酒,-23.07%,high,-45.4%,high,↓,low,行业深度调整，消费需求不足,high,[行业深度调整，消费需求不足],mid,low,600559_SH_老白干酒.md
600560,SH,金自天正,+7.13%,mid,,missing,↑,low,钢铁行业减量调结构,high,[钢铁行业减量调结构],mid,missing,600560_SH_金自天正.md
600561,SH,江西长运,,missing,+45.32%,high,,missing,高铁、私家车、网约车持续分流,high,[高铁、私家车、网约车持续分流],mid,missing,600561_SH_江西长运.md
600562,SH,国睿科技,+4.72%,mid,,missing,↑,low,军贸雷达交付增加,high,[军贸雷达交付增加],mid,missing,600562_SH_国睿科技.md
600563,SH,法拉电子,,missing,,missing,,missing,新能源市场增长,high,[内销增速远超外销],mid,missing,600563_SH_法拉电子.md
600568,SH,ST中珠,+10.73%,high,,missing,+71.89%,high,前控股股东资金占用,high,[前控股股东资金占用],mid,missing,600568_SH_ST中珠.md
600569,SH,安阳钢铁,,missing,,missing,,missing,行业需求下行与产能过剩,high,[行业需求下行与产能过剩],mid,missing,600569_SH_安阳钢铁.md
600570,SH,恒生电子,,missing,+18.01%,high,,missing,,missing,行业并购重组与费率改革,mid,missing,600570_SH_恒生电子.md
600571,SH,信雅达,,missing,+167.51%,high,+7.45%,high,AI战略升级与产品落地,high,[AI战略升级与产品落地],mid,missing,600571_SH_信雅达.md
600572,SH,康恩贝,+20.0%,mid,-23.79%,high,,missing,核心大单品肠炎宁系列放量增长,high,[核心大单品肠炎宁系列放量增长],mid,missing,600572_SH_康恩贝.md
600573,SH,惠泉啤酒,-75.51%,mid,+23.38%,high,,missing,产品结构高端化,high,[非经常性损益增加],mid,missing,600573_SH_惠泉啤酒.md
600575,SH,淮河能源,,missing,-13.05%,high,,missing,完成电力集团重大资产重组,high,[完成电力集团重大资产重组],mid,missing,600575_SH_淮河能源.md
600576,SH,祥源文旅,+50.65%,mid,-21.98%,high,,missing,稀缺资源长期经营权,high,[稀缺资源长期经营权],mid,missing,600576_SH_祥源文旅.md
600577,SH,精达股份,,missing,,missing,,missing,AI算力与新能源需求爆发,high,[AI算力与新能源需求爆发],mid,missing,600577_SH_精达股份.md
600578,SH,京能电力,,missing,-15.0%,mid,,missing,燃料成本大幅下降,high,[燃料成本大幅下降],mid,missing,600578_SH_京能电力.md
600579,SH,中化装备,+17.1%,mid,,missing,,missing,剥离KM集团,high,[中化橡机持续亏损],high,missing,600579_SH_中化装备.md
600580,SH,卧龙电驱,+45.56%,mid,+42.04%,high,,missing,全球化布局与海外阵地战,high,[全球化布局与海外阵地战],mid,missing,600580_SH_卧龙电驱.md
600581,SH,_ST八钢,,missing,盈,low,↓,low,行业长周期减量调结构,high,[行业长周期减量调结构],mid,missing,600581_SH__ST八钢.md
600583,SH,海油工程,+82.59%,mid,,missing,,missing,,missing,公司坚持国际化战略，海外项目进入执行高峰期,mid,missing,600583_SH_海油工程.md
600584,SH,长电科技,+8.09%,high,-11.51%,high,-20.26%,high,,missing,国内市场需求回暖及国产替代,mid,missing,600584_SH_长电科技.md
600585,SH,海螺水泥,-9.33%,high,,missing,,missing,需求收缩与成本压降,high,[需求收缩与成本压降],mid,missing,600585_SH_海螺水泥.md
600586,SH,金晶科技,-29.94%,high,亏,low,,missing,房地产需求萎缩,high,[纯碱行业供需失衡],mid,missing,600586_SH_金晶科技.md
600588,SH,用友网络,+0.3%,high,,missing,,missing,云订阅业务转型,high,[AI至上战略落地],mid,missing,600588_SH_用友网络.md
600589,SH,大位科技,+105.0%,mid,,missing,↑,low,张北数据中心一期项目投产后处于上架爬坡期,high,[张北数据中心一期项目投产后处于上架爬坡期],mid,missing,600589_SH_大位科技.md
600590,SH,泰豪科技,+8.17%,mid,,missing,↑,low,智算数据中心建设爆发,high,[智算数据中心建设爆发],mid,missing,600590_SH_泰豪科技.md
600593,SH,大连圣亚,+4.23%,mid,盈,low,,missing,诉讼和解与代理费减少,high,[诉讼和解与代理费减少],mid,missing,600593_SH_大连圣亚.md
600594,SH,益佰制药,-14.31%,mid,亏,low,+195.49%,high,中成药集采降价与行业需求疲软,high,[中成药集采降价与行业需求疲软],mid,low,600594_SH_益佰制药.md
600595,SH,中孚实业,+1.35%,mid,+129.83%,high,↓,low,,missing,,missing,missing,600595_SH_中孚实业.md
600596,SH,新安股份,,missing,,missing,,missing,草甘膦价格触底反弹,high,[草甘膦价格触底反弹],mid,missing,600596_SH_新安股份.md
600597,SH,光明乳业,-1.58%,high,-120.67%,high,,missing,海外子公司新莱特生产事故,high,[海外子公司新莱特生产事故],mid,missing,600597_SH_光明乳业.md
600600,SH,青岛啤酒,+1.0%,high,,missing,,missing,,missing,产品结构高端化** ->,mid,missing,600600_SH_青岛啤酒.md
600601,SH,方正科技,+41.87%,high,+83.46%,high,,missing,AI算力需求爆发,high,[AI算力需求爆发],mid,missing,600601_SH_方正科技.md
600603,SH,广汇物流,,missing,,missing,,missing,红淖铁路运量创历史新高,high,[红淖铁路运量创历史新高],mid,missing,600603_SH_广汇物流.md
600604,SH,市北高新,-57.4%,mid,亏,low,,missing,住宅项目售罄,high,[新竣工载体摊销成本激增],mid,missing,600604_SH_市北高新.md
600605,SH,汇通能源,-24.48%,high,-74.64%,high,,missing,收缩低毛利装修业务,high,[收缩低毛利装修业务],mid,missing,600605_SH_汇通能源.md
600610,SH,中毅达,,missing,盈,low,,missing,季戊四醇价格大幅上涨,high,[季戊四醇价格大幅上涨],mid,missing,600610_SH_中毅达.md
600611,SH,大众交通,-21.39%,high,-65.78%,high,,missing,房地产行业持续调整,high,[房地产行业持续调整],mid,missing,600611_SH_大众交通.md
600612,SH,老凤祥,-9.22%,high,,missing,+102.9%,high,金价持续攀升与消费结构转变,high,[金价持续攀升与消费结构转变],mid,missing,600612_SH_老凤祥.md
600615,SH,鑫源智造,+11.24%,high,+131.69%,high,,missing,并表鑫源农机,high,[鑫源农机研发投入激增],mid,missing,600615_SH_鑫源智造.md
600617,SH,国新能源,,missing,,missing,,missing,终端需求疲软,high,[财务费用大幅减少],mid,missing,600617_SH_国新能源.md
600618,SH,氯碱化工,-20.6%,high,+50.45%,high,↑,low,双基地协同与一体化产业链,high,[双基地协同与一体化产业链],mid,low,600618_SH_氯碱化工.md
600619,SH,海立股份,+7.91%,mid,+112.0%,high,,missing,家电“以旧换新”政策拉动,high,[家电“以旧换新”政策拉动],mid,missing,600619_SH_海立股份.md
600621,SH,华鑫股份,+22.57%,mid,盈,low,,missing,金融科技赋能交易系统,high,[金融科技赋能交易系统],mid,missing,600621_SH_华鑫股份.md
600622,SH,光大嘉宝,,missing,,missing,,missing,住宅开发业务萎缩,high,[住宅开发业务萎缩],mid,missing,600622_SH_光大嘉宝.md
600623,SH,华谊集团,,missing,-47.68%,mid,,missing,化工行业周期性下行,high,[化工行业周期性下行],mid,missing,600623_SH_华谊集团.md
600628,SH,新世界,+15.0%,high,,missing,↓,low,,missing,宏观促消费政策及商圈活动联动,mid,missing,600628_SH_新世界.md
600635,SH,大众公用,,missing,-12.7%,mid,↑,low,投资收益大幅增长,high,[投资收益大幅增长],mid,missing,600635_SH_大众公用.md
600637,SH,东方明珠,+7.3%,mid,,missing,+72.49%,high,,missing,扣非净利润大幅增长47.57%,mid,missing,600637_SH_东方明珠.md
600638,SH,新黄浦,-23.0%,mid,-17.25%,high,↑,low,期货业务客户保证金大幅流入,high,[期货业务客户保证金大幅流入],mid,low,600638_SH_新黄浦.md
600639,SH,浦东金桥,+118.91%,mid,,missing,↑,low,,missing,碧云澧悦住宅项目集中交付,mid,missing,600639_SH_浦东金桥.md
600640,SH,国脉文化,+7.73%,mid,+41.63%,high,↓,low,业务结构优化与降本增效,high,[业务结构优化与降本增效],mid,low,600640_SH_国脉文化.md
600641,SH,先导基电,+44.55%,mid,,missing,↑,low,战略转型注入铋材料业务,high,[战略转型注入铋材料业务],mid,missing,600641_SH_先导基电.md
600644,SH,乐山电力,+79.94%,mid,,missing,+81.65%,high,新兴业务（储能、虚拟电厂）高速扩张,high,[新兴业务（储能、虚拟电厂）高速扩张],mid,missing,600644_SH_乐山电力.md
600645,SH,中源协和,,missing,,missing,,missing,新生儿出生率持续下降,high,[新生儿出生率持续下降],mid,missing,600645_SH_中源协和.md
600648,SH,外高桥,+11.81%,mid,-80.75%,high,,missing,持有型不动产ABS发行,high,[持有型不动产ABS发行],mid,missing,600648_SH_外高桥.md
600649,SH,城投控股,,missing,+212.15%,high,,missing,房产项目竣工交付结转增加,high,[房产项目竣工交付结转增加],mid,missing,600649_SH_城投控股.md
600650,SH,锦江在线,,missing,,missing,,missing,宏观环境恶化,high,[主动收缩低毛利业务],mid,missing,600650_SH_锦江在线.md
600653,SH,申华控股,,missing,-44.31%,high,,missing,新能源汽车渗透率快速提升，冲击传统豪华车,high,[新能源汽车渗透率快速提升，冲击传统豪华车市场],mid,missing,600653_SH_申华控股.md
600654,SH,中安科,+28.32%,mid,+52.85%,high,,missing,,missing,境外安保综合运营业务收入增长,mid,missing,600654_SH_中安科.md
600655,SH,豫园股份,,missing,-4009.0%,high,,missing,房地产行业深度下行,high,[房地产行业深度下行],mid,missing,600655_SH_豫园股份.md
600657,SH,信达地产,,missing,,missing,↓,low,房地产市场下行与项目结转规模锐减,high,[房地产市场下行与项目结转规模锐减],mid,missing,600657_SH_信达地产.md
600658,SH,电子城,-9.57%,high,,missing,,missing,产业园区市场持续调整，地产销售承压,high,[产业园区市场持续调整，地产销售承压],mid,missing,600658_SH_电子城.md
600660,SH,福耀玻璃,+16.65%,high,,missing,,missing,高附加值产品占比提升,high,[高附加值产品占比提升],mid,missing,600660_SH_福耀玻璃.md
600661,SH,昂立教育,+23.52%,high,盈,low,+31.06%,high,资产处置收益,high,盈利质量堪忧，扣非净利润极度脆弱,mid,low,600661_SH_昂立教育.md
600662,SH,外服控股,+8.17%,high,+4.16%,high,,missing,业务外包规模扩张,high,[业务外包规模扩张],mid,missing,600662_SH_外服控股.md
600663,SH,陆家嘴,+37.38%,mid,,missing,+695.0%,high,住宅销售回款大幅增加,high,[住宅销售回款大幅增加],mid,missing,600663_SH_陆家嘴.md
600666,SH,奥瑞德,+27.0%,high,-15.59%,mid,,missing,处置亏损子公司,high,[历史业绩补偿推进],mid,missing,600666_SH_奥瑞德.md
600667,SH,太极实业,+20.0%,mid,-31.84%,high,,missing,工程总包业务回款放缓,high,[工程总包业务回款放缓],mid,missing,600667_SH_太极实业.md
600668,SH,尖峰集团,-10.87%,high,+281.0%,high,,missing,,missing,参股公司天士力出售核心资产,mid,missing,600668_SH_尖峰集团.md
600671,SH,天目药业,+33.5%,high,,missing,,missing,保健品新品放量,high,核心风险在于应收账款激增与化药板块持续亏损的双重挤压,high,missing,600671_SH_天目药业.md
600673,SH,东阳光,,missing,+116.86%,high,+130.42%,high,,missing,[第三代制冷剂配额制落地],mid,missing,600673_SH_东阳光.md
600674,SH,川投能源,+3.65%,mid,+48.0%,high,,missing,,missing,电力市场化交易占比提升,mid,missing,600674_SH_川投能源.md
600675,SH,中华企业,,missing,盈,low,,missing,项目集中交付,high,[新增土地储备支出],mid,missing,600675_SH_中华企业.md
600676,SH,交运股份,+30.99%,mid,+570.0%,high,,missing,,missing,公路货运市场竞争激烈+新业务开拓不及预期,mid,missing,600676_SH_交运股份.md
600683,SH,京投发展,,missing,,missing,,missing,北熙区项目集中交付,high,[北熙区项目集中交付],mid,missing,600683_SH_京投发展.md
600684,SH,珠江股份,+10.54%,mid,+375.15%,high,-75.49%,high,,missing,控股股东定向增发7.33亿元,mid,missing,600684_SH_珠江股份.md
600685,SH,中船防务,+5.9%,mid,+241.16%,high,,missing,精益生产与成本工程,high,[精益生产与成本工程],mid,missing,600685_SH_中船防务.md
600686,SH,金龙汽车,,missing,+197.0%,high,,missing,,missing,海外市场高增长** ->,mid,missing,600686_SH_金龙汽车.md
600688,SH,上海石化,-5.49%,mid,亏,low,-74.25%,high,原油价格下跌与加工量减少,high,[原油价格下跌与加工量减少],mid,low,600688_SH_上海石化.md
600689,SH,上海三毛,+27.66%,high,-38.14%,high,,missing,主动调整出口产品结构,high,[主动调整出口产品结构],mid,missing,600689_SH_上海三毛.md
600690,SH,海尔智家,+4.39%,mid,,missing,,missing,全球本土化运营与高端品牌矩阵,high,[全球本土化运营与高端品牌矩阵],mid,missing,600690_SH_海尔智家.md
600691,SH,潞化科技,-9.63%,high,,missing,,missing,行业景气度下行,high,[资产减值损失激增],high,missing,600691_SH_潞化科技.md
600692,SH,亚通股份,,missing,盈,low,,missing,长兴38#地块安置房项目部分交付,high,[长兴38#地块安置房项目部分交付],mid,missing,600692_SH_亚通股份.md
600693,SH,东百集团,+37.72%,mid,,missing,,missing,核心门店兰州中心首店经济与区域垄断,high,[核心门店兰州中心首店经济与区域垄断],mid,missing,600693_SH_东百集团.md
600694,SH,大商股份,-10.75%,high,,missing,,missing,消费疲软与线上分流,high,[消费疲软与线上分流],mid,missing,600694_SH_大商股份.md
600697,SH,欧亚集团,-3.67%,high,,missing,,missing,消费市场下行与租赁服务收入减少,high,[消费市场下行与租赁服务收入减少],mid,missing,600697_SH_欧亚集团.md
600698,SH,湖南天雁,+19.3%,high,亏,low,↑,low,营收增长但利润巨亏,high,[营收增长但利润巨亏],mid,low,600698_SH_湖南天雁.md
600699,SH,均胜电子,,missing,,missing,,missing,全球产能整合与成本优化,high,[全球产能整合与成本优化],mid,missing,600699_SH_均胜电子.md
600702,SH,舍得酒业,+35.46%,mid,-35.51%,high,,missing,行业深度调整，消费动力不足,high,[行业深度调整，消费动力不足],mid,missing,600702_SH_舍得酒业.md
600703,SH,三安光电,,missing,亏,low,,missing,集成电路业务产能爬坡，固定成本高企,high,[集成电路业务产能爬坡，固定成本高企],mid,missing,600703_SH_三安光电.md
600706,SH,曲江文旅,-22.83%,high,,missing,,missing,新旧动能动态调整，核心景区收入下滑,high,[新旧动能动态调整，核心景区收入下滑],high,missing,600706_SH_曲江文旅.md
600707,SH,彩虹股份,+11.0%,mid,-69.82%,high,,missing,TV面板价格同比下降,high,[TV面板价格同比下降],mid,missing,600707_SH_彩虹股份.md
600710,SH,苏美达,+35.0%,high,+18.0%,high,↓,low,产业链利润占比提升至76%,high,[产业链利润占比提升至76%],mid,low,600710_SH_苏美达.md
600711,SH,盛屯矿业,+29.91%,high,,missing,,missing,,missing,BMS二期扩建产能提升至12万金属吨，全年产量10.63万金,mid,missing,600711_SH_盛屯矿业.md
600712,SH,南宁百货,+34.66%,mid,,missing,,missing,消费市场整体承压,high,[消费市场整体承压],mid,missing,600712_SH_南宁百货.md
600713,SH,南京医药,,missing,+9.5%,high,+342.0%,high,资产处置收益暴增,high,[资产处置收益暴增],mid,missing,600713_SH_南京医药.md
600715,SH,文投控股,,missing,盈,low,↓,low,司法重整完成,high,[影城门店数量减少],mid,missing,600715_SH_文投控股.md
600716,SH,凤凰股份,,missing,,missing,+19.59%,high,房地产行业深度调整，销售价格持续下跌,high,[房地产行业深度调整，销售价格持续下跌],mid,missing,600716_SH_凤凰股份.md
600717,SH,天津港,+30.33%,high,+70.0%,high,,missing,,missing,腹地经济与贸易韧性** ->,mid,missing,600717_SH_天津港.md
600719,SH,大连热电,-3.76%,high,,missing,,missing,煤价下行,high,[供热面积微增但需求疲软],mid,missing,600719_SH_大连热电.md
600720,SH,中交设计,+4.52%,high,-16.91%,high,,missing,基建行业周期性下行与地方财政收紧,high,[基建行业周期性下行与地方财政收紧],mid,missing,600720_SH_中交设计.md
600722,SH,金牛化工,,missing,,missing,,missing,焦炉气成本优势与精益管理,high,[焦炉气成本优势与精益管理],mid,missing,600722_SH_金牛化工.md
600724,SH,宁波富达,+8.79%,mid,,missing,,missing,水泥行业需求萎缩与产能过剩,high,[水泥行业需求萎缩与产能过剩],mid,missing,600724_SH_宁波富达.md
600726,SH,华电能源,,missing,盈,low,,missing,煤炭业务利润压舱,high,[煤炭业务利润压舱],mid,missing,600726_SH_华电能源.md
600727,SH,鲁北化工,-11.43%,high,-85.34%,high,↓,low,钛白粉、甲烷氯化物价格下跌,high,[钛白粉、甲烷氯化物价格下跌],mid,low,600727_SH_鲁北化工.md
600728,SH,佳都科技,+27.42%,high,盈,low,,missing,“鸿蒙+AI”双核技术驱动,high,[“鸿蒙+AI”双核技术驱动],mid,missing,600728_SH_佳都科技.md
600729,SH,重庆百货,-14.24%,high,-20.48%,high,,missing,消费动能疲软,high,[汽贸业态主动收缩],mid,missing,600729_SH_重庆百货.md
600730,SH,_ST高科,-46.56%,mid,亏,low,,missing,医学在线教育行业竞争加剧 & 消费降级,high,[医学在线教育行业竞争加剧 & 消费降级],mid,missing,600730_SH__ST高科.md
600731,SH,湖南海利,,missing,-8.2%,mid,-33.51%,high,行业周期下行与产品价格下滑,high,[行业周期下行与产品价格下滑],high,missing,600731_SH_湖南海利.md
600733,SH,北汽蓝谷,,missing,,missing,,missing,享界品牌爆发,high,核心风险：持续亏损下的资不抵债危机,high,missing,600733_SH_北汽蓝谷.md
600735,SH,ST新华锦,,missing,,missing,,missing,关联方大额资金占用,high,[关联方大额资金占用],mid,missing,600735_SH_ST新华锦.md
600738,SH,丽尚国潮,+5.15%,mid,+126.0%,high,↑,low,,missing,战略性剥离亏损子公司,high,missing,600738_SH_丽尚国潮.md
600739,SH,辽宁成大,,missing,+251.48%,high,,missing,参股广发证券投资收益大增46.23%,high,[参股广发证券投资收益大增46.23%],mid,missing,600739_SH_辽宁成大.md
600740,SH,山西焦化,-17.7%,high,-81.67%,high,,missing,焦炭价格持续走弱,high,[焦炭价格持续走弱],mid,missing,600740_SH_山西焦化.md
600741,SH,华域汽车,+8.49%,high,+7.51%,high,,missing,业外客户拓展,high,[新能源订单结构优化],mid,missing,600741_SH_华域汽车.md
600742,SH,富维股份,+9.12%,mid,-8.58%,high,,missing,客户高度集中,high,[投资收益大幅减少],mid,missing,600742_SH_富维股份.md
600743,SH,华远控股,+155.0%,mid,盈,low,,missing,2024年完成重大资产重组，剥离传统地产,high,[2024年完成重大资产重组，剥离传统地产业务],mid,missing,600743_SH_华远控股.md
600744,SH,华银电力,,missing,盈,low,,missing,燃料成本大幅下降,high,[燃料成本大幅下降],mid,missing,600744_SH_华银电力.md
600746,SH,江苏索普,-8.53%,high,-58.62%,mid,,missing,醋酸行业产能扩张,high,[醋酸行业产能扩张],mid,missing,600746_SH_江苏索普.md
600748,SH,上实发展,+35.87%,high,亏,low,,missing,泉州项目大宗资产出售,high,[泉州项目大宗资产出售],mid,missing,600748_SH_上实发展.md
600749,SH,西藏旅游,+94.0%,mid,-17.0%,mid,,missing,印度香客入境游恢复,high,[印度香客入境游恢复],mid,missing,600749_SH_西藏旅游.md
600750,SH,华润江中,+43.19%,high,+12.94%,high,,missing,,missing,[品牌护城河与渠道控制],mid,missing,600750_SH_华润江中.md
600751,SH,海航科技,+37.99%,high,-17.36%,high,,missing,商品贸易业务规模扩张,high,[商品贸易业务规模扩张],mid,missing,600751_SH_海航科技.md
600753,SH,_ST海钦,,missing,盈,low,,missing,控股股东无偿赠与亚兰特制造51%股权,high,[控股股东无偿赠与亚兰特制造51%股权],mid,missing,600753_SH__ST海钦.md
600755,SH,厦门国贸,-4.89%,high,-18.64%,high,,missing,国内有效需求不足 & 大宗商品价格波动,high,[国内有效需求不足 & 大宗商品价格波动],mid,missing,600755_SH_厦门国贸.md
600756,SH,浪潮软件,-38.2%,high,亏,low,↑,low,客户端资金紧张与项目延期,high,[客户端资金紧张与项目延期],mid,low,600756_SH_浪潮软件.md
600757,SH,长江传媒,+0.14%,high,+7.39%,high,,missing,教育政策红利与独家代理资质,high,[教育政策红利与独家代理资质],mid,missing,600757_SH_长江传媒.md
600758,SH,辽宁能源,+6.2%,mid,-23.82%,mid,,missing,煤炭价格中枢大幅下移,high,[煤炭价格中枢大幅下移],mid,missing,600758_SH_辽宁能源.md
600760,SH,中航沈飞,+4.25%,high,,missing,,missing,国防采购计划,high,[产品结构升级与转代更迭],mid,missing,600760_SH_中航沈飞.md
600761,SH,安徽合力,+11.35%,high,+22.51%,high,+207.93%,high,,missing,电动化转型加速** ->,mid,missing,600761_SH_安徽合力.md
600763,SH,通策医疗,+1.37%,high,,missing,,missing,种植牙集采“以价换量”,high,[种植牙集采“以价换量”],mid,missing,600763_SH_通策医疗.md
600765,SH,中航重机,+13.0%,mid,-13.72%,high,,missing,支付结算方式改变,high,[支付结算方式改变],mid,missing,600765_SH_中航重机.md
600768,SH,宁波富邦,,missing,+3649.0%,high,,missing,出售中华纸业股权,high,[出售中华纸业股权],mid,missing,600768_SH_宁波富邦.md
600769,SH,祥龙电业,+16.5%,mid,,missing,,missing,,missing,建筑业材料成本上涨36.76%，机械成本上涨94.47%,mid,missing,600769_SH_祥龙电业.md
600770,SH,综艺股份,+35.66%,high,+261.0%,high,,missing,并购吉莱微，切入功率半导体,high,[并购吉莱微，切入功率半导体],mid,missing,600770_SH_综艺股份.md
600773,SH,西藏城投,,missing,,missing,,missing,房地产市场下行,high,[项目竣工/暂缓，利息费用化],mid,missing,600773_SH_西藏城投.md
600775,SH,南京熊猫,-5.97%,high,盈,low,,missing,出售联营企业ENC股权,high,[出售联营企业ENC股权],mid,missing,600775_SH_南京熊猫.md
600777,SH,_ST新潮,-13.01%,high,,missing,-34.35%,high,WTI原油年均价同比下跌15.23%,high,[WTI原油年均价同比下跌15.23%],mid,missing,600777_SH__ST新潮.md
600778,SH,友好集团,+92.73%,mid,,missing,,missing,体验业态扩张,high,[联营企业汇友地产补税],mid,missing,600778_SH_友好集团.md
600780,SH,通宝能源,,missing,,missing,,missing,,missing,市场交易电价上行 + 燃料成本下降,mid,missing,600780_SH_通宝能源.md
600782,SH,新钢股份,-14.34%,high,,missing,,missing,行业需求萎缩与钢价下行,high,[行业需求萎缩与钢价下行],mid,missing,600782_SH_新钢股份.md
600784,SH,鲁银投资,,missing,-43.75%,high,,missing,,missing,[工业盐市场供需失衡],mid,missing,600784_SH_鲁银投资.md
600789,SH,鲁抗医药,+1.79%,mid,-71.54%,high,↑,low,国家药品集采政策持续深化,high,[国家药品集采政策持续深化],mid,low,600789_SH_鲁抗医药.md
600790,SH,轻纺城,,missing,亏,low,↓,low,国际物流中心拆迁补偿款坏账计提,high,[国际物流中心拆迁补偿款坏账计提],mid,missing,600790_SH_轻纺城.md
600791,SH,京能置业,,missing,,missing,↑,low,项目结转规模大幅下降,high,[项目结转规模大幅下降],mid,missing,600791_SH_京能置业.md
600792,SH,云煤能源,,missing,,missing,,missing,焦化行业产能过剩与下游钢铁需求走弱,high,[焦化行业产能过剩与下游钢铁需求走弱],mid,missing,600792_SH_云煤能源.md
600793,SH,宜宾纸业,+0.73%,mid,+0.73%,high,↑,low,收购醋纤公司67%股权,high,[收购醋纤公司67%股权],mid,low,600793_SH_宜宾纸业.md
600795,SH,国电电力,+18.92%,mid,-10.53%,mid,,missing,燃料成本控降,high,[平均上网电价下降],mid,missing,600795_SH_国电电力.md
600796,SH,钱江生化,,missing,,missing,,missing,,missing,,missing,missing,600796_SH_钱江生化.md
600800,SH,渤海化学,-30.39%,high,,missing,↓,low,丙烯行业全面过剩,high,[丙烯行业全面过剩],mid,missing,600800_SH_渤海化学.md
600801,SH,华新建材,+48.0%,high,,missing,,missing,海外并购突破,high,[极致降本与数智化转型],mid,missing,600801_SH_华新建材.md
600802,SH,福建水泥,-11.96%,high,,missing,,missing,需求萎缩,high,核心风险在于需求长期下行与资产持续减值的双重挤压,high,missing,600802_SH_福建水泥.md
600803,SH,新奥股份,+4.95%,mid,+4.19%,high,,missing,总销气量增长7.6%,high,[总销气量增长7.6%],mid,missing,600803_SH_新奥股份.md
600805,SH,悦达投资,,missing,-53.78%,mid,↑,low,新能源项目集中并网,high,[新能源项目集中并网],mid,missing,600805_SH_悦达投资.md
600808,SH,马钢股份,,missing,盈,low,↑,low,,missing,[宝钢股份90亿元战略入股马钢有限],mid,missing,600808_SH_马钢股份.md
600810,SH,神马股份,,missing,亏,low,↑,low,行业产能过剩与价格战,high,[行业产能过剩与价格战],mid,missing,600810_SH_神马股份.md
600812,SH,华北制药,+6.36%,mid,+44.15%,high,,missing,降本增效与费用管控,high,[降本增效与费用管控],mid,missing,600812_SH_华北制药.md
600814,SH,杭州解百,+17.0%,mid,-17.0%,mid,,missing,消费降级与竞争加剧,high,[消费降级与竞争加剧],mid,missing,600814_SH_杭州解百.md
600815,SH,厦工股份,,missing,-1185.0%,high,-287.81%,high,盾构机业务萎缩,high,[智能矿卡新业务尚处爬坡期],mid,missing,600815_SH_厦工股份.md
600816,SH,建元信托,+237.0%,high,,missing,,missing,历史存量项目成功清收,high,[历史存量项目成功清收],mid,missing,600816_SH_建元信托.md
600817,SH,宇通重工,,missing,,missing,,missing,战略聚焦，剥离环卫服务,high,[战略聚焦，剥离环卫服务],mid,missing,600817_SH_宇通重工.md
600819,SH,耀皮玻璃,+12.37%,mid,,missing,,missing,,missing,浮法玻璃行业供需矛盾，库存高企，价格持续下行,mid,missing,600819_SH_耀皮玻璃.md
600820,SH,隧道股份,+49.24%,high,-22.07%,high,,missing,传统施工业务收入下滑,high,[传统施工业务收入下滑],high,missing,600820_SH_隧道股份.md
600821,SH,金开新能,-4.44%,high,-87.39%,high,,missing,电力市场化改革深化,high,[电力市场化改革深化],mid,missing,600821_SH_金开新能.md
600822,SH,上海物贸,-30.74%,mid,,missing,,missing,汽车行业价格战与新能源转型,high,[汽车行业价格战与新能源转型],mid,missing,600822_SH_上海物贸.md
600825,SH,新华传媒,+3.66%,mid,,missing,,missing,教辅政策冲击,high,[悦合项目破产重整推进],mid,missing,600825_SH_新华传媒.md
600826,SH,兰生股份,+10.38%,mid,+6.16%,high,,missing,核心IP（工博会、WAIC、上马）持续扩,high,[核心IP（工博会、WAIC、上马）持续扩张],mid,missing,600826_SH_兰生股份.md
600827,SH,百联股份,+5.67%,high,-59.74%,high,↑,low,联华超市营收持续下滑,high,[联华超市营收持续下滑],high,low,600827_SH_百联股份.md
600828,SH,茂业商业,,missing,亏,low,,missing,投资性房地产公允价值变动,high,[投资性房地产公允价值变动],mid,missing,600828_SH_茂业商业.md
600830,SH,香溢融通,+15.28%,high,+51.03%,high,,missing,融资租赁业务规模高速扩张,high,[融资租赁业务规模高速扩张],mid,missing,600830_SH_香溢融通.md
600831,SH,广电网络,+12.89%,mid,,missing,,missing,传统有线电视用户加速流失,high,[传统有线电视用户加速流失],mid,missing,600831_SH_广电网络.md
600833,SH,第一医药,+8.43%,mid,-64.59%,high,,missing,动迁补偿款大幅减少,high,[动迁补偿款大幅减少],mid,missing,600833_SH_第一医药.md
600834,SH,申通地铁,,missing,,missing,,missing,关联交易依赖,high,[融资租赁业务收缩],mid,missing,600834_SH_申通地铁.md
600835,SH,上海机电,,missing,,missing,,missing,房地产行业下行,high,[房地产客户信用风险],high,missing,600835_SH_上海机电.md
600839,SH,四川长虹,+10.19%,high,+40.56%,high,,missing,被投资企业华丰科技公允价值增加,high,[被投资企业华丰科技公允价值增加],mid,missing,600839_SH_四川长虹.md
600841,SH,动力新科,+18.94%,mid,盈,low,,missing,上汽红岩破产重整出表,high,[上汽红岩破产重整出表],mid,missing,600841_SH_动力新科.md
600845,SH,宝信软件,-27.71%,mid,-27.71%,mid,,missing,钢铁行业下行周期,high,[钢铁行业下行周期],mid,missing,600845_SH_宝信软件.md
600846,SH,同济科技,+6.44%,high,-32.91%,high,+80.94%,high,,missing,[房地产业务集中交付],mid,missing,600846_SH_同济科技.md
600848,SH,上海临港,-29.66%,high,-28.32%,high,,missing,园区销售收入大幅下滑,high,[园区销售收入大幅下滑],high,missing,600848_SH_上海临港.md
600851,SH,海欣股份,+4.23%,high,+16.6%,high,,missing,参股金融企业投资收益,high,[参股金融企业投资收益],mid,missing,600851_SH_海欣股份.md
600853,SH,龙建股份,,missing,,missing,,missing,新签合同执行早期,high,[新签合同执行早期],mid,missing,600853_SH_龙建股份.md
600854,SH,春兰股份,+3.13%,high,-66.89%,high,,missing,空调业务委托生产模式,high,[空调业务委托生产模式],mid,missing,600854_SH_春兰股份.md
600855,SH,航天长峰,+7.74%,high,盈,low,,missing,公共安全业务转型见效,high,[公共安全业务转型见效],mid,missing,600855_SH_航天长峰.md
600857,SH,宁波中百,,missing,,missing,↓,low,,missing,,missing,missing,600857_SH_宁波中百.md
600860,SH,京城股份,,missing,,missing,,missing,,missing,研发投入增加26.09%,mid,missing,600860_SH_京城股份.md
600861,SH,北京人力,+47.82%,high,+47.82%,high,↑,low,业务外包服务增长,high,[业务外包服务增长],mid,low,600861_SH_北京人力.md
600862,SH,中航高科,-1.27%,high,-10.57%,high,↑,low,核心子公司航空工业复材营收微降,high,[核心子公司航空工业复材营收微降],mid,low,600862_SH_中航高科.md
600863,SH,华能蒙电,+12.14%,mid,,missing,,missing,火电发电量下降8.37%,high,[火电发电量下降8.37%],mid,missing,600863_SH_华能蒙电.md
600864,SH,哈投股份,+27.55%,mid,+27.55%,high,,missing,证券业务（江海证券）业绩增长,high,[证券业务（江海证券）业绩增长],mid,missing,600864_SH_哈投股份.md
600866,SH,星湖科技,+3.79%,mid,,missing,+189.0%,high,产品价格下行,high,核心风险在于国际贸易壁垒与行业产能过剩的叠加冲击,high,missing,600866_SH_星湖科技.md
600867,SH,通化东宝,+46.66%,high,盈,low,,missing,胰岛素集采续约A类中标,high,[胰岛素集采续约A类中标],mid,missing,600867_SH_通化东宝.md
600868,SH,梅雁吉祥,,missing,,missing,,missing,降雨量锐减,high,[应收账款坏账激增],mid,missing,600868_SH_梅雁吉祥.md
600869,SH,远东股份,↑,low,盈,low,+162.42%,high,智能缆网业务稳健增长,high,[智能缆网业务稳健增长],mid,low,600869_SH_远东股份.md
600871,SH,石化油服,+10.5%,mid,+4.3%,high,,missing,新签合同额创历史新高,high,[新签合同额创历史新高],mid,missing,600871_SH_石化油服.md
600872,SH,中炬高新,-23.9%,high,-39.86%,high,,missing,主动渠道去库存,high,[非经常性损益减少],mid,missing,600872_SH_中炬高新.md
600873,SH,梅花生物,+55.45%,high,+19.72%,high,,missing,完成日本协和发酵资产收购,high,[完成日本协和发酵资产收购],mid,missing,600873_SH_梅花生物.md
600874,SH,创业环保,+2.93%,mid,,missing,↑,low,政府支付历史欠款,high,[政府支付历史欠款],mid,missing,600874_SH_创业环保.md
600875,SH,东方电气,+12.8%,mid,,missing,-12.8%,high,,missing,收入增长带来的应收款项与合同资产账龄滚动,mid,missing,600875_SH_东方电气.md
600876,SH,凯盛新能,-29.4%,high,,missing,,missing,光伏行业供需严重失衡,high,[光伏行业供需严重失衡],mid,missing,600876_SH_凯盛新能.md
600879,SH,航天电子,+13.78%,mid,-58.58%,high,↓,low,客户付款政策变化,high,[客户付款政策变化],mid,low,600879_SH_航天电子.md
600880,SH,博瑞传播,+27.18%,mid,-179.92%,high,,missing,,missing,智慧教育业务（生学教育）收入锐减52.24%,mid,missing,600880_SH_博瑞传播.md
600883,SH,博闻科技,,missing,-66.76%,high,,missing,联营企业新疆众和净利润大幅下滑,high,[联营企业新疆众和净利润大幅下滑],high,missing,600883_SH_博闻科技.md
600885,SH,宏发股份,,missing,,missing,,missing,,missing,,missing,missing,600885_SH_宏发股份.md
600889,SH,_ST京化,,missing,,missing,,missing,重大资产重组完成,high,[重大资产重组完成],mid,missing,600889_SH__ST京化.md
600893,SH,航发动力,-3.23%,mid,-26.27%,mid,↑,low,,missing,1. 市场布局与产品研发取得重大突破,mid,missing,600893_SH_航发动力.md
600894,SH,广日股份,,missing,,missing,,missing,电梯后市场政策红利,high,[电梯后市场政策红利],mid,missing,600894_SH_广日股份.md
600895,SH,张江高科,,missing,-2.2%,high,,missing,产业空间载体销售激增,high,[产业空间载体销售激增],mid,missing,600895_SH_张江高科.md
600901,SH,江苏金租,+15.75%,high,+10.12%,high,↓,low,“零售+设备”产业金融模式,high,[“零售+设备”产业金融模式],mid,low,600901_SH_江苏金租.md
600906,SH,财达证券,+24.7%,mid,,missing,,missing,A股市场交投活跃度提升,high,[A股市场交投活跃度提升],mid,missing,600906_SH_财达证券.md
600908,SH,无锡银行,+8.85%,high,,missing,,missing,存款结构优化，付息率压降,high,[存款结构优化，付息率压降],mid,missing,600908_SH_无锡银行.md
600909,SH,华安证券,+67.0%,mid,+242.61%,high,,missing,市场活跃度大幅提升,high,[市场活跃度大幅提升],mid,missing,600909_SH_华安证券.md
600917,SH,重庆燃气,,missing,-44.98%,high,+61.92%,high,上游气源采购成本上升,high,[上游气源采购成本上升],mid,missing,600917_SH_重庆燃气.md
600918,SH,中泰证券,+28.5%,mid,,missing,,missing,市场交易量激增,high,[买方投顾转型与产品矩阵],mid,missing,600918_SH_中泰证券.md
600925,SH,苏能股份,+83.66%,mid,-83.74%,high,,missing,煤炭价格深度下行,high,[煤炭价格深度下行],mid,missing,600925_SH_苏能股份.md
600926,SH,杭州银行,+12.05%,mid,+12.05%,high,,missing,利息净收入增长,high,[个人贷款不良率上升],mid,missing,600926_SH_杭州银行.md
600927,SH,永安期货,+17.33%,high,,missing,,missing,市场成交额大幅增长,high,[市场成交额大幅增长],mid,missing,600927_SH_永安期货.md
600928,SH,西安银行,+57.04%,high,亏,low,,missing,,missing,贷款规模高速扩张（25.55%）,mid,missing,600928_SH_西安银行.md
600929,SH,雪天盐业,,missing,,missing,,missing,纯碱、工业盐价格大幅下跌,high,[纯碱、工业盐价格大幅下跌],mid,missing,600929_SH_雪天盐业.md
600935,SH,华塑股份,,missing,,missing,,missing,PVC价格持续低迷,high,[PVC价格持续低迷],mid,missing,600935_SH_华塑股份.md
600936,SH,北投科技,+27.1%,mid,,missing,,missing,重大资产置换,high,[置出资产并表亏损],high,missing,600936_SH_北投科技.md
600938,SH,中国海油,+13.1%,mid,-11.5%,high,,missing,国际油价震荡下行,high,[国际油价震荡下行],mid,missing,600938_SH_中国海油.md
600955,SH,维远股份,-7.91%,high,-7.91%,mid,,missing,行业产能过剩与价格战,high,[行业产能过剩与价格战],mid,missing,600955_SH_维远股份.md
600956,SH,新天绿能,,missing,+11.95%,high,,missing,风资源改善,high,[H股定增与绿债发行],mid,missing,600956_SH_新天绿能.md
600958,SH,东方证券,+38.08%,mid,-39.2%,mid,,missing,市场交投活跃度提升,high,[市场交投活跃度提升],mid,missing,600958_SH_东方证券.md
600960,SH,渤海汽车,-26.31%,mid,盈,low,,missing,德国子公司破产出表,high,[德国子公司破产出表],mid,missing,600960_SH_渤海汽车.md
600961,SH,株冶集团,+60.15%,mid,+43.0%,high,,missing,,missing,[贵金属价格飙升]** ->,mid,missing,600961_SH_株冶集团.md
600962,SH,国投中鲁,+10.24%,mid,,missing,,missing,,missing,美国关税高企** ->,mid,missing,600962_SH_国投中鲁.md
600963,SH,岳阳林纸,,missing,亏,low,↓,low,文化纸产能集中投放，价格竞争加剧,high,[文化纸产能集中投放，价格竞争加剧],mid,missing,600963_SH_岳阳林纸.md
600968,SH,海油发展,+5.75%,mid,+6.24%,high,,missing,聚焦油气生产技术服务,high,[聚焦油气生产技术服务],mid,missing,600968_SH_海油发展.md
600969,SH,郴电国际,,missing,盈,low,,missing,,missing,财务费用压降** ->,mid,missing,600969_SH_郴电国际.md
600971,SH,恒源煤电,,missing,亏,low,,missing,煤炭价格大幅下跌,high,[煤炭价格大幅下跌],mid,missing,600971_SH_恒源煤电.md
600973,SH,宝胜股份,+3.45%,high,,missing,,missing,铜价上涨,high,[恒大应收账款暴雷],mid,missing,600973_SH_宝胜股份.md
600976,SH,健民集团,+21.0%,mid,,missing,+17.19%,high,,missing,主动收缩低效商业业务,mid,missing,600976_SH_健民集团.md
600977,SH,中国电影,+5.65%,high,,missing,+12.67%,high,扣非净利润持续为负,high,[扣非净利润持续为负],mid,missing,600977_SH_中国电影.md
600980,SH,北矿科技,+10.66%,mid,,missing,,missing,矿冶装备大型化、智能化技术突破,high,[矿冶装备大型化、智能化技术突破],mid,missing,600980_SH_北矿科技.md
600981,SH,苏豪汇鸿,+24.0%,mid,,missing,,missing,金融资产公允价值变动,high,[金融资产公允价值变动],mid,missing,600981_SH_苏豪汇鸿.md
600982,SH,宁波能源,,missing,+54.57%,high,,missing,扣非净利润大增54.57%,high,[扣非净利润大增54.57%],mid,missing,600982_SH_宁波能源.md
600983,SH,惠而浦,+23.23%,high,+157.55%,high,↑,low,外销订单爆发,high,客户与关联方高度集中风险,high,low,600983_SH_惠而浦.md
600984,SH,建设机械,+43.19%,mid,,missing,+34.89%,high,房地产行业持续低迷,high,[房地产行业持续低迷],mid,missing,600984_SH_建设机械.md
600986,SH,浙文互联,,missing,,missing,,missing,收购星巢网络,high,[持有豆神教育股票],mid,missing,600986_SH_浙文互联.md
600987,SH,航民股份,-10.85%,high,,missing,,missing,,missing,[黄金饰品“加工+批发”模式],mid,missing,600987_SH_航民股份.md
600988,SH,赤峰黄金,+40.03%,high,+74.7%,high,,missing,金价持续上涨,high,[老挝塞班SND项目突破],mid,missing,600988_SH_赤峰黄金.md
600989,SH,宝丰能源,+45.64%,high,,missing,,missing,内蒙古300万吨/年烯烃项目全面达产,high,[内蒙古300万吨/年烯烃项目全面达产],mid,missing,600989_SH_宝丰能源.md
600990,SH,四创电子,+8.87%,mid,,missing,-25.0%,high,研发费用激增,high,[低空经济战略投入],mid,missing,600990_SH_四创电子.md
600992,SH,贵绳股份,-2.69%,mid,盈,low,,missing,搬迁补偿款确认,high,[行业需求萎缩与价格竞争],mid,missing,600992_SH_贵绳股份.md
600993,SH,马应龙,+10.24%,high,+10.11%,high,,missing,医药工业高毛利业务增长,high,[医药工业高毛利业务增长],mid,missing,600993_SH_马应龙.md
600995,SH,南网储能,+28.65%,mid,,missing,,missing,来水超预期,high,[“科改”驱动创新],mid,missing,600995_SH_南网储能.md
600997,SH,开滦股份,,missing,亏,low,,missing,煤焦价格大幅下跌,high,[煤焦价格大幅下跌],mid,missing,600997_SH_开滦股份.md
600999,SH,招商证券,+71.0%,mid,,missing,,missing,,missing,市场交投活跃** ->,mid,missing,600999_SH_招商证券.md
601000,SH,唐山港,-4.34%,mid,+0.99%,high,,missing,精准营销与货源争揽,high,[精准营销与货源争揽],mid,missing,601000_SH_唐山港.md
601005,SH,重庆钢铁,,missing,,missing,,missing,,missing,,missing,missing,601005_SH_重庆钢铁.md
601007,SH,金陵饭店,+12.0%,high,,missing,+23.0%,high,酒类贸易行业深度调整，苏糖公司主动调减库,high,[酒类贸易行业深度调整，苏糖公司主动调减库存],mid,missing,601007_SH_金陵饭店.md
601008,SH,连云港,,missing,-10.5%,high,,missing,装卸业务单位收入下降及成本上升,high,[装卸业务单位收入下降及成本上升],mid,missing,601008_SH_连云港.md
601009,SH,南京银行,+10.48%,high,,missing,,missing,利息净收入大幅增长,high,[利息净收入大幅增长],mid,missing,601009_SH_南京银行.md
601011,SH,宝泰隆,,missing,,missing,,missing,焦炉停产检修,high,[业务结构切换至自产煤炭],mid,missing,601011_SH_宝泰隆.md
601015,SH,陕西黑猫,,missing,,missing,,missing,下游钢铁行业需求疲软,high,[下游钢铁行业需求疲软],mid,missing,601015_SH_陕西黑猫.md
601016,SH,节能风电,,missing,-48.45%,high,,missing,电价市场化改革（136号文）,high,[电价市场化改革（136号文）],mid,missing,601016_SH_节能风电.md
601018,SH,宁波港,+44.32%,high,,missing,+97.15%,high,,missing,集装箱吞吐量增长11.2%,mid,missing,601018_SH_宁波港.md
601019,SH,山东出版,+15.02%,mid,,missing,,missing,教材教辅发行资质壁垒,high,[教材教辅发行资质壁垒],mid,missing,601019_SH_山东出版.md
601021,SH,春秋航空,+25.5%,mid,,missing,,missing,低成本经营模式,high,[国际航线运力恢复],mid,missing,601021_SH_春秋航空.md
601022,SH,宁波远洋,+15.86%,high,,missing,,missing,运力扩张与航线优化,high,[运力扩张与航线优化],mid,missing,601022_SH_宁波远洋.md
601026,SH,道生天合,+7.95%,high,+30.88%,high,,missing,风电装机高景气 + 海外市场突破,high,[风电装机高景气 + 海外市场突破],mid,missing,601026_SH_道生天合.md
601033,SH,永兴股份,+13.88%,high,,missing,,missing,广州市财政支付能力,high,[广州市财政支付能力],mid,missing,601033_SH_永兴股份.md
601038,SH,一拖股份,+29.04%,mid,,missing,,missing,,missing,主粮及经济作物价格持续低迷，叠加极端天气频发，导致用户种粮收,high,missing,601038_SH_一拖股份.md
601059,SH,信达证券,+21.46%,mid,,missing,,missing,市场行情回暖,high,[客户规模与资产双创新高],mid,missing,601059_SH_信达证券.md
601061,SH,中信金属,↑,low,+41.0%,high,,missing,铜价上涨叠加矿山产量创新高,high,[铜价上涨叠加矿山产量创新高],mid,missing,601061_SH_中信金属.md
601065,SH,江盐集团,,missing,-45.6%,high,+8.21%,high,纯碱价格大幅下跌,high,[纯碱价格大幅下跌],mid,missing,601065_SH_江盐集团.md
601066,SH,中信建投,+24.37%,mid,,missing,+181.53%,high,市场交投活跃度提升,high,[市场交投活跃度提升],mid,missing,601066_SH_中信建投.md
601068,SH,中铝国际,+97.73%,mid,,missing,↑,low,聚焦主业，退出低效非工业项目,high,[聚焦主业，退出低效非工业项目],mid,missing,601068_SH_中铝国际.md
601069,SH,西部黄金,,missing,,missing,+1.94%,high,金价大幅上涨,high,[同一控制下企业合并],mid,missing,601069_SH_西部黄金.md
601077,SH,渝农商行,+21.46%,high,,missing,,missing,存款成本管控,high,核心风险在于零售贷款资产质量恶化与资本充足率快速下降的双重压,high,missing,601077_SH_渝农商行.md
601083,SH,锦江航运,,missing,+47.0%,high,,missing,,missing,亚洲区域内航运需求韧性,mid,missing,601083_SH_锦江航运.md
601088,SH,中国神华,+4.2%,mid,-5.3%,high,,missing,,missing,,missing,missing,601088_SH_中国神华.md
601089,SH,福元医药,+11.51%,mid,-3.95%,high,,missing,集采中标与未中标分化,high,[集采中标与未中标分化],mid,missing,601089_SH_福元医药.md
601096,SH,宏盛华源,+96.44%,mid,+61.28%,high,,missing,原材料价格下降与提质增效,high,[原材料价格下降与提质增效],mid,missing,601096_SH_宏盛华源.md
601098,SH,中南传媒,-5.91%,high,,missing,+24.97%,high,,missing,出版业务整合优质内容资源、打造精品，获奖及入选数量创新高,mid,missing,601098_SH_中南传媒.md
601099,SH,太平洋,+28.3%,mid,,missing,,missing,A股日均成交额创历史新高,high,[A股日均成交额创历史新高],mid,missing,601099_SH_太平洋.md
601100,SH,恒立液压,+16.52%,high,,missing,-26.95%,high,工程机械行业景气度回升,high,[工程机械行业景气度回升],mid,missing,601100_SH_恒立液压.md
601101,SH,昊华能源,+42.63%,mid,-50.57%,mid,,missing,煤炭价格大幅下行,high,[煤炭价格大幅下行],mid,missing,601101_SH_昊华能源.md
601107,SH,四川成渝,+3.72%,mid,+3.72%,high,,missing,建造服务收入大幅下降,high,[建造服务收入大幅下降],mid,missing,601107_SH_四川成渝.md
601108,SH,财通证券,+27.11%,mid,,missing,,missing,市场交投活跃度大幅提升,high,[市场交投活跃度大幅提升],mid,missing,601108_SH_财通证券.md
601111,SH,中国国航,+3.24%,mid,-4.92%,mid,,missing,运力投入增加与客座率提升,high,[运力投入增加与客座率提升],mid,missing,601111_SH_中国国航.md
601112,SH,振石股份,+14.7%,mid,,missing,,missing,全球风电装机爆发式增长,high,[全球风电装机爆发式增长],mid,missing,601112_SH_振石股份.md
601113,SH,华鼎股份,-37.16%,high,-63.43%,mid,,missing,,missing,锦纶行业产能扩张，常规产品同质化竞争加剧,mid,missing,601113_SH_华鼎股份.md
601116,SH,三江购物,+492.56%,mid,+31.48%,high,,missing,,missing,非经常性损益大幅增加,mid,missing,601116_SH_三江购物.md
601117,SH,中国化学,+10.01%,mid,,missing,-83.45%,high,新签合同额突破4000亿,high,[新签合同额突破4000亿],mid,missing,601117_SH_中国化学.md
601121,SH,宝地矿业,+34.78%,high,,missing,↑,low,铁精粉销量增长39.44%,high,[铁精粉销量增长39.44%],mid,missing,601121_SH_宝地矿业.md
601126,SH,四方股份,+17.87%,high,,missing,,missing,新能源装机高速增长,high,[新能源装机高速增长],mid,missing,601126_SH_四方股份.md
601127,SH,赛力斯,+58.31%,high,+58.31%,high,,missing,高端化产品结构优化,high,[高端化产品结构优化],mid,missing,601127_SH_赛力斯.md
601128,SH,常熟银行,,missing,盈,low,,missing,深耕小微金融，差异化定位,high,[深耕小微金融，差异化定位],mid,missing,601128_SH_常熟银行.md
601133,SH,柏诚股份,-21.19%,high,-3.34%,mid,,missing,下游半导体/新型显示产业持续高景气投资,high,[下游半导体/新型显示产业持续高景气投资],mid,missing,601133_SH_柏诚股份.md
601136,SH,首创证券,+61.54%,mid,盈,low,,missing,固定收益投资交易业务,high,[固定收益投资交易业务],mid,missing,601136_SH_首创证券.md
601137,SH,博威合金,,missing,+18.02%,high,↓,low,美国对越南光伏产品征收307.78%高额,high,[美国对越南光伏产品征收307.78%高额双反关税],mid,missing,601137_SH_博威合金.md
601139,SH,深圳燃气,+41.0%,high,-3.37%,high,,missing,天然气批发业务量价齐升,high,[天然气批发业务量价齐升],mid,missing,601139_SH_深圳燃气.md
601155,SH,新城控股,+10.0%,mid,-9.61%,high,,missing,商业运营收入逆势增长,high,[商业运营收入逆势增长],mid,missing,601155_SH_新城控股.md
601156,SH,东航物流,+20.79%,mid,,missing,,missing,跨境电商政策冲击,high,[跨境电商政策冲击],mid,missing,601156_SH_东航物流.md
601158,SH,重庆水务,,missing,,missing,-24.96%,high,,missing,特许经营权及政府定价机制,mid,missing,601158_SH_重庆水务.md
601166,SH,兴业银行,+7.45%,mid,,missing,,missing,负债成本主动压降,high,[负债成本主动压降],mid,missing,601166_SH_兴业银行.md
601168,SH,西部矿业,,missing,,missing,,missing,铜价上涨与玉龙铜矿放量,high,[铜价上涨与玉龙铜矿放量],mid,missing,601168_SH_西部矿业.md
601177,SH,杭齿前进,+4.29%,high,,missing,↑,low,船用齿轮箱与工程机械变速箱需求上升,high,[船用齿轮箱与工程机械变速箱需求上升],mid,missing,601177_SH_杭齿前进.md
601179,SH,中国西电,+7.13%,high,,missing,-21.68%,high,特高压及电网投资高景气,high,[特高压及电网投资高景气],mid,missing,601179_SH_中国西电.md
601186,SH,中国铁建,-3.5%,high,,missing,,missing,行业下行与竞争加剧,high,[行业下行与竞争加剧],mid,missing,601186_SH_中国铁建.md
601188,SH,龙江交通,-23.77%,high,,missing,,missing,哈大高速经营权2029年到期,high,[哈大高速经营权2029年到期],mid,missing,601188_SH_龙江交通.md
601198,SH,东兴证券,+18.4%,mid,,missing,,missing,市场交易活跃度提升,high,[市场交易活跃度提升],mid,missing,601198_SH_东兴证券.md
601199,SH,江南水务,+38.23%,mid,-17.0%,mid,↓,low,工程业务收入大幅下滑,high,[工程业务收入大幅下滑],high,low,601199_SH_江南水务.md
601200,SH,上海环境,-1.66%,mid,+6.07%,high,,missing,财务费用管控,high,[PPP建造收入收缩],mid,missing,601200_SH_上海环境.md
601208,SH,东材科技,,missing,盈,low,,missing,AI算力与服务器需求爆发,high,[AI算力与服务器需求爆发],mid,missing,601208_SH_东材科技.md
601211,SH,国泰海通,+113.52%,mid,+113.52%,high,,missing,吸收合并海通证券,high,[吸收合并海通证券],mid,missing,601211_SH_国泰海通.md
601216,SH,君正集团,+2.9%,mid,+23.85%,high,+110.97%,high,,missing,[一体化循环经济产业链],mid,missing,601216_SH_君正集团.md
601218,SH,吉鑫科技,+17.24%,high,,missing,,missing,政策驱动装机放量,high,[政策驱动装机放量],mid,missing,601218_SH_吉鑫科技.md
601225,SH,陕西煤业,-2.58%,mid,-25.0%,high,,missing,煤炭售价大幅下跌,high,[煤炭售价大幅下跌],mid,missing,601225_SH_陕西煤业.md
601226,SH,华电科工,+38.26%,mid,+36.06%,high,,missing,,missing,,missing,missing,601226_SH_华电科工.md
601228,SH,广州港,+22.3%,mid,,missing,-10.73%,high,,missing,公司精准把握利率下行契机，发行42亿元公司债置换存量债务,mid,missing,601228_SH_广州港.md
601229,SH,上海银行,+7.07%,mid,,missing,,missing,低利率环境下负债成本管控,high,[低利率环境下负债成本管控],mid,missing,601229_SH_上海银行.md
601231,SH,环旭电子,+200.0%,high,,missing,,missing,AI算力投资激增,high,[AI算力投资激增],mid,missing,601231_SH_环旭电子.md
601236,SH,红塔证券,+62.0%,mid,,missing,,missing,自营投资非方向化转型深化,high,[自营投资非方向化转型深化],mid,missing,601236_SH_红塔证券.md
601238,SH,广汽集团,+44.99%,mid,亏,low,↓,low,自主品牌销量大幅下滑,high,[自主品牌销量大幅下滑],high,low,601238_SH_广汽集团.md
601279,SH,英利汽车,-7.95%,high,,missing,-19.96%,high,汽车行业竞争加剧，价格战传导,high,[汽车行业竞争加剧，价格战传导],mid,missing,601279_SH_英利汽车.md
601288,SH,农业银行,+20.9%,high,,missing,,missing,净息差持续收窄,high,[财富管理转型与代销业务爆发],mid,missing,601288_SH_农业银行.md
601298,SH,青岛港,+22.8%,mid,,missing,,missing,集装箱业务量增长及商务政策优化,high,[集装箱业务量增长及商务政策优化],mid,missing,601298_SH_青岛港.md
601311,SH,骆驼股份,+4.56%,high,-2.46%,mid,,missing,铅酸电池销量稳增+结构优化,high,[铅酸电池销量稳增+结构优化],mid,missing,601311_SH_骆驼股份.md
601318,SH,中国平安,,missing,,missing,,missing,寿险新业务价值高增,high,[寿险新业务价值高增],mid,missing,601318_SH_中国平安.md
601319,SH,中国人保,,missing,,missing,,missing,财险综合成本率优化,high,[财险综合成本率优化],mid,missing,601319_SH_中国人保.md
601328,SH,交通银行,+3.44%,mid,+2.18%,high,,missing,净息差收窄压力,high,[1200亿定向增发],mid,missing,601328_SH_交通银行.md
601330,SH,绿色动力,+3.97%,high,,missing,,missing,供汽量近翻倍增长,high,[供汽量近翻倍增长],mid,missing,601330_SH_绿色动力.md
601333,SH,广深铁路,+5.89%,high,+34.49%,high,,missing,高铁分流普速客流,high,[高铁分流普速客流],mid,missing,601333_SH_广深铁路.md
601336,SH,新华保险,+2.8%,mid,,missing,,missing,分红险转型成功,high,[权益市场回暖 + 积极配置],mid,missing,601336_SH_新华保险.md
601339,SH,百隆东方,,missing,+59.96%,high,,missing,越南产能占比78%,high,[越南产能占比78%],mid,missing,601339_SH_百隆东方.md
601366,SH,利群股份,-9.03%,high,亏,low,+26.91%,high,消费需求疲软与行业竞争加剧,high,[消费需求疲软与行业竞争加剧],mid,low,601366_SH_利群股份.md
601368,SH,绿城水务,+0.98%,mid,,missing,+15.62%,high,精益管理降本增效,high,[精益管理降本增效],mid,missing,601368_SH_绿城水务.md
601369,SH,陕鼓动力,+17.26%,mid,-28.19%,high,,missing,下游客户项目延期,high,[下游客户项目延期],mid,missing,601369_SH_陕鼓动力.md
601375,SH,中原证券,+29.59%,mid,盈,low,,missing,市场交投活跃度提升,high,[市场交投活跃度提升],mid,missing,601375_SH_中原证券.md
601377,SH,兴业证券,+70.4%,mid,,missing,,missing,市场成交额大幅增长,high,[市场成交额大幅增长],mid,missing,601377_SH_兴业证券.md
601388,SH,怡球资源,,missing,+815.58%,high,,missing,铝合金锭售价提升，原料成本优化,high,[铝合金锭售价提升，原料成本优化],mid,missing,601388_SH_怡球资源.md
601398,SH,工商银行,+10.2%,mid,,missing,,missing,LPR持续下调 & 存款利率自律,high,[LPR持续下调 & 存款利率自律],mid,missing,601398_SH_工商银行.md
601399,SH,国机重装,+9.48%,mid,,missing,-42.08%,high,在手订单增长与产出加快,high,[在手订单增长与产出加快],mid,missing,601399_SH_国机重装.md
601456,SH,国联民生,+186.0%,high,+405.0%,high,,missing,完成对民生证券的并购整合,high,[完成对民生证券的并购整合],mid,missing,601456_SH_国联民生.md
601512,SH,中新集团,+21.81%,mid,+65.75%,high,,missing,,missing,公司聚焦招大引强，推动重点项目落地,mid,missing,601512_SH_中新集团.md
601515,SH,衢州东峰,-10.84%,high,盈,low,↓,low,战略转型剥离烟标业务,high,[战略转型剥离烟标业务],mid,low,601515_SH_衢州东峰.md
601518,SH,吉林高速,-7.85%,high,,missing,+4.34%,high,车流量减少,high,[子公司机电工程收入骤降28.83%],mid,missing,601518_SH_吉林高速.md
601519,SH,大智慧,+14.99%,mid,盈,low,,missing,降本增效（薪酬、信息服务费、技术服务费减,high,[降本增效（薪酬、信息服务费、技术服务费减少）],mid,missing,601519_SH_大智慧.md
601528,SH,瑞丰银行,+8.33%,mid,,missing,,missing,,missing,存款结构优化，定期存款占比提升且存款付息率下降37BP,mid,missing,601528_SH_瑞丰银行.md
601567,SH,三星电气,,missing,-43.62%,high,,missing,国内电网招标价格波动 & 医保政策深化,high,[国内电网招标价格波动 & 医保政策深化],mid,missing,601567_SH_三星电气.md
601568,SH,北元集团,+7.29%,high,-53.09%,high,,missing,PVC价格大幅下跌,high,[PVC价格大幅下跌],mid,missing,601568_SH_北元集团.md
601579,SH,会稽山,+42.67%,mid,+24.7%,high,,missing,,missing,,missing,missing,601579_SH_会稽山.md
601588,SH,北辰实业,,missing,,missing,+15.91%,high,房地产行业深度调整,high,[房地产行业深度调整],mid,missing,601588_SH_北辰实业.md
601595,SH,上海电影,+14.33%,mid,+359.0%,high,,missing,主控影片《浪浪山小妖怪》票房大爆,high,[主控影片《浪浪山小妖怪》票房大爆],mid,missing,601595_SH_上海电影.md
601598,SH,中国外运,+7.3%,mid,-46.95%,high,,missing,运价下行与成本管控,high,[运价下行与成本管控],mid,missing,601598_SH_中国外运.md
601600,SH,中国铝业,,missing,,missing,,missing,原铝价格上涨,high,[极致经营与全要素对标],mid,missing,601600_SH_中国铝业.md
601601,SH,中国太保,,missing,,missing,,missing,寿险新业务价值率提升,high,[寿险新业务价值率提升],mid,missing,601601_SH_中国太保.md
601606,SH,长城军工,+15.35%,high,盈,low,↓,low,上年特品价差处理基数低,high,[上年特品价差处理基数低],mid,low,601606_SH_长城军工.md
601607,SH,上海医药,,missing,-26.68%,high,↑,low,收购上海和黄药业并表,high,[收购上海和黄药业并表],mid,missing,601607_SH_上海医药.md
601608,SH,中信重工,+357.49%,mid,,missing,+4.14%,high,核心制造+综合服务模式,high,[核心制造+综合服务模式],mid,missing,601608_SH_中信重工.md
601609,SH,金田股份,+28.0%,mid,+56.0%,high,,missing,产品客户双升级策略,high,[产品客户双升级策略],mid,missing,601609_SH_金田股份.md
601616,SH,广电电气,+64.92%,mid,亏,low,↓,low,宏观经济与行业投资放缓,high,[宏观经济与行业投资放缓],mid,low,601616_SH_广电电气.md
601619,SH,嘉泽新能,,missing,,missing,↑,low,可再生能源补贴款回收,high,[可再生能源补贴款回收],mid,missing,601619_SH_嘉泽新能.md
601628,SH,中国人寿,,missing,+9.5%,high,,missing,权益市场大幅上涨 + 主动加大权益投资,high,[权益市场大幅上涨 + 主动加大权益投资],mid,missing,601628_SH_中国人寿.md
601633,SH,长城汽车,+10.2%,high,-22.07%,high,,missing,海外销量创新高,high,[直营渠道与品牌投入激增],mid,missing,601633_SH_长城汽车.md
601636,SH,旗滨集团,+21.03%,mid,-64.3%,mid,,missing,房地产竣工持续下行,high,[房地产竣工持续下行],mid,missing,601636_SH_旗滨集团.md
601658,SH,邮储银行,+22.01%,mid,,missing,,missing,“自营+代理”独特模式,high,[“自营+代理”独特模式],mid,missing,601658_SH_邮储银行.md
601665,SH,齐鲁银行,+5.12%,mid,+14.58%,high,+135.71%,high,,missing,,missing,missing,601665_SH_齐鲁银行.md
601669,SH,中国电建,-15.12%,mid,-16.75%,high,,missing,能源电力新签合同高增,high,[能源电力新签合同高增],mid,missing,601669_SH_中国电建.md
601677,SH,明泰铝业,,missing,,missing,+117.0%,high,产品结构高端化,high,[再生铝保级应用规模优势],mid,missing,601677_SH_明泰铝业.md
601678,SH,滨化股份,,missing,,missing,↑,low,子公司滨华新材料C3C4装置全面投产,high,[子公司滨华新材料C3C4装置全面投产],mid,missing,601678_SH_滨化股份.md
601686,SH,友发集团,,missing,+48.6%,high,,missing,行业龙头地位与规模效应,high,[行业龙头地位与规模效应],mid,missing,601686_SH_友发集团.md
601688,SH,华泰证券,+29.85%,mid,,missing,,missing,AI原生应用“AI涨乐”APP发布,high,[AI原生应用“AI涨乐”APP发布],mid,missing,601688_SH_华泰证券.md
601689,SH,拓普集团,+11.21%,high,-7.38%,mid,,missing,Tier0.5级商业模式,high,[Tier0.5级商业模式],mid,missing,601689_SH_拓普集团.md
601700,SH,风范股份,,missing,,missing,↓,low,,missing,,missing,missing,601700_SH_风范股份.md
601702,SH,华峰铝业,-30.0%,mid,-30.0%,mid,,missing,新能源汽车/储能高景气,high,[新能源汽车/储能高景气],mid,missing,601702_SH_华峰铝业.md
601728,SH,中国电信,+0.1%,high,-0.5%,mid,,missing,战略升级至“云改数转智惠”,high,[战略升级至“云改数转智惠”],mid,missing,601728_SH_中国电信.md
601766,SH,中国中车,+11.9%,mid,,missing,,missing,铁路投资高位运行+高铁里程持续增长,high,[铁路投资高位运行+高铁里程持续增长],mid,missing,601766_SH_中国中车.md
601788,SH,光大证券,+33.0%,mid,,missing,,missing,,missing,市场交投活跃度提升** ->,mid,missing,601788_SH_光大证券.md
601789,SH,宁波建工,+16.86%,mid,-23.48%,high,↓,low,行业下行与竞争加剧,high,[行业下行与竞争加剧],mid,low,601789_SH_宁波建工.md
601798,SH,蓝科高新,+46.93%,high,盈,low,-21.0%,high,订单交付放量,high,[高毛利产品结构优化],mid,low,601798_SH_蓝科高新.md
601799,SH,星宇股份,+15.12%,high,,missing,+168.0%,high,中国汽车产销再创新高,high,[中国汽车产销再创新高],mid,missing,601799_SH_星宇股份.md
601800,SH,中国交建,+18.27%,high,-36.92%,high,,missing,国内基建投资放缓,high,[国内基建投资放缓],mid,missing,601800_SH_中国交建.md
601801,SH,皖新传媒,,missing,,missing,,missing,,missing,供应链及物流服务业务收入下降49.32%,mid,missing,601801_SH_皖新传媒.md
601808,SH,中海油服,+12.8%,mid,,missing,,missing,钻井平台使用率提升,high,[钻井平台使用率提升],mid,missing,601808_SH_中海油服.md
601811,SH,新华文轩,-4.84%,high,-12.11%,mid,,missing,教育政策调整与人口结构变化,high,[教育政策调整与人口结构变化],mid,missing,601811_SH_新华文轩.md
601816,SH,京沪高铁,+2.15%,high,,missing,,missing,京沪高铁核心线路的区位与路网优势,high,[京沪高铁核心线路的区位与路网优势],mid,missing,601816_SH_京沪高铁.md
601818,SH,光大银行,,missing,,missing,,missing,,missing,,missing,missing,601818_SH_光大银行.md
601825,SH,沪农商行,+1.28%,high,,missing,,missing,净息差持续收窄,high,[负债成本主动压降],mid,missing,601825_SH_沪农商行.md
601828,SH,美凯龙,,missing,,missing,+277.0%,high,投资性房地产公允价值重估,high,[投资性房地产公允价值重估],mid,missing,601828_SH_美凯龙.md
601838,SH,成都银行,+2.7%,high,-29.59%,mid,,missing,深耕成渝区域经济,high,[深耕成渝区域经济],mid,missing,601838_SH_成都银行.md
601860,SH,紫金银行,+56.8%,mid,-23.35%,high,,missing,净息差持续收窄,high,[贷款增速远低于存款增速],mid,missing,601860_SH_紫金银行.md
601865,SH,福莱特,+47.36%,high,,missing,-50.77%,high,光伏玻璃价格持续走低,high,[光伏玻璃价格持续走低],mid,missing,601865_SH_福莱特.md
601866,SH,中远海发,+6.02%,high,,missing,,missing,集装箱制造营收下滑,high,[集装箱制造营收下滑],high,missing,601866_SH_中远海发.md
601868,SH,中国能建,+3.71%,high,-30.44%,high,,missing,新能源业务高速扩张,high,[新能源业务高速扩张],mid,missing,601868_SH_中国能建.md
601869,SH,长飞光纤,+48.58%,mid,,missing,↑,low,AI算力需求爆发,high,[AI算力需求爆发],mid,missing,601869_SH_长飞光纤.md
601872,SH,招商轮船,+10.44%,mid,+59.06%,high,,missing,VLCC油轮运价上涨,high,[VLCC油轮运价上涨],mid,missing,601872_SH_招商轮船.md
601877,SH,正泰电器,+45.18%,high,,missing,↑,low,户用光伏电站资产高效周转,high,[户用光伏电站资产高效周转],mid,missing,601877_SH_正泰电器.md
601878,SH,浙商证券,+41.39%,mid,+24.87%,high,,missing,市场交投活跃度大幅提升,high,[市场交投活跃度大幅提升],mid,missing,601878_SH_浙商证券.md
601880,SH,辽港股份,+2135.0%,mid,,missing,+32.4%,high,高毛利率业务（油品仓储、集装箱、散粮）增,high,[高毛利率业务（油品仓储、集装箱、散粮）增长],mid,missing,601880_SH_辽港股份.md
601881,SH,中国银河,+24.34%,mid,+24.81%,high,,missing,,missing,,missing,missing,601881_SH_中国银河.md
601882,SH,海天精工,+138.51%,mid,-50.0%,high,,missing,海外市场高增长,high,[经营性现金流改善],mid,missing,601882_SH_海天精工.md
601886,SH,江河集团,,missing,,missing,,missing,海外订单爆发式增长,high,[海外订单爆发式增长],mid,missing,601886_SH_江河集团.md
601888,SH,中国中免,-21.69%,mid,-21.69%,mid,,missing,,missing,海南离岛免税新政与封关运作,mid,missing,601888_SH_中国中免.md
601898,SH,中煤能源,-21.8%,high,-7.3%,high,,missing,煤炭价格下行,high,核心风险：煤价中枢下移与资本开支高峰的双重挤压,high,missing,601898_SH_中煤能源.md
601899,SH,紫金矿业,,missing,,missing,,missing,金铜价格飙升,high,[矿产金产量同比+23%],mid,missing,601899_SH_紫金矿业.md
601900,SH,南方传媒,+25.21%,mid,+28.79%,high,,missing,教材教辅出版毛利率提升,high,[教材教辅出版毛利率提升],mid,missing,601900_SH_南方传媒.md
601901,SH,方正证券,+38.19%,mid,+79.85%,high,,missing,市场交易活跃度大幅提升,high,[市场交易活跃度大幅提升],mid,missing,601901_SH_方正证券.md
601916,SH,浙商银行,-155.37%,high,,missing,,missing,净息差持续收窄,high,[个人贷款不良率飙升],mid,missing,601916_SH_浙商银行.md
601918,SH,新集能源,+1.39%,mid,-6.99%,mid,,missing,煤炭价格中枢下移,high,[煤炭价格中枢下移],mid,missing,601918_SH_新集能源.md
601919,SH,中远海控,+9.64%,mid,-37.13%,high,,missing,市场运价大幅回落,high,[市场运价大幅回落],mid,missing,601919_SH_中远海控.md
601928,SH,凤凰传媒,+13.23%,high,-24.03%,mid,,missing,教材教辅发行收入下降,high,[教材教辅发行收入下降],mid,missing,601928_SH_凤凰传媒.md
601933,SH,永辉超市,,missing,,missing,,missing,激进调改与闭店,high,[门店调改效果初显],mid,missing,601933_SH_永辉超市.md
601939,SH,建设银行,+10.45%,high,,missing,,missing,LPR下行与市场利率低位运行,high,[LPR下行与市场利率低位运行],mid,missing,601939_SH_建设银行.md
601949,SH,中国出版,-12.83%,high,-14.47%,mid,,missing,内容电商崛起挤压传统渠道,high,[内容电商崛起挤压传统渠道],mid,missing,601949_SH_中国出版.md
601956,SH,东贝集团,+26.48%,high,+879.0%,high,,missing,原材料成本压力与产品降价,high,[原材料成本压力与产品降价],high,missing,601956_SH_东贝集团.md
601958,SH,金钼股份,,missing,,missing,,missing,钼价高位震荡,high,[资源禀赋与全产业链],mid,missing,601958_SH_金钼股份.md
601963,SH,重庆银行,+30.95%,mid,,missing,,missing,资产规模突破万亿,high,[资产规模突破万亿],mid,missing,601963_SH_重庆银行.md
601965,SH,中国汽研,+38.59%,mid,,missing,+144.91%,high,电动化与智能化技术迭代,high,[电动化与智能化技术迭代],mid,missing,601965_SH_中国汽研.md
601968,SH,宝钢包装,+18.25%,mid,+8.89%,high,,missing,海外产能扩张,high,[差异化大罐型研发],mid,missing,601968_SH_宝钢包装.md
601969,SH,海南矿业,+32.92%,mid,+68.67%,high,,missing,,missing,油气产量同比增长60.5%,mid,missing,601969_SH_海南矿业.md
601975,SH,招商南油,+8.02%,mid,-31.73%,high,,missing,成品油运价回落,high,[运力扩张与订单高企],mid,missing,601975_SH_招商南油.md
601988,SH,中国银行,+4.28%,high,,missing,,missing,低利率环境下的净息差收窄,high,[低利率环境下的净息差收窄],mid,missing,601988_SH_中国银行.md
601990,SH,南京证券,+62.7%,mid,,missing,,missing,市场交投活跃度大幅提升,high,[市场交投活跃度大幅提升],mid,missing,601990_SH_南京证券.md
601991,SH,大唐发电,,missing,-14.8%,mid,+44.84%,high,燃料成本大幅下降,high,[燃料成本大幅下降],mid,missing,601991_SH_大唐发电.md
601992,SH,金隅集团,,missing,盈,low,↑,low,房地产行业深度调整,high,[房地产行业深度调整],mid,missing,601992_SH_金隅集团.md
601995,SH,中金公司,+226.0%,mid,,missing,,missing,A股日均成交额同比+63%至1.73万亿,high,[A股日均成交额同比+63%至1.73万亿元],mid,missing,601995_SH_中金公司.md
601996,SH,丰林集团,,missing,,missing,,missing,行业供需失衡,high,[“以销定产”策略],mid,missing,601996_SH_丰林集团.md
601997,SH,贵阳银行,+1.59%,mid,亏,low,,missing,LPR下行与让利实体,high,[LPR下行与让利实体],mid,missing,601997_SH_贵阳银行.md
601998,SH,中信银行,+5.58%,mid,+1.63%,high,,missing,“量价平衡”管理策略,high,[“量价平衡”管理策略],mid,missing,601998_SH_中信银行.md
603002,SH,宏昌电子,+43.46%,high,-30.1%,high,,missing,珠海二期项目投产，销量大增,high,[珠海二期项目投产，销量大增],mid,missing,603002_SH_宏昌电子.md
603004,SH,鼎龙科技,-0.3%,mid,-14.38%,high,,missing,染发剂原料业务基本盘稳固,high,[染发剂原料业务基本盘稳固],mid,missing,603004_SH_鼎龙科技.md
603005,SH,晶方科技,+30.44%,high,,missing,,missing,车规CIS需求爆发,high,[车规CIS需求爆发],mid,missing,603005_SH_晶方科技.md
603006,SH,联明股份,+10.32%,high,+46.56%,high,↑,low,减资退出亏损子公司骏和实业,high,[减资退出亏损子公司骏和实业],high,low,603006_SH_联明股份.md
603007,SH,花王股份,,missing,,missing,,missing,收购尼威动力控股权,high,[收购尼威动力控股权],mid,missing,603007_SH_花王股份.md
603008,SH,ST喜临门,-25.0%,mid,-25.11%,high,,missing,线上渠道高增长,high,[控股股东资金占用与违规担保],mid,missing,603008_SH_ST喜临门.md
603009,SH,北特科技,+36.0%,mid,+67.0%,high,,missing,空调压缩机业务爆发,high,[空调压缩机业务爆发],mid,missing,603009_SH_北特科技.md
603010,SH,万盛股份,+14.0%,high,,missing,,missing,行业产能过剩与价格战,high,[行业产能过剩与价格战],mid,missing,603010_SH_万盛股份.md
603011,SH,合锻智能,,missing,-179.43%,mid,+55.45%,high,汽车行业客户降价压力,high,[汽车行业客户降价压力],high,missing,603011_SH_合锻智能.md
603012,SH,创力集团,+149.39%,mid,,missing,,missing,下游煤炭行业景气度下行,high,[下游煤炭行业景气度下行],mid,missing,603012_SH_创力集团.md
603013,SH,亚普股份,+27.95%,high,,missing,,missing,混动汽车高压燃油系统需求爆发,high,[混动汽车高压燃油系统需求爆发],mid,missing,603013_SH_亚普股份.md
603014,SH,威高血净,+62.23%,mid,,missing,+38.69%,high,集采政策全面落地,high,[集采政策全面落地],mid,missing,603014_SH_威高血净.md
603017,SH,中衡设计,-11.79%,high,,missing,+29.14%,high,行业下行与地产投资萎缩,high,[行业下行与地产投资萎缩],mid,missing,603017_SH_中衡设计.md
603018,SH,华设集团,+9.3%,high,-28.0%,high,,missing,传统基建投资放缓,high,[传统基建投资放缓],mid,missing,603018_SH_华设集团.md
603019,SH,中科曙光,+13.81%,high,+33.97%,high,,missing,AI算力需求爆发,high,[AI算力需求爆发],mid,missing,603019_SH_中科曙光.md
603020,SH,爱普股份,+11.6%,mid,-67.08%,high,,missing,处置子公司,high,[香精业务逆势增长],mid,missing,603020_SH_爱普股份.md
603025,SH,大豪科技,+15.95%,mid,,missing,,missing,海外出口强劲,high,[网络安全业务拓展],mid,missing,603025_SH_大豪科技.md
603026,SH,石大胜华,+22.75%,high,+150.0%,high,,missing,电解液销量翻倍，跻身行业前五,high,[电解液销量翻倍，跻身行业前五],mid,missing,603026_SH_石大胜华.md
603028,SH,赛福天,+412.72%,mid,,missing,,missing,,missing,国家发行超长期特别国债支持老旧电梯更新,mid,missing,603028_SH_赛福天.md
603029,SH,天鹅股份,+39.81%,high,-21.34%,high,,missing,海外市场突破,high,[国内存量更新需求],mid,missing,603029_SH_天鹅股份.md
603031,SH,安孚科技,+2.94%,high,+34.38%,high,,missing,核心资产南孚电池的权益比例提升,high,[核心资产南孚电池的权益比例提升],mid,missing,603031_SH_安孚科技.md
603032,SH,德新科技,,missing,盈,low,-37.7%,high,精密自动化业务（安徽汉普斯）高速增长,high,[精密自动化业务（安徽汉普斯）高速增长],mid,missing,603032_SH_德新科技.md
603035,SH,常熟汽饰,+25.46%,high,-18.63%,high,,missing,新能源业务占比突破50%,high,[新能源业务占比突破50%],mid,missing,603035_SH_常熟汽饰.md
603036,SH,如通股份,+13.73%,high,,missing,↑,low,油价高位震荡,high,[自动化/智能化产品推广],mid,missing,603036_SH_如通股份.md
603037,SH,凯众股份,+10.03%,high,-18.6%,mid,,missing,新项目量产与市场开拓,high,[新项目量产与市场开拓],mid,missing,603037_SH_凯众股份.md
603039,SH,泛微网络,+66.6%,high,-32.95%,mid,,missing,降本增效与费用管控,high,[降本增效与费用管控],mid,missing,603039_SH_泛微网络.md
603043,SH,广州酒家,+5.04%,high,,missing,-16.37%,high,,missing,“餐饮+食品”双轮驱动,mid,missing,603043_SH_广州酒家.md
603045,SH,福达合金,+30.85%,high,+136.8%,high,,missing,白银价格上涨,high,[布局新能源高压连接系统],mid,missing,603045_SH_福达合金.md
603048,SH,浙江黎明,+12.75%,high,+12.75%,high,,missing,营收创新高但利润骤降,high,[营收创新高但利润骤降],mid,missing,603048_SH_浙江黎明.md
603049,SH,中策橡胶,+14.52%,high,,missing,,missing,全品类产品布局与均衡市场,high,[全品类产品布局与均衡市场],mid,missing,603049_SH_中策橡胶.md
603050,SH,科林电气,+67.36%,mid,,missing,↑,low,海信集团管理赋能,high,[海信集团管理赋能],mid,missing,603050_SH_科林电气.md
603053,SH,成都燃气,+50.59%,mid,-53.7%,mid,,missing,销气量下降5.67%,high,[销气量下降5.67%],mid,missing,603053_SH_成都燃气.md
603057,SH,紫燕食品,+68.48%,mid,-31.84%,high,,missing,核心大单品夫妻肺片销量下滑,high,[核心大单品夫妻肺片销量下滑],high,missing,603057_SH_紫燕食品.md
603058,SH,永吉股份,-23.73%,high,+146.76%,high,,missing,,missing,[传统包装业务受下游降本挤压],mid,missing,603058_SH_永吉股份.md
603059,SH,倍加洁,+18.2%,high,盈,low,+53.5%,high,牙膏品类突破,high,[ODM大客户战略],mid,low,603059_SH_倍加洁.md
603060,SH,国检集团,+166.0%,mid,-41.0%,high,,missing,传统业务需求收缩与价格下行,high,[传统业务需求收缩与价格下行],mid,missing,603060_SH_国检集团.md
603061,SH,金海通,+52.36%,mid,+124.93%,high,,missing,半导体行业景气度回升与AI/先进封装需求,high,[半导体行业景气度回升与AI/先进封装需求爆发],mid,missing,603061_SH_金海通.md
603063,SH,禾望电气,+11.64%,high,,missing,↑,low,风电变流器技术领先,high,[风电变流器技术领先],mid,missing,603063_SH_禾望电气.md
603066,SH,音飞储存,-13.0%,high,+75.0%,high,,missing,商誉减值,high,[项目验收周期拉长],mid,missing,603066_SH_音飞储存.md
603069,SH,海汽集团,+27.0%,mid,,missing,,missing,高铁与私家车冲击传统客运,high,[高铁与私家车冲击传统客运],mid,missing,603069_SH_海汽集团.md
603070,SH,万控智造,+13.49%,high,,missing,,missing,下游需求结构性收缩,high,[下游需求结构性收缩],mid,missing,603070_SH_万控智造.md
603071,SH,物产环能,+200.1%,high,-100.0%,mid,↑,low,煤炭价格下行,high,[能源实业对冲贸易波动],mid,low,603071_SH_物产环能.md
603075,SH,热威股份,+10.49%,high,+9.82%,high,,missing,清洁电器品类规模化放量,high,[清洁电器品类规模化放量],mid,missing,603075_SH_热威股份.md
603077,SH,和邦生物,,missing,亏,low,,missing,联碱产品价格低迷,high,[联碱产品价格低迷],mid,missing,603077_SH_和邦生物.md
603078,SH,江化微,+12.25%,high,,missing,+71.29%,high,半导体业务高增长,high,[半导体业务高增长],mid,missing,603078_SH_江化微.md
603080,SH,新疆火炬,+10.25%,high,,missing,,missing,天然气销售量价齐升,high,[天然气销售量价齐升],mid,missing,603080_SH_新疆火炬.md
603081,SH,大丰实业,+29.33%,high,+35.89%,high,↑,low,项目回款改善,high,[财务费用大幅减少],mid,low,603081_SH_大丰实业.md
603082,SH,北自科技,+43.05%,mid,,missing,,missing,下游化纤玻纤行业资本开支,high,[下游化纤玻纤行业资本开支],mid,missing,603082_SH_北自科技.md
603083,SH,剑桥科技,,missing,,missing,↓,low,AI算力需求爆发,high,[AI算力需求爆发],mid,missing,603083_SH_剑桥科技.md
603086,SH,先达股份,,missing,盈,low,,missing,烯草酮价格回升,high,[“一证一品”政策落地],mid,missing,603086_SH_先达股份.md
603087,SH,甘李药业,+39.56%,mid,+86.05%,high,,missing,胰岛素接续集采中标，首年协议量增长32.,high,[胰岛素接续集采中标，首年协议量增长32.6%],mid,missing,603087_SH_甘李药业.md
603089,SH,正裕工业,+20.7%,high,+47.53%,high,,missing,产能释放与规模效应,high,[产能释放与规模效应],mid,missing,603089_SH_正裕工业.md
603090,SH,宏盛股份,+7.78%,mid,,missing,,missing,热管理核心业务增长,high,[热管理核心业务增长],mid,missing,603090_SH_宏盛股份.md
603092,SH,德力佳,+45.89%,high,,missing,,missing,风电行业高景气,high,[IPO募集资金到账],mid,missing,603092_SH_德力佳.md
603093,SH,南华期货,+15.79%,mid,,missing,,missing,境外清算会员资质全球化布局,high,[境外清算会员资质全球化布局],mid,missing,603093_SH_南华期货.md
603095,SH,越剑智能,+13.32%,mid,-13.32%,mid,,missing,下游需求疲软,high,[非经常性损益贡献],mid,missing,603095_SH_越剑智能.md
603096,SH,新经典,,missing,-42.57%,high,,missing,内容电商渠道变革,high,[内容电商渠道变革],mid,missing,603096_SH_新经典.md
603097,SH,江苏华辰,+42.73%,high,-23.16%,mid,,missing,新能源箱变放量,high,[行业竞争加剧与铜价上涨],mid,missing,603097_SH_江苏华辰.md
603098,SH,森特股份,+31.92%,high,+64.87%,high,,missing,光伏组件等原材料价格下行,high,[光伏组件等原材料价格下行],mid,missing,603098_SH_森特股份.md
603099,SH,长白山,+5.98%,mid,-10.33%,high,,missing,独家景区客运经营权,high,[独家景区客运经营权],mid,missing,603099_SH_长白山.md
603101,SH,汇嘉时代,+5.45%,high,,missing,+9.68%,high,,missing,消费市场量增价跌、需求分化，竞争加剧,mid,missing,603101_SH_汇嘉时代.md
603102,SH,百合股份,+13.67%,high,-7.81%,high,,missing,功能饮品/软糖等新剂型爆发,high,[功能饮品/软糖等新剂型爆发],mid,missing,603102_SH_百合股份.md
603103,SH,横店影视,+16.55%,mid,盈,low,,missing,市场回暖与头部影片驱动,high,[市场回暖与头部影片驱动],mid,missing,603103_SH_横店影视.md
603105,SH,芯能科技,+14.44%,mid,,missing,,missing,自持电站规模持续扩张,high,[自持电站规模持续扩张],mid,missing,603105_SH_芯能科技.md
603107,SH,上海汽配,+4.16%,mid,+8.06%,high,,missing,,missing,,missing,missing,603107_SH_上海汽配.md
603111,SH,康尼机电,+5.54%,high,-6.15%,high,,missing,轨交维保与安全门业务增长,high,[轨交维保与安全门业务增长],mid,missing,603111_SH_康尼机电.md
603112,SH,华翔股份,+98.91%,high,,missing,+46.27%,high,汽车零部件合资项目落地,high,[汽车零部件合资项目落地],mid,missing,603112_SH_华翔股份.md
603113,SH,金能科技,+152.86%,mid,,missing,+152.86%,high,循环经济模式,high,核心风险在于主业盈利能力堪忧，利润依赖非经常性损益,high,missing,603113_SH_金能科技.md
603119,SH,浙江荣泰,+19.77%,mid,,missing,,missing,新能源车热失控防护需求增长,high,[新能源车热失控防护需求增长],mid,missing,603119_SH_浙江荣泰.md
603121,SH,华培动力,+28.59%,mid,亏,low,,missing,商誉减值,high,[终端客户量产计划延期],mid,missing,603121_SH_华培动力.md
603122,SH,合富中国,,missing,亏,low,,missing,体外诊断行业集中带量采购政策全面深化,high,[体外诊断行业集中带量采购政策全面深化],mid,missing,603122_SH_合富中国.md
603123,SH,翠微股份,+4.08%,high,,missing,,missing,第三方支付业务量增长,high,[第三方支付业务量增长],mid,missing,603123_SH_翠微股份.md
603125,SH,常青科技,-4.05%,high,-22.57%,high,↓,low,化工行业周期下行,high,[化工行业周期下行],mid,low,603125_SH_常青科技.md
603126,SH,中材节能,,missing,+60.0%,high,↑,low,清洁能源业务爆发式增长,high,[清洁能源业务爆发式增长],mid,missing,603126_SH_中材节能.md
603127,SH,昭衍新药,,missing,+302.0%,high,,missing,生物资产公允价值大幅回升,high,[生物资产公允价值大幅回升],mid,missing,603127_SH_昭衍新药.md
603129,SH,春风动力,+31.3%,high,,missing,,missing,全地形车出口龙头地位,high,[全地形车出口龙头地位],mid,missing,603129_SH_春风动力.md
603131,SH,上海沪工,,missing,-14.26%,mid,,missing,,missing,,missing,missing,603131_SH_上海沪工.md
603132,SH,XD金徽股,+12.0%,high,,missing,,missing,银价大幅上涨,high,[江洛矿区资源整合完成],mid,missing,603132_SH_XD金徽股.md
603136,SH,天目湖,-5.25%,high,-8.92%,high,,missing,消费理性化与客单价承压,high,[消费理性化与客单价承压],mid,missing,603136_SH_天目湖.md
603137,SH,恒尚节能,-31.25%,high,亏,low,,missing,下游需求萎缩,high,[客户结算周期延长],mid,missing,603137_SH_恒尚节能.md
603139,SH,康惠股份,-16.09%,high,,missing,,missing,控股子公司陕西友帮停产及预重整,high,[控股子公司陕西友帮停产及预重整],mid,missing,603139_SH_康惠股份.md
603150,SH,万朗磁塑,+21.87%,high,-19.92%,high,↑,low,小家电业务跨越式增长,high,[小家电业务跨越式增长],mid,low,603150_SH_万朗磁塑.md
603151,SH,邦基科技,,missing,,missing,,missing,聚焦规模化养殖场直销,high,[聚焦规模化养殖场直销],mid,missing,603151_SH_邦基科技.md
603153,SH,上海建科,+1.48%,high,,missing,,missing,联合重组上咨集团,high,[联合重组上咨集团],mid,missing,603153_SH_上海建科.md
603156,SH,养元饮品,+33.76%,mid,-26.84%,high,,missing,春节时点后置,high,[核心产品核桃乳销量下滑],high,missing,603156_SH_养元饮品.md
603158,SH,腾龙股份,+19.78%,mid,-72.79%,high,+93.29%,high,,missing,,missing,missing,603158_SH_腾龙股份.md
603159,SH,上海亚虹,+26.74%,high,亏,low,+37.81%,high,行业竞争加剧与价格战,high,[行业竞争加剧与价格战],mid,low,603159_SH_上海亚虹.md
603160,SH,汇顶科技,+8.24%,high,,missing,,missing,超声波指纹传感器规模化商用,high,[超声波指纹传感器规模化商用],mid,missing,603160_SH_汇顶科技.md
603162,SH,海通发展,+21.43%,high,+211.0%,high,,missing,运力规模扩张,high,[BDI指数下半年走强],mid,missing,603162_SH_海通发展.md
603163,SH,圣晖集成,,missing,,missing,,missing,AI算力与半导体资本开支扩张,high,[AI算力与半导体资本开支扩张],mid,missing,603163_SH_圣晖集成.md
603165,SH,荣晟环保,,missing,-21.86%,high,-11.32%,high,废纸采购成本上升，原纸售价提振有限,high,[废纸采购成本上升，原纸售价提振有限],mid,missing,603165_SH_荣晟环保.md
603166,SH,福达股份,+20.66%,high,+70.87%,high,,missing,新能源混动曲轴需求爆发,high,[新能源混动曲轴需求爆发],mid,missing,603166_SH_福达股份.md
603168,SH,莎普爱思,+6.2%,mid,亏,low,+75.01%,high,诊疗服务收入下滑,high,[诊疗服务收入下滑],high,low,603168_SH_莎普爱思.md
603169,SH,兰石重装,+12.0%,high,亏,low,,missing,传统能源装备毛利率下滑,high,[传统能源装备毛利率下滑],high,missing,603169_SH_兰石重装.md
603170,SH,宝立食品,+10.66%,high,+17.88%,high,,missing,研发驱动与产品创新,high,[研发驱动与产品创新],mid,missing,603170_SH_宝立食品.md
603171,SH,税友股份,+12.0%,mid,+7.96%,high,,missing,AI产品商业化落地,high,[AI产品商业化落地],mid,missing,603171_SH_税友股份.md
603175,SH,超颖电子,+15.25%,high,-16.24%,high,,missing,AI算力需求爆发,high,[AI算力需求爆发],mid,missing,603175_SH_超颖电子.md
603179,SH,新泉股份,+17.04%,high,-16.54%,high,,missing,客户订单持续放量,high,[客户订单持续放量],mid,missing,603179_SH_新泉股份.md
603181,SH,皇马科技,,missing,,missing,+378.74%,high,小品种战略与产品结构优化,high,[小品种战略与产品结构优化],mid,missing,603181_SH_皇马科技.md
603183,SH,建研院,+12.16%,mid,-87.88%,high,,missing,宏观经济下行与固定资产投资放缓,high,[宏观经济下行与固定资产投资放缓],mid,missing,603183_SH_建研院.md
603186,SH,华正新材,+13.05%,high,盈,low,+109.65%,high,AI算力驱动高端覆铜板需求,high,[AI算力驱动高端覆铜板需求],mid,low,603186_SH_华正新材.md
603193,SH,润本股份,+17.19%,high,+4.78%,high,,missing,线上直销+非平台经销双轮驱动,high,[线上直销+非平台经销双轮驱动],mid,missing,603193_SH_润本股份.md
603194,SH,中力股份,-5.71%,mid,-5.71%,mid,,missing,电动化替代内燃叉车,high,[电动化替代内燃叉车],mid,missing,603194_SH_中力股份.md
603196,SH,璞源材料,-5.81%,mid,-21.33%,mid,,missing,完成重大资产重组，收购茵地乐71%股权,high,[完成重大资产重组，收购茵地乐71%股权],mid,missing,603196_SH_璞源材料.md
603199,SH,九华旅游,+14.93%,high,,missing,+1738.75%,high,国内旅游市场繁荣复苏,high,[国内旅游市场繁荣复苏],mid,missing,603199_SH_九华旅游.md
603201,SH,常润股份,+73.76%,mid,-12.05%,high,,missing,泰国生产基地投产上量,high,[泰国生产基地投产上量],mid,missing,603201_SH_常润股份.md
603202,SH,天有为,-10.46%,high,-18.88%,high,,missing,海外出口收入下滑,high,[海外出口收入下滑],high,missing,603202_SH_天有为.md
603205,SH,健尔康,,missing,,missing,,missing,OEM出口依赖,high,[人口老龄化与慢性病],mid,missing,603205_SH_健尔康.md
603208,SH,江山欧派,+62.47%,mid,亏,low,↓,low,行业需求萎缩与竞争加剧,high,[行业需求萎缩与竞争加剧],mid,low,603208_SH_江山欧派.md
603209,SH,兴通股份,+7.51%,high,-22.95%,high,,missing,外贸船队规模扩张,high,[外贸船队规模扩张],mid,missing,603209_SH_兴通股份.md
603210,SH,泰鸿万立,+35.81%,high,,missing,+84.35%,high,下游新能源汽车渗透率提升,high,[下游新能源汽车渗透率提升],mid,missing,603210_SH_泰鸿万立.md
603211,SH,晋拓股份,+9.17%,high,+37.46%,high,↑,low,新能源汽车及智能驾驶零部件业务增长,high,[新能源汽车及智能驾驶零部件业务增长],mid,low,603211_SH_晋拓股份.md
603213,SH,镇洋发展,-9.45%,high,-60.43%,mid,↑,low,行业供需失衡，产品价格承压,high,[行业供需失衡，产品价格承压],mid,low,603213_SH_镇洋发展.md
603214,SH,爱婴室,+23.45%,high,+9.09%,high,,missing,线下门店加速扩张,high,[线下门店加速扩张],mid,missing,603214_SH_爱婴室.md
603217,SH,元利科技,-17.64%,high,-6.76%,high,,missing,,missing,光稳定剂新项目投产但处于产能爬坡期,mid,missing,603217_SH_元利科技.md
603219,SH,富佳股份,+79.17%,high,-40.93%,high,,missing,客户高度集中,high,[公允价值变动损失],mid,missing,603219_SH_富佳股份.md
603220,SH,中贝通信,+130.0%,mid,-43.8%,high,↑,low,运营商资本开支收缩,high,[运营商资本开支收缩],mid,low,603220_SH_中贝通信.md
603223,SH,恒通股份,,missing,+71.67%,high,+74.18%,high,LNG业务战略收缩，转向轻资产运营,high,[LNG业务战略收缩，转向轻资产运营],mid,missing,603223_SH_恒通股份.md
603225,SH,新凤鸣,+14.96%,high,,missing,-30.53%,high,PTA产能大幅扩张,high,[PTA产能大幅扩张],mid,missing,603225_SH_新凤鸣.md
603226,SH,菲林格尔,+16.65%,high,,missing,,missing,房地产行业持续低迷,high,[房地产行业持续低迷],mid,missing,603226_SH_菲林格尔.md
603227,SH,雪峰科技,,missing,,missing,,missing,,missing,,missing,missing,603227_SH_雪峰科技.md
603228,SH,景旺电子,+20.92%,high,-3.15%,mid,,missing,AI算力基础设施需求爆发,high,[AI算力基础设施需求爆发],mid,missing,603228_SH_景旺电子.md
603230,SH,内蒙新华,+67.95%,mid,+67.95%,high,+67.95%,high,,missing,,missing,missing,603230_SH_内蒙新华.md
603231,SH,索宝蛋白,+21.36%,mid,,missing,+110.65%,high,原材料成本下降,high,[吉林民德项目投产],mid,missing,603231_SH_索宝蛋白.md
603233,SH,大参林,+3.8%,mid,+35.04%,high,,missing,战略转型：从全国扩张到省内加密,high,[战略转型：从全国扩张到省内加密],mid,missing,603233_SH_大参林.md
603235,SH,天新药业,+6.18%,high,-9.16%,mid,,missing,维生素B1等产品价格上涨,high,[维生素B1等产品价格上涨],mid,missing,603235_SH_天新药业.md
603236,SH,移远通信,+30.83%,high,+42.3%,high,↓,low,物联网市场需求持续释放,high,[物联网市场需求持续释放],mid,low,603236_SH_移远通信.md
603237,SH,五芳斋,+14.46%,mid,-20.61%,high,,missing,粽类产品结构升级与高端化,high,[粽类产品结构升级与高端化],mid,missing,603237_SH_五芳斋.md
603238,SH,诺邦股份,+28.5%,high,,missing,,missing,子公司杭州国光营收高增,high,[子公司杭州国光营收高增],mid,missing,603238_SH_诺邦股份.md
603239,SH,浙江仙通,+24.31%,high,,missing,,missing,下游客户销量增长,high,[下游客户销量增长],mid,missing,603239_SH_浙江仙通.md
603256,SH,宏和科技,+40.31%,high,+785.55%,high,,missing,AI算力与高频通信需求爆发,high,[AI算力与高频通信需求爆发],mid,missing,603256_SH_宏和科技.md
603258,SH,电魂网络,-30.0%,high,亏,low,,missing,核心老游戏《梦三国2》进入生命周期衰退期,high,[核心老游戏《梦三国2》进入生命周期衰退期],mid,missing,603258_SH_电魂网络.md
603259,SH,药明康德,+25.5%,mid,+102.65%,high,,missing,CRDMO一体化模式,high,[CRDMO一体化模式],mid,missing,603259_SH_药明康德.md
603260,SH,合盛硅业,-23.2%,high,亏,low,-11.0%,high,光伏业务巨亏,high,[行业供需失衡，产品价格承压],mid,low,603260_SH_合盛硅业.md
603261,SH,_ST立航,+24.0%,high,,missing,,missing,军品审价大幅调减,high,[军品审价大幅调减],mid,missing,603261_SH__ST立航.md
603266,SH,天龙股份,+3.9%,mid,+3.23%,high,,missing,汽车电子业务增长,high,[汽车电子业务增长],mid,missing,603266_SH_天龙股份.md
603267,SH,鸿远电子,,missing,+62.54%,high,,missing,“十四五”收官年，国防装备需求集中释放,high,[“十四五”收官年，国防装备需求集中释放],mid,missing,603267_SH_鸿远电子.md
603268,SH,松发股份,,missing,,missing,,missing,重大资产重组完成，置入恒力重工,high,[重大资产重组完成，置入恒力重工],mid,missing,603268_SH_松发股份.md
603271,SH,永杰新材,+51.8%,mid,+30.0%,high,,missing,,missing,新能源汽车与锂电池需求高速增长,mid,missing,603271_SH_永杰新材.md
603278,SH,大业股份,+2.97%,mid,,missing,↓,low,原材料成本下降,high,[绿色能源项目投资],mid,missing,603278_SH_大业股份.md
603281,SH,江瀚新材,-16.14%,high,-30.54%,high,,missing,功能性硅烷价格持续下跌,high,[功能性硅烷价格持续下跌],mid,missing,603281_SH_江瀚新材.md
603284,SH,林平发展,,missing,+21.22%,high,-159.06%,high,2024年台风灾害低基数,high,[2024年台风灾害低基数],mid,missing,603284_SH_林平发展.md
603286,SH,日盈电子,+7.29%,high,亏,low,+41.77%,high,行业竞争加剧与客户年降,high,[行业竞争加剧与客户年降],mid,low,603286_SH_日盈电子.md
603288,SH,海天味业,+7.85%,mid,,missing,,missing,科技立企与数字化转型,high,[科技立企与数字化转型],mid,missing,603288_SH_海天味业.md
603296,SH,华勤技术,+51.93%,high,,missing,+56.02%,high,AI算力需求爆发+客户资本开支大增,high,[AI算力需求爆发+客户资本开支大增],mid,missing,603296_SH_华勤技术.md
603297,SH,永新光学,+8.25%,high,,missing,,missing,业务结构升级,high,核心风险在于技术迭代与市场需求的不确定性,high,missing,603297_SH_永新光学.md
603298,SH,杭叉集团,,missing,,missing,,missing,电动化转型加速,high,[“未来工厂”升级],mid,missing,603298_SH_杭叉集团.md
603299,SH,苏盐井神,-15.68%,high,-32.11%,high,,missing,纯碱行业供过于求，价格跌至近五年低位,high,[纯碱行业供过于求，价格跌至近五年低位],mid,missing,603299_SH_苏盐井神.md
603300,SH,海南华铁,+15.74%,high,-12.83%,high,,missing,行业租金下行,high,[建筑支护板块拖累],mid,missing,603300_SH_海南华铁.md
603303,SH,得邦照明,+12.69%,mid,,missing,,missing,通用照明行业需求疲软、竞争加剧,high,[通用照明行业需求疲软、竞争加剧],mid,missing,603303_SH_得邦照明.md
603305,SH,旭升集团,+12.28%,high,-12.28%,high,,missing,储能业务爆发,high,[可转债赎回与转股],mid,missing,603305_SH_旭升集团.md
603306,SH,华懋科技,↑,low,-21.51%,high,-36.53%,high,汽车行业景气度提升,high,[汽车行业景气度提升],mid,low,603306_SH_华懋科技.md
603308,SH,应流股份,+36.75%,mid,,missing,↑,low,全球燃气轮机供应链瓶颈,high,[全球燃气轮机供应链瓶颈],mid,missing,603308_SH_应流股份.md
603309,SH,维力医疗,+15.32%,mid,-65.21%,high,,missing,泌尿外科创新产品（负压清石鞘）海外高速放,high,[泌尿外科创新产品（负压清石鞘）海外高速放量],mid,missing,603309_SH_维力医疗.md
603310,SH,巍华新材,-17.62%,high,-58.18%,high,↓,low,行业周期下行与竞争加剧,high,[行业周期下行与竞争加剧],mid,low,603310_SH_巍华新材.md
603312,SH,西典新能,+38.73%,mid,,missing,,missing,下游新能源需求爆发,high,[下游新能源需求爆发],mid,missing,603312_SH_西典新能.md
603316,SH,诚邦股份,-18.47%,mid,-18.47%,mid,↑,low,半导体存储业务爆发式增长,high,[半导体存储业务爆发式增长],mid,low,603316_SH_诚邦股份.md
603317,SH,天味食品,+56.91%,high,-8.79%,high,,missing,消费需求疲弱与存量竞争,high,[消费需求疲弱与存量竞争],mid,missing,603317_SH_天味食品.md
603319,SH,美湖股份,+13.54%,high,-35.82%,mid,,missing,行业竞争加剧与产品降价,high,[行业竞争加剧与产品降价],mid,missing,603319_SH_美湖股份.md
603320,SH,迪贝电气,+6.95%,high,+20.88%,high,,missing,可转债全部转股并赎回,high,[可转债全部转股并赎回],mid,missing,603320_SH_迪贝电气.md
603321,SH,梅轮电梯,-59.5%,mid,-76.01%,high,↓,low,房地产新开工面积持续下滑,high,[房地产新开工面积持续下滑],high,low,603321_SH_梅轮电梯.md
603324,SH,盛剑科技,-22.42%,high,亏,low,,missing,下游市场波动与行业竞争加剧,high,[下游市场波动与行业竞争加剧],mid,missing,603324_SH_盛剑科技.md
603326,SH,我乐家居,+11.99%,mid,+43.56%,high,,missing,原创设计驱动产品溢价,high,[原创设计驱动产品溢价],mid,missing,603326_SH_我乐家居.md
603330,SH,天洋新材,+8.64%,high,,missing,,missing,光伏行业产能过剩、低价竞争,high,[光伏行业产能过剩、低价竞争],mid,missing,603330_SH_天洋新材.md
603332,SH,苏州龙杰,,missing,+32.67%,high,,missing,原油价格震荡走弱,high,[原油价格震荡走弱],mid,missing,603332_SH_苏州龙杰.md
603334,SH,丰倍生物,+240.0%,mid,,missing,,missing,SAF（可持续航空燃料）需求爆发,high,[SAF（可持续航空燃料）需求爆发],mid,missing,603334_SH_丰倍生物.md
603335,SH,迪生力,-5.79%,high,,missing,,missing,,missing,[非经常性损益驱动扭亏],mid,missing,603335_SH_迪生力.md
603336,SH,宏辉果蔬,+2.97%,high,-44.68%,high,↑,low,消费疲软与行业供给过剩,high,[消费疲软与行业供给过剩],mid,low,603336_SH_宏辉果蔬.md
603337,SH,杰克科技,+24.4%,mid,,missing,,missing,海外市场突破,high,[AI+人形机器人战略投入],mid,missing,603337_SH_杰克科技.md
603338,SH,浙江鼎力,+16.45%,mid,,missing,,missing,海外市场持续扩张,high,[海外市场持续扩张],mid,missing,603338_SH_浙江鼎力.md
603339,SH,四方科技,,missing,,missing,,missing,下游化工行业周期性低谷,high,[下游化工行业周期性低谷],mid,missing,603339_SH_四方科技.md
603341,SH,龙旗科技,,missing,,missing,,missing,,missing,存储芯片等原材料价格上涨,mid,missing,603341_SH_龙旗科技.md
603344,SH,星德胜,+35.98%,high,-10.01%,mid,,missing,产品结构升级,high,[下游应用领域集中],mid,missing,603344_SH_星德胜.md
603350,SH,安乃达,+31.14%,high,,missing,+101.33%,high,国内“以旧换新”政策与新国标实施,high,[国内“以旧换新”政策与新国标实施],mid,missing,603350_SH_安乃达.md
603353,SH,和顺石油,,missing,,missing,,missing,,missing,新能源车渗透率突破50%,mid,missing,603353_SH_和顺石油.md
603355,SH,莱克电气,,missing,-35.04%,high,,missing,美国加征关税,high,[转移期间成本飙升],mid,missing,603355_SH_莱克电气.md
603357,SH,设计总院,+14.37%,mid,-28.72%,high,,missing,全国交通固定资产投资连续两年下滑,high,[全国交通固定资产投资连续两年下滑],high,missing,603357_SH_设计总院.md
603363,SH,傲农生物,,missing,盈,low,,missing,破产重整完成，债务规模大幅下降,high,[破产重整完成，债务规模大幅下降],mid,missing,603363_SH_傲农生物.md
603365,SH,水星家纺,+7.99%,high,,missing,,missing,线上渠道扩张,high,[大单品战略与产品结构升级],mid,missing,603365_SH_水星家纺.md
603366,SH,日出东方,+175.6%,high,-32.28%,high,↑,low,境内主营业务收入大幅下滑,high,[境内主营业务收入大幅下滑],high,low,603366_SH_日出东方.md
603367,SH,辰欣药业,+39.24%,mid,-39.82%,high,,missing,集采降价与市场竞争加剧,high,[集采降价与市场竞争加剧],mid,missing,603367_SH_辰欣药业.md
603370,SH,华新精科,+18.12%,high,,missing,,missing,新能源汽车渗透率持续提升,high,[新能源汽车渗透率持续提升],mid,missing,603370_SH_华新精科.md
603375,SH,盛景微,+72.53%,mid,-55.81%,high,,missing,民爆行业价格战加剧,high,[民爆行业价格战加剧],mid,missing,603375_SH_盛景微.md
603377,SH,ST东时,-23.47%,mid,,missing,,missing,,missing,[预重整与债务违约],mid,missing,603377_SH_ST东时.md
603380,SH,易德龙,+41.14%,mid,,missing,,missing,AI算力基础设施资本支出扩张,high,[AI算力基础设施资本支出扩张],mid,missing,603380_SH_易德龙.md
603381,SH,永臻股份,+154.0%,mid,亏,low,+154.0%,high,光伏产业链价格持续下行,high,[光伏产业链价格持续下行],mid,low,603381_SH_永臻股份.md
603383,SH,顶点软件,+8.14%,mid,-8.14%,mid,,missing,客户IT投入谨慎,high,[客户IT投入谨慎],mid,missing,603383_SH_顶点软件.md
603385,SH,惠达卫浴,+28.32%,mid,亏,low,,missing,下游房地产深度调整,high,[下游房地产深度调整],mid,missing,603385_SH_惠达卫浴.md
603390,SH,通达电气,+105.31%,mid,,missing,+83.52%,high,下游商用车市场回暖，尤其是公交换车周期与,high,[下游商用车市场回暖，尤其是公交换车周期与出口增长],mid,missing,603390_SH_通达电气.md
603391,SH,力聚热能,+6.88%,high,+54.0%,high,,missing,水冷预混燃烧技术壁垒,high,[水冷预混燃烧技术壁垒],mid,missing,603391_SH_力聚热能.md
603392,SH,万泰生物,+90.85%,mid,亏,low,,missing,九价HPV疫苗上市但未放量,high,[九价HPV疫苗上市但未放量],mid,missing,603392_SH_万泰生物.md
603400,SH,华之杰,+13.97%,high,-18.99%,high,,missing,电动工具行业无绳化、锂电化趋势,high,[电动工具行业无绳化、锂电化趋势],mid,missing,603400_SH_华之杰.md
603402,SH,陕西旅游,-18.45%,mid,-24.91%,high,,missing,,missing,《长恨歌》演艺IP依赖,mid,missing,603402_SH_陕西旅游.md
603406,SH,天富龙,+28.72%,mid,,missing,,missing,产品结构优化与成本改善,high,[产品结构优化与成本改善],mid,missing,603406_SH_天富龙.md
603409,SH,汇通控股,+15.52%,high,-9.64%,high,,missing,深度绑定奇瑞汽车,high,[深度绑定奇瑞汽车],mid,missing,603409_SH_汇通控股.md
603416,SH,信捷电气,+17.87%,high,,missing,-27.34%,high,驱动系统（伺服）高速增长,high,[驱动系统（伺服）高速增长],mid,missing,603416_SH_信捷电气.md
603421,SH,鼎信通讯,-43.61%,mid,,missing,-80.71%,high,国网/南网市场禁入,high,[国网/南网市场禁入],mid,missing,603421_SH_鼎信通讯.md
603429,SH,_ST集友,,missing,,missing,,missing,核心客户流失与业务萎缩,high,[核心客户流失与业务萎缩],mid,missing,603429_SH__ST集友.md
603444,SH,吉比特,-6.55%,mid,,missing,,missing,新品爆发,high,[自研产品占比提升],mid,missing,603444_SH_吉比特.md
603456,SH,九洲药业,+54.5%,mid,,missing,↑,low,大客户深度绑定,high,[CDMO项目漏斗结构优化],mid,missing,603456_SH_九洲药业.md
603458,SH,勘设股份,+9.77%,mid,,missing,,missing,宏观基建投资收缩,high,[宏观基建投资收缩],mid,missing,603458_SH_勘设股份.md
603466,SH,风语筑,+20.72%,high,,missing,↑,low,文化及品牌数字化体验空间业务爆发,high,[文化及品牌数字化体验空间业务爆发],mid,missing,603466_SH_风语筑.md
603477,SH,巨星农牧,+31.62%,high,-94.0%,high,,missing,,missing,生猪出栏量大幅增长66.26%,mid,missing,603477_SH_巨星农牧.md
603486,SH,科沃斯,+30.4%,mid,,missing,,missing,活水洗地机器人技术引领,high,[活水洗地机器人技术引领],mid,missing,603486_SH_科沃斯.md
603499,SH,翔港科技,+22.88%,mid,,missing,,missing,烟包业务中标放量,high,[烟包业务中标放量],mid,missing,603499_SH_翔港科技.md
603500,SH,祥和实业,+25.01%,high,+78.31%,high,,missing,轨道交通业务爆发,high,[轨道交通业务爆发],mid,missing,603500_SH_祥和实业.md
603501,SH,豪威集团,,missing,,missing,,missing,汽车智能化渗透加速,high,[汽车智能化渗透加速],mid,missing,603501_SH_豪威集团.md
603505,SH,金石资源,,missing,,missing,,missing,包头“选化一体”项目产能释放,high,[包头“选化一体”项目产能释放],mid,missing,603505_SH_金石资源.md
603506,SH,南都物业,,missing,+353.0%,high,,missing,安邦护卫股价上涨,high,[安邦护卫股价上涨],mid,missing,603506_SH_南都物业.md
603507,SH,振江股份,,missing,-37.48%,high,↓,low,产能扩张与爬坡,high,[美国工厂投产初期],mid,missing,603507_SH_振江股份.md
603508,SH,思维列控,,missing,,missing,+14.82%,high,铁路安全防护产品（LSP、CMD）爆发,high,[铁路安全防护产品（LSP、CMD）爆发],mid,missing,603508_SH_思维列控.md
603511,SH,爱慕股份,+3.02%,high,-20.0%,mid,,missing,消费结构K型分化,high,[消费结构K型分化],mid,missing,603511_SH_爱慕股份.md
603515,SH,欧普照明,-1.78%,high,,missing,+4.41%,high,行业需求萎缩,high,核心风险在于营收持续萎缩与利润依赖非经常性损益的脆弱性,high,missing,603515_SH_欧普照明.md
603517,SH,ST绝味,,missing,-9.71%,mid,↓,low,,missing,消费市场呈现“K型分化”，消费者追求性价比,mid,missing,603517_SH_ST绝味.md
603518,SH,锦泓集团,+69.0%,mid,-26.0%,high,,missing,IP授权业务放量,high,[IP授权业务放量],mid,missing,603518_SH_锦泓集团.md
603527,SH,众源新材,+18.53%,high,-18.53%,mid,,missing,产能扩张与折旧激增,high,[产能扩张与折旧激增],mid,missing,603527_SH_众源新材.md
603529,SH,爱玛科技,+16.14%,high,,missing,,missing,新国标切换与产品结构优化,high,[新国标切换与产品结构优化],mid,missing,603529_SH_爱玛科技.md
603530,SH,神马电力,+27.94%,high,,missing,,missing,全球电网投资与新型电力系统建设,high,[全球电网投资与新型电力系统建设],mid,missing,603530_SH_神马电力.md
603533,SH,掌阅科技,+25.53%,high,-38.26%,mid,↓,low,短剧等衍生业务爆发式增长,high,[短剧等衍生业务爆发式增长],mid,low,603533_SH_掌阅科技.md
603538,SH,美诺华,+9.49%,high,+53.02%,high,,missing,制剂业务高速放量,high,[制剂业务高速放量],mid,missing,603538_SH_美诺华.md
603556,SH,海兴电力,+1670.81%,mid,,missing,+60.0%,high,国内电网招标价格与数量波动,high,[国内电网招标价格与数量波动],mid,missing,603556_SH_海兴电力.md
603558,SH,健盛集团,+0.59%,high,-1.4%,mid,,missing,全球化产能布局（越南+埃及）,high,[全球化产能布局（越南+埃及）],mid,missing,603558_SH_健盛集团.md
603565,SH,中谷物流,+15.02%,mid,+9.03%,high,,missing,,missing,国家环保政策（碳达峰、碳双控）,mid,missing,603565_SH_中谷物流.md
603569,SH,长久物流,,missing,-236.89%,mid,,missing,,missing,整车运输运价持续承压,mid,missing,603569_SH_长久物流.md
603577,SH,汇金通,+214.26%,mid,-33.39%,high,,missing,量价齐跌,high,[成本降幅不及售价],mid,missing,603577_SH_汇金通.md
603579,SH,荣泰健康,+30.0%,mid,-60.94%,high,,missing,,missing,[外销收入下滑]** ->,high,missing,603579_SH_荣泰健康.md
603585,SH,苏利股份,+20.28%,mid,盈,low,,missing,全球农化景气度回升，主要产品价格提升,high,[全球农化景气度回升，主要产品价格提升],mid,missing,603585_SH_苏利股份.md
603586,SH,金麒麟,+764.68%,high,,missing,+764.68%,high,模具周期管理改善,high,[模具周期管理改善],mid,missing,603586_SH_金麒麟.md
603587,SH,地素时尚,-3.72%,high,-14.2%,high,,missing,消费降级与需求疲软,high,[消费降级与需求疲软],mid,missing,603587_SH_地素时尚.md
603588,SH,高能环境,,missing,盈,low,,missing,金昌高能项目全面投产，铂族金属分离提纯能,high,[金昌高能项目全面投产，铂族金属分离提纯能力跻身行业领先],mid,missing,603588_SH_高能环境.md
603589,SH,口子窖,+34.51%,mid,-59.32%,high,↓,low,宏观经济下行与消费疲软,high,[宏观经济下行与消费疲软],mid,low,603589_SH_口子窖.md
603590,SH,康辰药业,+10.87%,high,+293.13%,high,,missing,核心产品苏灵销量增长19.96%,high,[核心产品苏灵销量增长19.96%],mid,missing,603590_SH_康辰药业.md
603595,SH,ST东尼,+78.74%,high,亏,low,-59.53%,high,新能源业务（FPC/CCS）规模化放量,high,[新能源业务（FPC/CCS）规模化放量],mid,low,603595_SH_ST东尼.md
603596,SH,伯特利,+20.91%,high,,missing,,missing,智能电控产品放量,high,[智能电控产品放量],mid,missing,603596_SH_伯特利.md
603600,SH,永艺股份,+11.81%,mid,,missing,,missing,人民币兑美元升值,high,[人民币兑美元升值],mid,missing,603600_SH_永艺股份.md
603601,SH,再升科技,-13.63%,high,,missing,+35.72%,high,,missing,[下游需求波动]** ->,mid,missing,603601_SH_再升科技.md
603605,SH,珀莱雅,-10.39%,high,,missing,+98.12%,high,,missing,核心品牌珀莱雅营收下滑10.39%,high,missing,603605_SH_珀莱雅.md
603606,SH,东方电缆,+70.83%,mid,+26.11%,high,,missing,海缆系统高附加值产品放量,high,[海缆系统高附加值产品放量],mid,missing,603606_SH_东方电缆.md
603608,SH,天创时尚,+4.54%,mid,-11.64%,mid,,missing,,missing,,missing,missing,603608_SH_天创时尚.md
603610,SH,麒盛科技,-41.23%,mid,-41.23%,mid,,missing,美国床垫巨头SGI（原泰普尔丝涟）收购M,high,[美国床垫巨头SGI（原泰普尔丝涟）收购Mattress F,mid,missing,603610_SH_麒盛科技.md
603611,SH,诺力股份,+2.81%,mid,-17.3%,high,,missing,海外地缘政治与贸易壁垒加剧,high,[海外地缘政治与贸易壁垒加剧],mid,missing,603611_SH_诺力股份.md
603612,SH,索通发展,+28.68%,high,+174.0%,high,,missing,预焙阳极价格与销量双升,high,[预焙阳极价格与销量双升],mid,missing,603612_SH_索通发展.md
603615,SH,茶花股份,+4.34%,mid,,missing,↓,low,收购达迈智能，新增电子元器件分销业务,high,[收购达迈智能，新增电子元器件分销业务],mid,missing,603615_SH_茶花股份.md
603616,SH,韩建河山,+43.39%,mid,,missing,,missing,出售亏损子公司清青环保,high,[出售亏损子公司清青环保],high,missing,603616_SH_韩建河山.md
603617,SH,君禾股份,+1.06%,high,,missing,↑,low,电商业务爆发式增长,high,[电商业务爆发式增长],mid,missing,603617_SH_君禾股份.md
603618,SH,杭电股份,+210.0%,mid,,missing,,missing,铜箔业务产能爬坡与光通信板块巨额亏损,high,[铜箔业务产能爬坡与光通信板块巨额亏损],high,missing,603618_SH_杭电股份.md
603619,SH,中曼石油,+8.44%,mid,-29.8%,high,,missing,国际油价全年均价下跌约15%,high,[国际油价全年均价下跌约15%],mid,missing,603619_SH_中曼石油.md
603626,SH,科森科技,-7.37%,high,,missing,,missing,消费电子需求疲软与产品结构低端化,high,[消费电子需求疲软与产品结构低端化],mid,missing,603626_SH_科森科技.md
603637,SH,镇海股份,-10.75%,high,-32.0%,high,,missing,石化行业投资结构分化,high,[石化行业投资结构分化],mid,missing,603637_SH_镇海股份.md
603638,SH,艾迪精密,+17.29%,high,,missing,+230.34%,high,工程机械行业触底回升,high,[工程机械行业触底回升],mid,missing,603638_SH_艾迪精密.md
603650,SH,彤程新材,,missing,+8.86%,high,,missing,,missing,全球半导体销售额增长26.2%（WSTS数据）,mid,missing,603650_SH_彤程新材.md
603656,SH,泰禾智能,+9.27%,high,+183.0%,high,,missing,收购阳光优储，切入储能赛道,high,[收购阳光优储，切入储能赛道],mid,missing,603656_SH_泰禾智能.md
603658,SH,安图生物,+70.0%,mid,,missing,,missing,集采降价压力,high,[高研发投入构筑壁垒],mid,missing,603658_SH_安图生物.md
603659,SH,璞泰来,,missing,,missing,,missing,全球储能电池出货量爆发式增长,high,[全球储能电池出货量爆发式增长],mid,missing,603659_SH_璞泰来.md
603663,SH,三祥新材,,missing,,missing,,missing,核级海绵锆量产与出口突破,high,[核级海绵锆量产与出口突破],mid,missing,603663_SH_三祥新材.md
603665,SH,康隆达,,missing,盈,low,-48.44%,high,越南基地产能释放,high,[越南基地产能释放],mid,missing,603665_SH_康隆达.md
603676,SH,卫信康,-12.65%,high,,missing,,missing,核心产品集采降价,high,[核心产品集采降价],mid,missing,603676_SH_卫信康.md
603677,SH,奇精机械,+6.69%,mid,-28.49%,high,,missing,行业竞争加剧与成本上升,high,[行业竞争加剧与成本上升],mid,missing,603677_SH_奇精机械.md
603678,SH,火炬电子,+47.09%,high,,missing,,missing,“十四五”收官年特种客户订单加速,high,[“十四五”收官年特种客户订单加速],mid,missing,603678_SH_火炬电子.md
603680,SH,今创集团,-33.67%,mid,+92.65%,high,↑,low,,missing,关停印度3C亏损业务,high,missing,603680_SH_今创集团.md
603682,SH,锦和商管,,missing,亏,low,-11.38%,high,商办市场租金下行,high,[商办市场租金下行],mid,missing,603682_SH_锦和商管.md
603683,SH,晶华新材,+27.62%,high,+57.57%,high,-27.65%,high,,missing,新能源汽车产销两旺（销量占比47.9%）,mid,missing,603683_SH_晶华新材.md
603687,SH,大胜达,,missing,,missing,,missing,精品烟包业务高增长,high,[精品烟包业务高增长],mid,missing,603687_SH_大胜达.md
603688,SH,石英股份,+3.24%,mid,-54.03%,high,↓,low,光伏行业产能过剩与供需错配,high,[光伏行业产能过剩与供需错配],mid,low,603688_SH_石英股份.md
603689,SH,皖天然气,+76.89%,high,-1.34%,mid,,missing,输售气量下降11.78%,high,[输售气量下降11.78%],mid,missing,603689_SH_皖天然气.md
603693,SH,江苏新能,+1.26%,mid,+21.73%,high,,missing,资产减值损失大幅减少,high,[资产减值损失大幅减少],high,missing,603693_SH_江苏新能.md
603696,SH,安记食品,+21.12%,high,,missing,↑,low,,missing,[贸易业务收入大增],mid,missing,603696_SH_安记食品.md
603697,SH,有友食品,+34.39%,high,,missing,+75.47%,high,渠道变革（四轮驱动）,high,[渠道变革（四轮驱动）],mid,missing,603697_SH_有友食品.md
603698,SH,航天工程,+23.67%,high,,missing,,missing,并购航天氢能并增持至62.6%,high,[并购航天氢能并增持至62.6%],mid,missing,603698_SH_航天工程.md
603700,SH,宁水集团,+30.0%,mid,+78.09%,high,,missing,周期换表窗口开启,high,[周期换表窗口开启],mid,missing,603700_SH_宁水集团.md
603701,SH,德宏股份,+265.69%,high,+21.16%,high,,missing,储能业务爆发式增长,high,[储能业务爆发式增长],mid,missing,603701_SH_德宏股份.md
603703,SH,盛洋科技,+10.77%,high,,missing,↑,low,射频电缆产品结构升级,high,[射频电缆产品结构升级],mid,missing,603703_SH_盛洋科技.md
603706,SH,东方环宇,-7.77%,high,+9.43%,high,,missing,供热业务毛利率大幅提升,high,[供热业务毛利率大幅提升],mid,missing,603706_SH_东方环宇.md
603708,SH,家家悦,+2.78%,mid,,missing,+29.2%,high,门店调改与运营优化,high,[门店调改与运营优化],mid,missing,603708_SH_家家悦.md
603712,SH,七一二,,missing,,missing,,missing,特殊机构用户需求阶段性波动,high,[特殊机构用户需求阶段性波动],mid,missing,603712_SH_七一二.md
603713,SH,密尔克卫,+37.75%,mid,,missing,+56.11%,high,MGM全球移动业务高增长,high,[MGM全球移动业务高增长],mid,missing,603713_SH_密尔克卫.md
603721,SH,_ST天择,,missing,盈,low,↑,low,IP爆款矩阵持续产出,high,[IP爆款矩阵持续产出],mid,missing,603721_SH__ST天择.md
603722,SH,阿科力,,missing,,missing,↓,low,聚醚胺行业产能过剩，价格战加剧,high,[聚醚胺行业产能过剩，价格战加剧],mid,missing,603722_SH_阿科力.md
603726,SH,朗迪集团,-16.13%,high,-16.13%,high,,missing,主业承压，营收下滑,high,[主业承压，营收下滑],high,missing,603726_SH_朗迪集团.md
603727,SH,博迈科,-28.0%,high,,missing,,missing,全球FPSO市场高景气,high,[全球FPSO市场高景气],mid,missing,603727_SH_博迈科.md
603728,SH,鸣志电器,+14.32%,high,-21.54%,high,,missing,空心杯电机与无刷电机业务高速增长,high,[空心杯电机与无刷电机业务高速增长],mid,missing,603728_SH_鸣志电器.md
603737,SH,三棵树,+3.49%,high,,missing,↑,low,家装墙面漆量价齐升,high,[家装墙面漆量价齐升],mid,missing,603737_SH_三棵树.md
603738,SH,泰晶科技,+14.94%,high,-40.37%,high,,missing,,missing,产品价格下行与成本刚性上升,mid,missing,603738_SH_泰晶科技.md
603739,SH,蔚蓝生物,+22.54%,mid,+11.45%,high,,missing,研发高投入,high,[非经常性损益依赖],mid,missing,603739_SH_蔚蓝生物.md
603755,SH,日辰股份,+15.7%,high,,missing,,missing,研发驱动新品放量,high,[研发驱动新品放量],mid,missing,603755_SH_日辰股份.md
603757,SH,大元泵业,+20.26%,high,-38.52%,high,,missing,新兴业务快速放量,high,[新兴业务快速放量],mid,missing,603757_SH_大元泵业.md
603758,SH,秦安股份,-15.48%,high,,missing,,missing,大宗商品涨价,high,[股票投资公允价值变动],mid,missing,603758_SH_秦安股份.md
603766,SH,隆鑫通用,+71.9%,mid,,missing,,missing,自主品牌（VOGE无极）高端化突破,high,[自主品牌（VOGE无极）高端化突破],mid,missing,603766_SH_隆鑫通用.md
603767,SH,中马传动,+0.55%,high,亏,low,,missing,金融资产公允价值变动,high,[金融资产公允价值变动],mid,missing,603767_SH_中马传动.md
603773,SH,沃格光电,+14.88%,high,,missing,+67.1%,high,传统显示业务稳健增长,high,[传统显示业务稳健增长],mid,missing,603773_SH_沃格光电.md
603778,SH,国晟科技,,missing,-786.95%,mid,-39.2%,high,,missing,光伏行业产能过剩、竞争激烈,mid,missing,603778_SH_国晟科技.md
603786,SH,科博达,+13.8%,high,,missing,,missing,中央计算平台和智驾域控产品放量,high,[中央计算平台和智驾域控产品放量],mid,missing,603786_SH_科博达.md
603787,SH,新日股份,+17.15%,high,,missing,,missing,新国标政策实施,high,[以旧换新政策刺激],mid,missing,603787_SH_新日股份.md
603788,SH,宁波高发,,missing,,missing,,missing,自主品牌市占率攀升至69.5%,high,[自主品牌市占率攀升至69.5%],mid,missing,603788_SH_宁波高发.md
603789,SH,_ST星农,+40.7%,high,,missing,,missing,收购苏州电中、中城汽车，构建双主业,high,[收购苏州电中、中城汽车，构建双主业],mid,missing,603789_SH__ST星农.md
603790,SH,雅运股份,+10.0%,high,,missing,,missing,海外业务扩张,high,[成本控制与供应链管理],mid,missing,603790_SH_雅运股份.md
603798,SH,康普顿,-10.84%,high,,missing,,missing,新能源汽车渗透率提升,high,[新能源汽车渗透率提升],mid,missing,603798_SH_康普顿.md
603799,SH,华友钴业,,missing,,missing,,missing,,missing,2026-04-23,mid,missing,603799_SH_华友钴业.md
603806,SH,福斯特,-21.31%,high,,missing,,missing,,missing,全球光伏装机持续增长，2025年新增约580GW,mid,missing,603806_SH_福斯特.md
603808,SH,歌力思,+5.6%,mid,,missing,,missing,,missing,[多品牌矩阵协同效应],mid,missing,603808_SH_歌力思.md
603809,SH,豪能股份,+14.0%,high,-13.89%,high,,missing,新能源汽车渗透率提升,high,[新能源汽车渗透率提升],mid,missing,603809_SH_豪能股份.md
603811,SH,诚意药业,+13.72%,high,+37.06%,high,,missing,核心产品集采放量,high,[核心产品集采放量],mid,missing,603811_SH_诚意药业.md
603813,SH,_ST原尚,+53.35%,mid,,missing,,missing,传统燃油车市场萎缩,high,[传统燃油车市场萎缩],mid,missing,603813_SH__ST原尚.md
603816,SH,顾家家居,+31.19%,mid,,missing,,missing,品类聚焦与结构突破,high,[品类聚焦与结构突破],mid,missing,603816_SH_顾家家居.md
603817,SH,海峡环保,+13.24%,high,,missing,↑,low,水价调整与前期服务费补差,high,[水价调整与前期服务费补差],mid,missing,603817_SH_海峡环保.md
603822,SH,ST嘉澳,,missing,盈,low,,missing,连云港嘉澳生物航煤项目投产并获出口许可,high,[连云港嘉澳生物航煤项目投产并获出口许可],mid,missing,603822_SH_ST嘉澳.md
603823,SH,百合花,-10.52%,high,-11.24%,mid,,missing,下游需求疲软，销量下滑,high,[下游需求疲软，销量下滑],high,missing,603823_SH_百合花.md
603825,SH,ST华扬,-31.49%,high,,missing,,missing,国资入主后战略收缩,high,[国资入主后战略收缩],mid,missing,603825_SH_ST华扬.md
603826,SH,坤彩科技,,missing,,missing,,missing,,missing,,missing,missing,603826_SH_坤彩科技.md
603848,SH,好太太,,missing,-18.22%,high,,missing,行业增速换挡与价格下沉,high,[行业增速换挡与价格下沉],mid,missing,603848_SH_好太太.md
603856,SH,东宏股份,,missing,-302.58%,mid,+302.58%,high,信用减值损失大幅转回,high,[信用减值损失大幅转回],high,missing,603856_SH_东宏股份.md
603859,SH,能科科技,+49.91%,high,,missing,,missing,“All in AI”战略全面落地,high,[“All in AI”战略全面落地],mid,missing,603859_SH_能科科技.md
603860,SH,中公高科,+11.87%,mid,,missing,+49.5%,high,,missing,公司成功研发第六代多功能路况快速检测系统（CiCS VI），,mid,missing,603860_SH_中公高科.md
603861,SH,白云电器,,missing,,missing,+185.69%,high,产品结构优化,high,[客户回款放缓+大额订单采购增加],mid,missing,603861_SH_白云电器.md
603867,SH,新化股份,+39.0%,high,,missing,,missing,脂肪胺销量增长8.2%,high,[脂肪胺销量增长8.2%],mid,missing,603867_SH_新化股份.md
603869,SH,ST智知,+11.33%,mid,-40.76%,mid,,missing,聚焦聚安网平台战略,high,[聚焦聚安网平台战略],mid,missing,603869_SH_ST智知.md
603871,SH,嘉友国际,+24.38%,mid,-10.6%,high,,missing,非洲陆港项目从建设转入运营,high,[非洲陆港项目从建设转入运营],mid,missing,603871_SH_嘉友国际.md
603878,SH,武进不锈,+8.49%,mid,,missing,,missing,行业竞争加剧 & 下游需求萎缩,high,[行业竞争加剧 & 下游需求萎缩],mid,missing,603878_SH_武进不锈.md
603879,SH,永悦科技,-10.96%,mid,,missing,,missing,核心主业不饱和聚酯树脂毛利率微增,high,[核心主业不饱和聚酯树脂毛利率微增],mid,missing,603879_SH_永悦科技.md
603881,SH,数据港,+98.3%,high,-15.17%,high,,missing,客户高度集中,high,客户单一依赖是最大命门,mid,missing,603881_SH_数据港.md
603882,SH,金域医学,-16.12%,high,,missing,+32.62%,high,医保控费与DRG/DIP支付改革深化,high,[医保控费与DRG/DIP支付改革深化],mid,missing,603882_SH_金域医学.md
603883,SH,老百姓,,missing,-1.0%,high,+55.08%,high,行业出清加速，头部集中,high,[行业出清加速，头部集中],mid,missing,603883_SH_老百姓.md
603885,SH,吉祥航空,+37.57%,mid,,missing,,missing,国际航线大幅扩张,high,[国际航线大幅扩张],mid,missing,603885_SH_吉祥航空.md
603886,SH,元祖股份,-10.08%,high,,missing,,missing,消费降级与市场饱和,high,[消费降级与市场饱和],mid,missing,603886_SH_元祖股份.md
603887,SH,城地香江,-73.0%,mid,,missing,,missing,IDC综合解决方案订单集中交付,high,[IDC综合解决方案订单集中交付],mid,missing,603887_SH_城地香江.md
603889,SH,新澳股份,+19.26%,high,,missing,,missing,羊绒业务量价齐升,high,[羊绒业务量价齐升],mid,missing,603889_SH_新澳股份.md
603890,SH,春秋电子,+11.34%,high,+169.55%,high,,missing,AIPC渗透率提升+Windows系统更,high,[AIPC渗透率提升+Windows系统更新],mid,missing,603890_SH_春秋电子.md
603893,SH,瑞芯微,+40.36%,high,,missing,,missing,AIoT 2.0时代，端侧大模型需求爆发,high,[AIoT 2.0时代，端侧大模型需求爆发],mid,missing,603893_SH_瑞芯微.md
603895,SH,天永智能,+13.52%,high,盈,low,-15.22%,high,锂电业务大幅收缩与人员优化,high,[锂电业务大幅收缩与人员优化],mid,low,603895_SH_天永智能.md
603897,SH,长城科技,-3.07%,high,+33.62%,high,↑,low,铜价波动与库存管理,high,[铜价波动与库存管理],mid,low,603897_SH_长城科技.md
603899,SH,晨光股份,+3.45%,high,-6.12%,high,,missing,科力普集团营收突破150亿，同比增长9%,high,[科力普集团营收突破150亿，同比增长9%],mid,missing,603899_SH_晨光股份.md
603900,SH,莱绅通灵,+25.11%,high,盈,low,,missing,意大利织金工艺差异化定位,high,[意大利织金工艺差异化定位],mid,missing,603900_SH_莱绅通灵.md
603906,SH,龙蟠科技,+16.42%,high,,missing,,missing,磷酸铁锂出货量增长,high,[磷酸铁锂出货量增长],mid,missing,603906_SH_龙蟠科技.md
603912,SH,佳力图,,missing,亏,low,,missing,上游原材料涨价+市场竞争加剧,high,[上游原材料涨价+市场竞争加剧],mid,missing,603912_SH_佳力图.md
603916,SH,苏博特,+2.48%,mid,,missing,-36.17%,high,行业集中度提升,high,[“顾问式营销”模式],mid,missing,603916_SH_苏博特.md
603917,SH,合力科技,+28.75%,high,盈,low,,missing,出口业务爆发,high,[定增募投项目推进],mid,missing,603917_SH_合力科技.md
603919,SH,金徽酒,-40.26%,high,,missing,,missing,行业深度调整与消费降级,high,[行业深度调整与消费降级],mid,missing,603919_SH_金徽酒.md
603920,SH,世运电路,+11.05%,mid,+1.37%,high,,missing,,missing,公司持续优化产品结构，高附加值产品占比提升,mid,missing,603920_SH_世运电路.md
603929,SH,亚翔集成,-8.81%,high,+40.3%,high,,missing,海外市场高毛利项目放量,high,[海外市场高毛利项目放量],mid,missing,603929_SH_亚翔集成.md
603931,SH,格林达,-4.6%,high,,missing,-43.38%,high,下游面板厂控产保价,high,[下游面板厂控产保价],mid,missing,603931_SH_格林达.md
603937,SH,丽岛新材,+94.0%,mid,,missing,,missing,安徽丽岛产能爬坡，收入大增但巨额亏损,high,[安徽丽岛产能爬坡，收入大增但巨额亏损],high,missing,603937_SH_丽岛新材.md
603939,SH,益丰药房,+1.54%,high,+9.81%,high,,missing,门店网络优化与降本增效,high,[门店网络优化与降本增效],mid,missing,603939_SH_益丰药房.md
603950,SH,长源东谷,+23.29%,mid,,missing,,missing,,missing,国内新能源汽车渗透率突破50%，混动车型成为重要增长极,mid,missing,603950_SH_长源东谷.md
603955,SH,大千生态,,missing,,missing,↑,low,新业务扩张（宠物+文旅）,high,[新业务扩张（宠物+文旅）],mid,missing,603955_SH_大千生态.md
603956,SH,威派格,+27.16%,mid,,missing,↑,low,TOG业务项目验收延迟,high,[TOG业务项目验收延迟],mid,missing,603956_SH_威派格.md
603958,SH,哈森股份,,missing,盈,low,,missing,收购苏州郎克斯/江苏哈森工业,high,[收购苏州郎克斯/江苏哈森工业],mid,missing,603958_SH_哈森股份.md
603959,SH,ST百利,+11.44%,mid,,missing,,missing,新签业务订单减少及项目放缓,high,[新签业务订单减少及项目放缓],mid,missing,603959_SH_ST百利.md
603960,SH,克来机电,,missing,-17.67%,mid,-17.67%,high,下游汽车行业竞争加剧,high,[下游汽车行业竞争加剧],mid,missing,603960_SH_克来机电.md
603966,SH,法兰泰克,,missing,,missing,+137.0%,high,下游高景气赛道共振,high,[下游高景气赛道共振],mid,missing,603966_SH_法兰泰克.md
603967,SH,中创物流,-25.24%,high,-37.75%,mid,,missing,国际海运价格下跌,high,[国际海运价格下跌],mid,missing,603967_SH_中创物流.md
603968,SH,醋化股份,-10.93%,high,,missing,,missing,行业“内卷”式竞争加剧,high,[行业“内卷”式竞争加剧],mid,missing,603968_SH_醋化股份.md
603969,SH,银龙股份,,missing,+54.51%,high,,missing,国家基建投资持续高位,high,[国家基建投资持续高位],mid,missing,603969_SH_银龙股份.md
603970,SH,中农立华,+6.09%,high,-15.17%,high,↓,low,,missing,核心风险在于“增收不增利”与现金流恶化,high,missing,603970_SH_中农立华.md
603976,SH,正川股份,+684.9%,mid,-64.5%,high,,missing,医药集采政策深化与医保控费,high,[医药集采政策深化与医保控费],mid,missing,603976_SH_正川股份.md
603977,SH,国泰集团,,missing,,missing,+500.0%,high,民爆主业降本增效 & 轨交信息化开源节流,high,[民爆主业降本增效 & 轨交信息化开源节流],mid,missing,603977_SH_国泰集团.md
603982,SH,泉峰汽车,+14.31%,high,,missing,-59.12%,high,前期高额资本开支（安徽、匈牙利基地）,high,[前期高额资本开支（安徽、匈牙利基地）],mid,missing,603982_SH_泉峰汽车.md
603983,SH,丸美生物,+16.48%,high,-27.63%,high,,missing,线上流量成本高企,high,[线上流量成本高企],mid,missing,603983_SH_丸美生物.md
603985,SH,恒润股份,,missing,盈,low,,missing,风电行业景气度回升,high,[风电行业景气度回升],mid,missing,603985_SH_恒润股份.md
603986,SH,兆易创新,+26.41%,high,,missing,,missing,存储行业周期向上，海外大厂退出利基市场,high,[存储行业周期向上，海外大厂退出利基市场],mid,missing,603986_SH_兆易创新.md
603987,SH,康德莱,+1.63%,high,,missing,+39.37%,high,全产业链与规模化制造优势,high,[全产业链与规模化制造优势],mid,missing,603987_SH_康德莱.md
603990,SH,麦迪科技,+4.5%,mid,盈,low,↑,low,剥离亏损光伏业务,high,[剥离亏损光伏业务],high,low,603990_SH_麦迪科技.md
603991,SH,至正股份,,missing,,missing,,missing,重大资产重组完成，置入AAMI,high,[重大资产重组完成，置入AAMI],mid,missing,603991_SH_至正股份.md
603992,SH,松霖科技,-54.0%,high,,missing,,missing,IDM业务营收下滑,high,[IDM业务营收下滑],high,missing,603992_SH_松霖科技.md
603993,SH,洛阳钼业,,missing,,missing,,missing,铜钴量价齐升,high,[“矿山+贸易”双轮协同],mid,missing,603993_SH_洛阳钼业.md
603995,SH,甬金股份,+49.52%,high,+7.67%,high,-4.77%,high,,missing,不锈钢行业供需失衡，价格低迷,mid,missing,603995_SH_甬金股份.md
603998,SH,方盛制药,,missing,+20.0%,high,↑,low,核心产品放量,high,核心风险在于集采降价与新品放量不及预期的双重挤压,high,missing,603998_SH_方盛制药.md
605001,SH,威奥股份,+16.77%,high,+55.0%,high,↓,low,动车组及城轨地铁车辆配套产品订单增加,high,[动车组及城轨地铁车辆配套产品订单增加],mid,low,605001_SH_威奥股份.md
605005,SH,合兴股份,+9.09%,high,,missing,-12.64%,high,原材料成本上升,high,[产能扩张与全球化布局],mid,missing,605005_SH_合兴股份.md
605006,SH,山东玻纤,+23.87%,high,,missing,+217.57%,high,新产能释放与销量增长,high,[新产能释放与销量增长],mid,missing,605006_SH_山东玻纤.md
605007,SH,五洲特纸,+16.05%,high,-32.36%,high,,missing,湖北基地产能集中释放,high,[湖北基地产能集中释放],mid,missing,605007_SH_五洲特纸.md
605011,SH,杭州热电,-5.47%,high,,missing,,missing,煤炭价格下行,high,[原材料价格联动机制],mid,missing,605011_SH_杭州热电.md
605016,SH,百龙创园,,missing,,missing,,missing,,missing,2026-04-23,mid,missing,605016_SH_百龙创园.md
605018,SH,长华集团,+9.34%,high,-16.22%,high,,missing,冲焊件销量增加但收入下降,high,[冲焊件销量增加但收入下降],mid,missing,605018_SH_长华集团.md
605020,SH,永和股份,+9.93%,high,,missing,,missing,HFCs生产配额制度严格执行,high,[HFCs生产配额制度严格执行],mid,missing,605020_SH_永和股份.md
605028,SH,世茂能源,,missing,-31.42%,high,,missing,煤热价格联动机制,high,[煤热价格联动机制],mid,missing,605028_SH_世茂能源.md
605050,SH,福然德,,missing,+23.66%,high,,missing,汽车行业景气度提升,high,[汽车行业景气度提升],mid,missing,605050_SH_福然德.md
605056,SH,咸亨国际,+69.11%,mid,,missing,↑,low,电网“十五五”投资规划大幅增长,high,[电网“十五五”投资规划大幅增长],mid,missing,605056_SH_咸亨国际.md
605060,SH,联德股份,+40.38%,mid,,missing,,missing,全工序一体化“铸造+精加工”能力,high,[全工序一体化“铸造+精加工”能力],mid,missing,605060_SH_联德股份.md
605066,SH,天正电气,+22.0%,mid,-3.57%,high,,missing,白银等大宗原材料价格上涨,high,[白银等大宗原材料价格上涨],mid,missing,605066_SH_天正电气.md
605068,SH,明新旭腾,+4.64%,high,盈,low,,missing,诉讼胜诉，信用减值转回,high,[诉讼胜诉，信用减值转回],high,missing,605068_SH_明新旭腾.md
605069,SH,正和生态,+37.0%,high,,missing,,missing,战略转型聚焦北京生态水利,high,[战略转型聚焦北京生态水利],mid,missing,605069_SH_正和生态.md
605077,SH,华康股份,+49.15%,high,-25.4%,high,,missing,舟山华康新产线投产,high,[舟山华康新产线投产],mid,missing,605077_SH_华康股份.md
605086,SH,龙高股份,-10.06%,high,-5.22%,high,,missing,下游陶瓷需求萎缩,high,[下游陶瓷需求萎缩],mid,missing,605086_SH_龙高股份.md
605088,SH,冠盛股份,+10.67%,high,,missing,+99.91%,high,北美大客户突破,high,[海外后市场经销模式],mid,missing,605088_SH_冠盛股份.md
605090,SH,九丰能源,,missing,,missing,,missing,“海气+陆气”双资源池战略,high,[“海气+陆气”双资源池战略],mid,missing,605090_SH_九丰能源.md
605098,SH,行动教育,+3.55%,mid,+19.12%,high,,missing,大客户战略与品牌影响力提升,high,[大客户战略与品牌影响力提升],mid,missing,605098_SH_行动教育.md
605108,SH,同庆楼,+6.17%,high,,missing,,missing,,missing,“双春年”婚宴需求集中释放,mid,missing,605108_SH_同庆楼.md
605111,SH,新洁能,+55.0%,high,-9.42%,high,,missing,产品结构升级与新兴市场突破,high,[产品结构升级与新兴市场突破],mid,missing,605111_SH_新洁能.md
605116,SH,奥锐特,-1.2%,mid,,missing,,missing,,missing,,missing,missing,605116_SH_奥锐特.md
605117,SH,德业股份,+56.34%,high,,missing,,missing,,missing,[全球光储需求爆发 + 产品矩阵协同],mid,missing,605117_SH_德业股份.md
605118,SH,力鼎光电,,missing,,missing,,missing,低空经济与无人物流项目放量,high,[低空经济与无人物流项目放量],mid,missing,605118_SH_力鼎光电.md
605123,SH,派克新材,+10.28%,high,-13.13%,high,,missing,风电订单放量,high,[航空航天业务结构恶化],high,missing,605123_SH_派克新材.md
605133,SH,嵘泰股份,+37.2%,high,,missing,,missing,收购中山澳多,high,[转向系统龙头地位],mid,missing,605133_SH_嵘泰股份.md
605136,SH,丽人丽妆,-2.08%,high,亏,low,,missing,品牌终止合作与模式转变,high,[品牌终止合作与模式转变],mid,missing,605136_SH_丽人丽妆.md
605138,SH,盛泰集团,+3.08%,mid,+8.36%,high,,missing,国内生产基地整合及NFW投资公允价值下跌,high,[国内生产基地整合及NFW投资公允价值下跌],mid,missing,605138_SH_盛泰集团.md
605155,SH,西大门,+7.98%,high,+80.0%,high,,missing,成品业务规模化扩张,high,[成品业务规模化扩张],mid,missing,605155_SH_西大门.md
605158,SH,华达新材,,missing,-71.54%,mid,↑,low,,missing,宏观经济下行，下游建筑、机械需求增速放缓,mid,missing,605158_SH_华达新材.md
605162,SH,新中港,+52.59%,mid,,missing,,missing,下游客户停产搬迁,high,[下游客户停产搬迁],mid,missing,605162_SH_新中港.md
605166,SH,聚合顺,+41.0%,mid,,missing,,missing,行业产能集中释放，供过于求,high,[行业产能集中释放，供过于求],mid,missing,605166_SH_聚合顺.md
605167,SH,利柏特,+7.24%,mid,,missing,,missing,营收结构变化,high,核心风险在于扩张期的现金流与资产错配,high,missing,605167_SH_利柏特.md
605168,SH,三人行,+76.8%,mid,+54.0%,high,↑,low,AI赋能降本增效,high,[AI赋能降本增效],mid,low,605168_SH_三人行.md
605169,SH,洪通燃气,+13.61%,high,-29.77%,high,,missing,LNG销量大幅增长,high,[LNG销量大幅增长],mid,missing,605169_SH_洪通燃气.md
605177,SH,东亚药业,-21.54%,high,,missing,,missing,β-内酰胺类抗菌药需求骤降,high,[β-内酰胺类抗菌药需求骤降],mid,missing,605177_SH_东亚药业.md
605178,SH,时空科技,,missing,,missing,↑,low,应收账款清收,high,[行业需求萎缩与竞争加剧],mid,missing,605178_SH_时空科技.md
605179,SH,一鸣食品,+5.55%,high,+76.87%,high,,missing,大客户战略与OEM转型,high,[大客户战略与OEM转型],mid,missing,605179_SH_一鸣食品.md
605183,SH,确成股份,-8.1%,mid,-8.1%,high,,missing,绿色轮胎需求增长,high,[绿色轮胎需求增长],mid,missing,605183_SH_确成股份.md
605188,SH,国光连锁,+4.8%,mid,-11.45%,mid,,missing,,missing,,missing,missing,605188_SH_国光连锁.md
605189,SH,富春染织,+30.63%,mid,,missing,,missing,中美贸易战与大宗商品波动,high,[中美贸易战与大宗商品波动],mid,missing,605189_SH_富春染织.md
605218,SH,伟时电子,+17.11%,high,-60.35%,high,↓,low,营收增长但利润大幅下滑,high,[营收增长但利润大幅下滑],high,low,605218_SH_伟时电子.md
605222,SH,起帆电缆,-5.19%,high,+26.03%,high,,missing,主动收缩低毛利订单,high,[主动收缩低毛利订单],mid,missing,605222_SH_起帆电缆.md
605228,SH,神通科技,+35.7%,high,盈,low,+171.65%,high,主动式油气分离器及A客户新项目订单放量,high,[主动式油气分离器及A客户新项目订单放量],mid,low,605228_SH_神通科技.md
605255,SH,天普股份,-6.99%,high,-47.9%,mid,,missing,下游燃油车需求萎缩,high,[下游燃油车需求萎缩],mid,missing,605255_SH_天普股份.md
605258,SH,协和电子,+10.4%,high,-6.4%,high,,missing,下游汽车电子与高频通讯需求增长,high,[下游汽车电子与高频通讯需求增长],mid,missing,605258_SH_协和电子.md
605286,SH,同力天启,-15.0%,high,-73.48%,high,,missing,新能源电站项目股权转让,high,[新能源电站项目股权转让],mid,missing,605286_SH_同力天启.md
605289,SH,罗曼股份,,missing,盈,low,,missing,收购武桐高新,high,[武桐高新业绩承诺超额完成],mid,missing,605289_SH_罗曼股份.md
605298,SH,必得科技,+16.24%,high,+46.13%,high,,missing,高铁动车组招标量超预期,high,[高铁动车组招标量超预期],mid,missing,605298_SH_必得科技.md
605299,SH,舒华体育,+40.0%,high,+24.92%,high,,missing,海外市场扩张,high,[研发投入与产品创新],mid,missing,605299_SH_舒华体育.md
605300,SH,佳禾食品,+29.59%,high,-63.31%,high,↓,low,原材料价格上涨,high,[核心产品粉末油脂销量下滑],high,low,605300_SH_佳禾食品.md
605305,SH,中际联合,+44.64%,high,-10.88%,mid,,missing,全球风电装机高景气,high,[全球风电装机高景气],mid,missing,605305_SH_中际联合.md
605319,SH,无锡振华,+27.3%,mid,,missing,,missing,新能源汽车客户订单放量,high,[新能源汽车客户订单放量],mid,missing,605319_SH_无锡振华.md
605333,SH,沪光股份,+7.29%,high,-28.21%,high,,missing,新能源汽车渗透率快速提升,high,[新能源汽车渗透率快速提升],mid,missing,605333_SH_沪光股份.md
605336,SH,_ST帅电,-47.21%,high,-8.7%,mid,,missing,,missing,,missing,missing,605336_SH__ST帅电.md
605338,SH,巴比食品,,missing,+16.66%,high,,missing,手工小笼包新店型成功打磨,high,[手工小笼包新店型成功打磨],mid,missing,605338_SH_巴比食品.md
605339,SH,南侨食品,+26.49%,mid,-79.81%,high,,missing,原材料成本飙升,high,[高毛利产品占比下降],mid,missing,605339_SH_南侨食品.md
605365,SH,立达信,+0.9%,high,-50.09%,high,,missing,美国激进关税政策,high,[美国激进关税政策],mid,missing,605365_SH_立达信.md
605366,SH,宏柏新材,,missing,,missing,↓,low,含硫硅烷行业供需失衡、竞争加剧,high,[含硫硅烷行业供需失衡、竞争加剧],mid,missing,605366_SH_宏柏新材.md
605368,SH,蓝天燃气,,missing,-43.98%,high,-27.0%,high,房地产市场低迷,high,[居民气价格顺价滞后],mid,missing,605368_SH_蓝天燃气.md
605369,SH,拱东医疗,+4.72%,high,-69.99%,mid,,missing,,missing,集采精准化推进，'质量+价格'复合型评价,mid,missing,605369_SH_拱东医疗.md
605376,SH,博迁新材,+25.88%,high,,missing,+255.0%,high,AI服务器与高端MLCC需求爆发,high,[AI服务器与高端MLCC需求爆发],mid,missing,605376_SH_博迁新材.md
605389,SH,长龄液压,+21.58%,high,,missing,+103.39%,high,工程机械行业回暖+光伏市场拓展,high,[工程机械行业回暖+光伏市场拓展],mid,missing,605389_SH_长龄液压.md
605499,SH,东鹏饮料,,missing,,missing,,missing,“1+6”多品类战略成功,high,[“1+6”多品类战略成功],mid,missing,605499_SH_东鹏饮料.md
605555,SH,德昌股份,+49.51%,high,-60.4%,high,,missing,美国关税政策及家电行业价格下行,high,[美国关税政策及家电行业价格下行],mid,missing,605555_SH_德昌股份.md
605566,SH,福莱蒽特,-19.66%,high,+103.74%,high,,missing,聚焦高牢度染料,high,[光伏胶膜业务停产],mid,missing,605566_SH_福莱蒽特.md
605567,SH,春雪食品,,missing,,missing,,missing,出口业务高增长,high,核心风险在于白羽肉鸡行业供给过剩的持续压力,high,missing,605567_SH_春雪食品.md
605577,SH,龙版传媒,+11.29%,mid,+11.29%,high,+31.53%,high,,missing,,missing,missing,605577_SH_龙版传媒.md
605580,SH,恒盛能源,+78.53%,high,盈,low,+293.0%,high,收购华大热电,high,[固废业务扩产与技改],mid,low,605580_SH_恒盛能源.md
605588,SH,冠石科技,+86.46%,mid,亏,low,,missing,光掩膜版项目投产转固,high,[光掩膜版项目投产转固],mid,missing,605588_SH_冠石科技.md
605589,SH,圣泉集团,+33.66%,high,,missing,+223.6%,high,先进电子材料及电池材料放量,high,[先进电子材料及电池材料放量],mid,missing,605589_SH_圣泉集团.md
688002,SH,睿创微纳,+46.0%,high,+98.0%,high,,missing,红外热成像全产业链自主可控,high,[红外热成像全产业链自主可控],mid,missing,688002_SH_睿创微纳.md
688003,SH,天准科技,+11.25%,high,-38.95%,high,↑,low,AI驱动PCB及具身智能需求爆发,high,[AI驱动PCB及具身智能需求爆发],mid,low,688003_SH_天准科技.md
688005,SH,容百科技,,missing,,missing,,missing,产品结构升级滞后于市场需求,high,[产品结构升级滞后于市场需求],mid,missing,688005_SH_容百科技.md
688006,SH,杭可科技,,missing,,missing,,missing,海外客户订单增长,high,[海外客户订单增长],mid,missing,688006_SH_杭可科技.md
688008,SH,澜起科技,+65.6%,high,+58.4%,high,,missing,AI服务器需求爆发,high,[AI服务器需求爆发],mid,missing,688008_SH_澜起科技.md
688009,SH,中国通号,+13.67%,mid,,missing,↓,low,铁路投资维持高位,high,[铁路投资维持高位],mid,missing,688009_SH_中国通号.md
688011,SH,新光光电,-32.56%,mid,,missing,,missing,军品交付验收延迟,high,[军品交付验收延迟],mid,missing,688011_SH_新光光电.md
688012,SH,中微公司,+36.62%,high,,missing,+57.39%,high,刻蚀设备高端化与国产替代,high,[刻蚀设备高端化与国产替代],mid,missing,688012_SH_中微公司.md
688016,SH,心脉医疗,+21.5%,high,盈,low,,missing,海外市场高增长,high,[Lombard并购整合],mid,missing,688016_SH_心脉医疗.md
688017,SH,绿的谐波,+47.31%,high,,missing,,missing,具身智能机器人产业爆发,high,[具身智能机器人产业爆发],mid,missing,688017_SH_绿的谐波.md
688018,SH,乐鑫科技,+27.82%,high,,missing,,missing,物联网行业从“连接驱动”转向“功能驱动”,high,[物联网行业从“连接驱动”转向“功能驱动”],mid,missing,688018_SH_乐鑫科技.md
688019,SH,安集科技,+36.47%,high,+75.65%,high,,missing,半导体行业结构性复苏+国产替代加速,high,[半导体行业结构性复苏+国产替代加速],mid,missing,688019_SH_安集科技.md
688020,SH,方邦股份,+3.79%,high,盈,low,,missing,,missing,[电磁屏蔽膜量价承压],mid,missing,688020_SH_方邦股份.md
688023,SH,安恒信息,+35.0%,high,,missing,+119.16%,high,AI战略全面落地,high,[AI战略全面落地],mid,missing,688023_SH_安恒信息.md
688025,SH,杰普特,+43.0%,high,,missing,+669.0%,high,光通信业务爆发,high,[消费级激光器市场突破],mid,missing,688025_SH_杰普特.md
688027,SH,国盾量子,+22.53%,high,+38.07%,high,↓,low,量子计算业务爆发,high,[量子计算业务爆发],mid,low,688027_SH_国盾量子.md
688028,SH,沃尔德,+49.14%,high,-4.71%,high,,missing,原材料价格上涨,high,[金刚石微钻业务突破],mid,missing,688028_SH_沃尔德.md
688030,SH,山石网科,+56.56%,mid,,missing,-81.51%,high,行业需求疲软与竞争加剧,high,[行业需求疲软与竞争加剧],mid,missing,688030_SH_山石网科.md
688031,SH,星环科技,+66.4%,high,,missing,↑,low,AI基础设施软件产品竞争力提升,high,[AI基础设施软件产品竞争力提升],mid,missing,688031_SH_星环科技.md
688036,SH,传音控股,+9.9%,high,-53.49%,high,,missing,存储等元器件价格上涨,high,[存储等元器件价格上涨],mid,missing,688036_SH_传音控股.md
688037,SH,芯源微,+11.0%,high,-64.64%,high,,missing,员工规模扩张与薪酬刚性,high,[员工规模扩张与薪酬刚性],mid,missing,688037_SH_芯源微.md
688039,SH,当虹科技,+52.29%,high,+5.67%,high,,missing,车载智能座舱业务爆发,high,[车载智能座舱业务爆发],mid,missing,688039_SH_当虹科技.md
688041,SH,海光信息,,missing,,missing,,missing,,missing,2024年报关注点：,mid,missing,688041_SH_海光信息.md
688045,SH,XD必易微,+80.0%,mid,盈,low,+1781.2%,high,产品结构优化与降本增效,high,[产品结构优化与降本增效],mid,low,688045_SH_XD必易微.md
688046,SH,药康生物,+15.51%,mid,+54.79%,high,↑,low,产能释放+海外拓展,high,[产能释放+海外拓展],mid,low,688046_SH_药康生物.md
688048,SH,长光华芯,+75.09%,high,盈,low,,missing,高功率单管芯片销量与结构优化,high,[高功率单管芯片销量与结构优化],mid,missing,688048_SH_长光华芯.md
688049,SH,炬芯科技,+41.5%,high,,missing,,missing,端侧AI产品化浪潮,high,[端侧AI产品化浪潮],mid,missing,688049_SH_炬芯科技.md
688050,SH,爱博医疗,+5.15%,high,-30.96%,high,,missing,隐形眼镜业务资产减值,high,[隐形眼镜业务资产减值],high,missing,688050_SH_爱博医疗.md
688051,SH,佳华科技,+30.0%,mid,,missing,,missing,,missing,国家双碳政策密集出台，碳市场扩容至8个行业,mid,missing,688051_SH_佳华科技.md
688052,SH,纳芯微,+71.8%,high,-47.15%,mid,↓,low,下游汽车电子需求稳健增长 + 泛能源复苏,high,[下游汽车电子需求稳健增长 + 泛能源复苏],mid,low,688052_SH_纳芯微.md
688053,SH,ST思科瑞,+33.39%,high,,missing,,missing,军工行业订单回暖,high,[军工行业订单回暖],mid,missing,688053_SH_ST思科瑞.md
688055,SH,龙腾光电,-26.79%,high,-14.61%,mid,,missing,行业产能过剩与价格竞争,high,[行业产能过剩与价格竞争],mid,missing,688055_SH_龙腾光电.md
688058,SH,宝兰德,-18.64%,high,-41.82%,mid,↑,low,下游客户采购需求减少或延缓,high,[下游客户采购需求减少或延缓],mid,low,688058_SH_宝兰德.md
688060,SH,云涌科技,+26.46%,high,,missing,+73.1%,high,信创业务爆发式增长,high,[信创业务爆发式增长],mid,missing,688060_SH_云涌科技.md
688061,SH,灿瑞科技,+10.3%,high,,missing,,missing,下游消费电子复苏,high,[下游消费电子复苏],mid,missing,688061_SH_灿瑞科技.md
688062,SH,迈威生物,+231.62%,mid,,missing,,missing,授权许可收入大幅增长,high,[授权许可收入大幅增长],mid,missing,688062_SH_迈威生物.md
688063,SH,派能科技,+57.81%,high,+106.12%,high,,missing,国际储能市场需求回暖,high,[国际储能市场需求回暖],mid,missing,688063_SH_派能科技.md
688065,SH,凯赛生物,+11.4%,mid,+14.68%,high,+50.77%,high,,missing,,missing,missing,688065_SH_凯赛生物.md
688068,SH,热景生物,-20.58%,high,,missing,,missing,体外诊断集采与行业政策,high,[体外诊断集采与行业政策],mid,missing,688068_SH_热景生物.md
688069,SH,德林海,+28.0%,high,,missing,↓,low,深潜式高压灭藻成套装备规模化交付,high,[深潜式高压灭藻成套装备规模化交付],mid,missing,688069_SH_德林海.md
688070,SH,纵横股份,+30.94%,high,盈,low,+30.94%,high,低空经济政策红利释放,high,[低空经济政策红利释放],mid,low,688070_SH_纵横股份.md
688071,SH,华依科技,+20.45%,high,,missing,-26.13%,high,测试服务产能扩张，固定成本刚性增长,high,[测试服务产能扩张，固定成本刚性增长],mid,missing,688071_SH_华依科技.md
688073,SH,毕得医药,+20.13%,mid,+55.52%,high,,missing,产品库规模扩张与结构优化,high,[产品库规模扩张与结构优化],mid,missing,688073_SH_毕得医药.md
688077,SH,大地熊,+24.73%,high,,missing,,missing,稀土原材料价格回升,high,[稀土原材料价格回升],mid,missing,688077_SH_大地熊.md
688079,SH,美迪凯,+36.72%,high,,missing,,missing,半导体封测与声光学业务放量,high,[半导体封测与声光学业务放量],mid,missing,688079_SH_美迪凯.md
688080,SH,映翰通,+27.01%,high,,missing,,missing,海外市场高质量增长,high,[海外市场高质量增长],mid,missing,688080_SH_映翰通.md
688081,SH,兴图新科,-6.74%,high,,missing,,missing,国防客户预算与采购周期,high,[国防客户预算与采购周期],mid,missing,688081_SH_兴图新科.md
688089,SH,嘉必优,+5.98%,high,+27.02%,high,,missing,欧盟将中国ARA列入强化管控清单,high,[欧盟将中国ARA列入强化管控清单],mid,missing,688089_SH_嘉必优.md
688093,SH,世华科技,,missing,,missing,↑,low,高性能光学材料放量,high,[高性能光学材料放量],mid,missing,688093_SH_世华科技.md
688097,SH,博众精工,+32.53%,high,+48.94%,high,↑,low,新能源业务订单充足,high,[新能源业务订单充足],mid,low,688097_SH_博众精工.md
688099,SH,晶晨股份,+67.08%,high,,missing,+79.32%,high,6nm先进制程SoC大规模商用,high,[6nm先进制程SoC大规模商用],mid,missing,688099_SH_晶晨股份.md
688100,SH,威胜信息,+8.48%,high,,missing,,missing,“双碳”与新型电力系统建设,high,[“双碳”与新型电力系统建设],mid,missing,688100_SH_威胜信息.md
688101,SH,三达膜,+5.85%,mid,,missing,,missing,盐湖提锂订单高增,high,[盐湖提锂订单高增],mid,missing,688101_SH_三达膜.md
688103,SH,国力电子,+66.98%,high,,missing,↑,low,新能源汽车及充电设施领域需求增长,high,[新能源汽车及充电设施领域需求增长],mid,missing,688103_SH_国力电子.md
688105,SH,诺唯赞,+67.3%,high,,missing,,missing,增值税政策调整,high,[核心原料自产优势],mid,missing,688105_SH_诺唯赞.md
688106,SH,金宏气体,+9.95%,high,,missing,,missing,市场竞争加剧+产品售价下降,high,[市场竞争加剧+产品售价下降],mid,missing,688106_SH_金宏气体.md
688107,SH,安路科技,+82.0%,mid,,missing,,missing,,missing,FPGA行业周期性调整与去库存,mid,missing,688107_SH_安路科技.md
688108,SH,赛诺医疗,+21.92%,mid,-12.8%,mid,,missing,集采红利持续释放,high,[集采红利持续释放],mid,missing,688108_SH_赛诺医疗.md
688110,SH,东芯股份,+43.76%,high,,missing,,missing,AI驱动存储行业上行周期,high,[AI驱动存储行业上行周期],mid,missing,688110_SH_东芯股份.md
688111,SH,金山办公,+64.93%,mid,,missing,,missing,AI战略全面落地,high,[AI战略全面落地],mid,missing,688111_SH_金山办公.md
688112,SH,鼎阳科技,+57.14%,mid,+27.19%,high,,missing,,missing,持续高研发投入（占营收24.09%，同比增长33.67%）,mid,missing,688112_SH_鼎阳科技.md
688114,SH,华大智造,+28.34%,mid,,missing,↑,low,国产替代窗口期,high,[“以价换量”战略],mid,missing,688114_SH_华大智造.md
688115,SH,思林杰,+39.25%,high,-60.0%,mid,,missing,产品覆盖拓展,high,[股份支付费用激增],mid,missing,688115_SH_思林杰.md
688117,SH,圣诺生物,-65.41%,mid,,missing,,missing,GLP-1原料药境外销售爆发,high,[GLP-1原料药境外销售爆发],mid,missing,688117_SH_圣诺生物.md
688120,SH,华海清科,+36.46%,high,,missing,,missing,AI算力与存储需求爆发,high,[AI算力与存储需求爆发],mid,missing,688120_SH_华海清科.md
688122,SH,西部超导,+74.65%,high,,missing,,missing,高温合金产能释放与市场认证,high,[高温合金产能释放与市场认证],mid,missing,688122_SH_西部超导.md
688123,SH,聚辰股份,+55.55%,high,,missing,,missing,DDR5内存模组渗透率提升,high,[DDR5内存模组渗透率提升],mid,missing,688123_SH_聚辰股份.md
688125,SH,安达智能,-60.0%,high,,missing,↑,low,消费电子大客户需求疲软,high,[消费电子大客户需求疲软],mid,missing,688125_SH_安达智能.md
688126,SH,沪硅产业,+9.69%,high,,missing,,missing,300mm硅片销量高增,high,[300mm硅片销量高增],mid,missing,688126_SH_沪硅产业.md
688127,SH,蓝特光学,+41.85%,mid,,missing,,missing,,missing,AI大模型爆发带来的算力、数据传输需求增长,mid,missing,688127_SH_蓝特光学.md
688129,SH,东来技术,+24.97%,mid,,missing,,missing,汽车主机厂原厂认证先发优势,high,[汽车主机厂原厂认证先发优势],mid,missing,688129_SH_东来技术.md
688136,SH,科兴制药,+394.17%,high,+394.17%,high,,missing,海外商业化（白蛋白紫杉醇欧盟放量）,high,[海外商业化（白蛋白紫杉醇欧盟放量）],mid,missing,688136_SH_科兴制药.md
688139,SH,海尔生物,+17.9%,mid,+23.78%,high,,missing,海外在地化布局深化,high,[海外在地化布局深化],mid,missing,688139_SH_海尔生物.md
688141,SH,杰华特,,missing,,missing,,missing,,missing,[AI算力需求爆发 + 高端电源产品导入],mid,missing,688141_SH_杰华特.md
688146,SH,中船特气,+15.88%,high,,missing,,missing,AI算力需求爆发,high,[AI算力需求爆发],mid,missing,688146_SH_中船特气.md
688148,SH,芳源股份,,missing,,missing,,missing,产能利用率不足,high,[新技术规模化应用],mid,missing,688148_SH_芳源股份.md
688151,SH,华强科技,+41.71%,mid,+89.89%,high,,missing,特种防护装备订单增长,high,[特种防护装备订单增长],mid,missing,688151_SH_华强科技.md
688156,SH,路德科技,+36.95%,high,,missing,,missing,白酒糟生物发酵饲料产能快速扩张,high,[白酒糟生物发酵饲料产能快速扩张],mid,missing,688156_SH_路德科技.md
688157,SH,松井股份,-15.58%,high,,missing,,missing,乘用车业务高速扩张,high,[乘用车业务高速扩张],mid,missing,688157_SH_松井股份.md
688158,SH,优刻得,+13.07%,high,,missing,+98.64%,high,AI算力需求爆发,high,[AI算力需求爆发],mid,missing,688158_SH_优刻得.md
688160,SH,步科股份,+67.51%,mid,,missing,,missing,,missing,,missing,missing,688160_SH_步科股份.md
688161,SH,威高骨科,+12.05%,mid,,missing,+51.51%,high,集采续约窗口与国产替代,high,[集采续约窗口与国产替代],mid,missing,688161_SH_威高骨科.md
688162,SH,巨一科技,+47.27%,mid,,missing,,missing,新能源汽车电机电控零部件业务放量,high,[新能源汽车电机电控零部件业务放量],mid,missing,688162_SH_巨一科技.md
688163,SH,赛伦生物,+23.27%,mid,+50.91%,high,,missing,抗蛇毒血清国内独家地位,high,[抗蛇毒血清国内独家地位],mid,missing,688163_SH_赛伦生物.md
688165,SH,埃夫特,+47.0%,high,,missing,,missing,国内工业机器人价格战白热化,high,[国内工业机器人价格战白热化],mid,missing,688165_SH_埃夫特.md
688168,SH,安博通,+72.83%,mid,,missing,↓,low,战略转型，聚焦AI算力,high,[战略转型，聚焦AI算力],mid,missing,688168_SH_安博通.md
688173,SH,希荻微,,missing,,missing,,missing,,missing,,missing,missing,688173_SH_希荻微.md
688175,SH,高凌信息,+30.52%,mid,,missing,,missing,,missing,“十四五”噪声监测建设收尾,mid,missing,688175_SH_高凌信息.md
688176,SH,亚虹医药,+37.49%,high,,missing,,missing,希维她®获批上市，填补无创治疗空白,high,[希维她®获批上市，填补无创治疗空白],mid,missing,688176_SH_亚虹医药.md
688180,SH,君实生物,+40.32%,mid,,missing,,missing,核心产品特瑞普利单抗适应症持续获批并纳入,high,[核心产品特瑞普利单抗适应症持续获批并纳入医保],mid,missing,688180_SH_君实生物.md
688181,SH,八亿时空,+17.72%,high,+5.83%,high,,missing,液晶主业稳健增长,high,[液晶主业稳健增长],mid,missing,688181_SH_八亿时空.md
688182,SH,灿勤科技,,missing,,missing,,missing,,missing,,missing,missing,688182_SH_灿勤科技.md
688183,SH,生益电子,+242.0%,mid,+344.0%,high,,missing,AI算力需求爆发,high,[AI算力需求爆发],mid,missing,688183_SH_生益电子.md
688184,SH,ST帕瓦,-27.86%,high,,missing,,missing,行业产能过剩与价格战,high,[行业产能过剩与价格战],mid,missing,688184_SH_ST帕瓦.md
688185,SH,康希诺,+26.18%,high,盈,low,↓,low,核心产品曼海欣®持续放量,high,[核心产品曼海欣®持续放量],mid,low,688185_SH_康希诺.md
688187,SH,时代电气,+26.35%,mid,,missing,,missing,,missing,[新兴装备业务高速增长],mid,missing,688187_SH_时代电气.md
688188,SH,柏楚电子,+83.0%,mid,,missing,,missing,高功率激光切割控制系统国产替代加速,high,[高功率激光切割控制系统国产替代加速],mid,missing,688188_SH_柏楚电子.md
688190,SH,云路股份,+14.66%,mid,-18.45%,high,,missing,市场竞争加剧，产品售价承压,high,[市场竞争加剧，产品售价承压],mid,missing,688190_SH_云路股份.md
688191,SH,智洋创新,+21.69%,high,+30.91%,high,,missing,电力行业持续投入,high,[电力行业持续投入],mid,missing,688191_SH_智洋创新.md
688192,SH,迪哲医药,-70.0%,mid,,missing,↑,low,舒沃哲®中美双获批+医保纳入,high,[舒沃哲®中美双获批+医保纳入],mid,missing,688192_SH_迪哲医药.md
688195,SH,腾景科技,+31.54%,high,,missing,,missing,AI算力需求爆发,high,[AI算力需求爆发],mid,missing,688195_SH_腾景科技.md
688197,SH,首药控股,+119.88%,high,,missing,,missing,核心管线进入NDA审评阶段,high,[核心管线进入NDA审评阶段],mid,missing,688197_SH_首药控股.md
688198,SH,佰仁医疗,+23.16%,mid,,missing,,missing,瓣膜病全生命周期管理理念普及,high,[瓣膜病全生命周期管理理念普及],mid,missing,688198_SH_佰仁医疗.md
688199,SH,久日新材,,missing,盈,low,,missing,光引发剂价格回升,high,[光引发剂价格回升],mid,missing,688199_SH_久日新材.md
688202,SH,美迪西,+12.08%,high,,missing,,missing,行业需求回暖+新签订单高增,high,[行业需求回暖+新签订单高增],mid,missing,688202_SH_美迪西.md
688203,SH,海正生材,-24.75%,high,-72.21%,high,,missing,行业产能过剩与价格战,high,[行业产能过剩与价格战],mid,missing,688203_SH_海正生材.md
688206,SH,概伦电子,+15.41%,mid,盈,low,,missing,EDA产品竞争力提升,high,[EDA产品竞争力提升],mid,missing,688206_SH_概伦电子.md
688207,SH,格灵深瞳,+32.61%,high,-90.0%,mid,,missing,收购国科亿道,high,[大客户框架合同到期],mid,missing,688207_SH_格灵深瞳.md
688208,SH,道通科技,,missing,,missing,,missing,,missing,,missing,missing,688208_SH_道通科技.md
688211,SH,中科微至,+2.57%,high,,missing,,missing,行业竞争加剧与定价策略调整,high,[行业竞争加剧与定价策略调整],mid,missing,688211_SH_中科微至.md
688213,SH,思特威,+51.32%,high,+154.94%,high,↑,low,智能手机高端化突破,high,[智能手机高端化突破],mid,low,688213_SH_思特威.md
688216,SH,气派科技,+15.34%,high,,missing,,missing,半导体行业需求复苏,high,[半导体行业需求复苏],mid,missing,688216_SH_气派科技.md
688217,SH,睿昂基因,-26.84%,high,亏,low,,missing,行业竞争加剧 & 特殊事件,high,[行业竞争加剧 & 特殊事件],mid,missing,688217_SH_睿昂基因.md
688220,SH,翱捷科技,,missing,,missing,,missing,,missing,5G RedCap技术产业化加速,mid,missing,688220_SH_翱捷科技.md
688221,SH,前沿生物,-7.62%,mid,,missing,-7.62%,high,小核酸药物研发突破,high,[小核酸药物研发突破],mid,missing,688221_SH_前沿生物.md
688225,SH,亚信安全,-16.5%,high,+30.0%,high,,missing,并购亚信科技,high,[行业逻辑切换：从“合规驱动”到“业务价值驱动”],mid,missing,688225_SH_亚信安全.md
688227,SH,品高股份,-8.75%,high,-8.75%,mid,,missing,地方政府财政预算趋紧,high,[地方政府财政预算趋紧],mid,missing,688227_SH_品高股份.md
688228,SH,开普云,-32.18%,high,亏,low,↑,low,战略转型收缩传统IT业务,high,[战略转型收缩传统IT业务],mid,low,688228_SH_开普云.md
688231,SH,隆达股份,+32.99%,high,+44.49%,high,↑,low,高温合金产品放量,high,[高温合金产品放量],mid,low,688231_SH_隆达股份.md
688232,SH,新点软件,+10.3%,high,-82.31%,high,,missing,政府客户预算收紧,high,[政府客户预算收紧],mid,missing,688232_SH_新点软件.md
688233,SH,神工股份,+100.15%,mid,,missing,,missing,国产替代加速,high,[“材料+零部件”一体化],mid,missing,688233_SH_神工股份.md
688234,SH,天岳先进,-17.15%,high,亏,low,,missing,“以价换量”抢占市场份额,high,[“以价换量”抢占市场份额],mid,missing,688234_SH_天岳先进.md
688235,SH,百济神州,+40.46%,high,盈,low,,missing,百悦泽®全球销售放量,high,[百悦泽®全球销售放量],mid,missing,688235_SH_百济神州.md
688236,SH,春立医疗,+29.77%,high,+118.05%,high,↑,low,集采中标与稳定供应,high,[集采中标与稳定供应],mid,low,688236_SH_春立医疗.md
688238,SH,和元生物,,missing,,missing,,missing,,missing,CDMO业务搬迁导致转移成本损失,mid,missing,688238_SH_和元生物.md
688248,SH,南网科技,+22.27%,high,,missing,,missing,新型储能规模化建设政策驱动,high,[新型储能规模化建设政策驱动],mid,missing,688248_SH_南网科技.md
688249,SH,晶合集成,+17.69%,high,+32.16%,high,,missing,产能利用率高位运行,high,[产能利用率高位运行],mid,missing,688249_SH_晶合集成.md
688255,SH,凯尔达,+16.22%,high,-16.22%,high,↑,low,,missing,[营收增长但利润下滑],high,missing,688255_SH_凯尔达.md
688256,SH,寒武纪,+453.0%,high,,missing,,missing,AI算力需求爆发,high,[AI算力需求爆发],mid,missing,688256_SH_寒武纪.md
688257,SH,新锐股份,+33.89%,high,+39.53%,high,,missing,产业链一体化与并购整合,high,[产业链一体化与并购整合],mid,missing,688257_SH_新锐股份.md
688258,SH,卓易信息,+6.23%,mid,+191.13%,high,,missing,AI编程行业爆发,high,[AI编程行业爆发],mid,missing,688258_SH_卓易信息.md
688259,SH,创耀科技,-38.89%,high,+30.62%,high,,missing,接入网业务营收大幅下滑,high,[接入网业务营收大幅下滑],high,missing,688259_SH_创耀科技.md
688260,SH,昀冢科技,,missing,,missing,,missing,MLCC项目重资产投入与产能爬坡,high,[MLCC项目重资产投入与产能爬坡],mid,missing,688260_SH_昀冢科技.md
688262,SH,国芯科技,+85.36%,high,,missing,,missing,定制芯片量产服务交付延迟,high,[定制芯片量产服务交付延迟],mid,missing,688262_SH_国芯科技.md
688266,SH,泽璟制药,+52.0%,high,,missing,,missing,四款已上市创新药组合,high,[四款已上市创新药组合],mid,missing,688266_SH_泽璟制药.md
688267,SH,中触媒,+26.88%,high,,missing,↑,low,移动源脱硝分子筛订单增加,high,[移动源脱硝分子筛订单增加],mid,missing,688267_SH_中触媒.md
688268,SH,华特气体,,missing,,missing,,missing,行业产能过剩，价格内卷,high,[行业产能过剩，价格内卷],mid,missing,688268_SH_华特气体.md
688270,SH,ST臻镭,+42.3%,mid,,missing,,missing,,missing,下游行业回暖、客户需求持续增长,mid,missing,688270_SH_ST臻镭.md
688273,SH,麦澜德,+1.66%,high,-1.98%,high,,missing,“脑机接口+”战略升级,high,[“脑机接口+”战略升级],mid,missing,688273_SH_麦澜德.md
688275,SH,万润新能,+52.76%,high,,missing,+86.58%,high,磷酸铁锂出货量同比大增64.33%,high,[磷酸铁锂出货量同比大增64.33%],mid,missing,688275_SH_万润新能.md
688276,SH,百克生物,+59.37%,mid,,missing,,missing,带状疱疹疫苗退货及降价,high,[带状疱疹疫苗退货及降价],mid,missing,688276_SH_百克生物.md
688278,SH,特宝生物,,missing,,missing,,missing,,missing,,missing,missing,688278_SH_特宝生物.md
688279,SH,峰岹科技,+81.63%,mid,,missing,,missing,自主ME内核架构,high,[自主ME内核架构],mid,missing,688279_SH_峰岹科技.md
688280,SH,精进电动,+163.85%,mid,盈,low,+4572.0%,high,核心客户车型放量,high,[核心客户车型放量],mid,low,688280_SH_精进电动.md
688282,SH,理工导航,+76.17%,high,亏,low,,missing,新定型产品放量订货,high,[新定型产品放量订货],mid,missing,688282_SH_理工导航.md
688285,SH,高铁电气,+17.16%,high,,missing,,missing,铁路固定资产投资高位运行,high,[铁路固定资产投资高位运行],mid,missing,688285_SH_高铁电气.md
688290,SH,景业智能,,missing,亏,low,↑,low,项目验收减少与审价调减,high,[项目验收减少与审价调减],mid,missing,688290_SH_景业智能.md
688291,SH,金橙子,+19.46%,high,+48.2%,high,,missing,核心业务增长,high,[费用管控与投资收益],mid,missing,688291_SH_金橙子.md
688293,SH,奥浦迈,+19.4%,high,+98.07%,high,,missing,培养基产品管线持续扩张,high,[培养基产品管线持续扩张],mid,missing,688293_SH_奥浦迈.md
688295,SH,中复神鹰,+40.87%,high,盈,low,-30.6%,high,销量增长,high,[单位生产成本下降12%],mid,low,688295_SH_中复神鹰.md
688296,SH,和达科技,,missing,,missing,,missing,地方水务企业资金紧张,high,[地方水务企业资金紧张],mid,missing,688296_SH_和达科技.md
688297,SH,中无人机,,missing,盈,low,↑,low,产品交付量激增,high,[营收规模效应显现],mid,missing,688297_SH_中无人机.md
688299,SH,长阳科技,-18.13%,high,亏,low,,missing,锂电隔膜/胶膜/光学基膜行业产能过剩、竞,high,[锂电隔膜/胶膜/光学基膜行业产能过剩、竞争加剧],mid,missing,688299_SH_长阳科技.md
688300,SH,联瑞新材,+18.7%,high,,missing,,missing,AI与高性能计算需求爆发,high,[AI与高性能计算需求爆发],mid,missing,688300_SH_联瑞新材.md
688301,SH,奕瑞科技,+22.9%,high,,missing,,missing,全产业链技术平台化战略,high,[全产业链技术平台化战略],mid,missing,688301_SH_奕瑞科技.md
688302,SH,海创药业,,missing,,missing,,missing,核心产品获批上市,high,[核心产品获批上市],mid,missing,688302_SH_海创药业.md
688303,SH,大全能源,-34.71%,mid,,missing,,missing,行业供需严重失衡，多晶硅价格暴跌,high,[行业供需严重失衡，多晶硅价格暴跌],mid,missing,688303_SH_大全能源.md
688305,SH,科德数控,+10.99%,mid,-31.79%,high,↑,low,产品结构向低毛利产线倾斜,high,[产品结构向低毛利产线倾斜],mid,low,688305_SH_科德数控.md
688306,SH,均普智能,+25.14%,mid,,missing,-40.79%,high,项目管理优化与全球供应链协同,high,[项目管理优化与全球供应链协同],mid,missing,688306_SH_均普智能.md
688308,SH,欧科亿,+29.3%,high,,missing,,missing,原材料价格大幅上涨,high,[原材料价格大幅上涨],mid,missing,688308_SH_欧科亿.md
688309,SH,恒誉环保,,missing,,missing,,missing,,missing,国家环保政策趋严（如固废综合治理行动计划等）,mid,missing,688309_SH_恒誉环保.md
688311,SH,盟升电子,,missing,,missing,↑,low,特种行业订单恢复,high,[特种行业订单恢复],mid,missing,688311_SH_盟升电子.md
688312,SH,燕麦科技,+24.33%,high,,missing,↑,low,全球消费电子需求复苏,high,[全球消费电子需求复苏],mid,missing,688312_SH_燕麦科技.md
688313,SH,仕佳光子,+300.0%,mid,,missing,,missing,AI算力需求爆发,high,[AI算力需求爆发],mid,missing,688313_SH_仕佳光子.md
688314,SH,康拓医疗,+10.01%,mid,,missing,,missing,,missing,人口老龄化、创伤手术技术进步等驱动颅骨修复需求增长,mid,missing,688314_SH_康拓医疗.md
688317,SH,之江生物,-30.13%,high,,missing,,missing,集采政策与增值税调整,high,[集采政策与增值税调整],mid,missing,688317_SH_之江生物.md
688318,SH,财富趋势,+15.85%,mid,+3.77%,high,,missing,机构客户需求减少,high,[机构客户需求减少],mid,missing,688318_SH_财富趋势.md
688319,SH,欧林生物,+19.58%,high,-11.38%,high,,missing,吸附破伤风疫苗市场领先地位,high,[吸附破伤风疫苗市场领先地位],mid,missing,688319_SH_欧林生物.md
688321,SH,微芯生物,+38.0%,high,-50.0%,mid,,missing,西格列他钠销售收入同比增长123%,high,[西格列他钠销售收入同比增长123%],mid,missing,688321_SH_微芯生物.md
688322,SH,奥比中光,+66.66%,high,盈,low,,missing,机器人业务爆发,high,[“碰一下”支付设备放量],mid,missing,688322_SH_奥比中光.md
688325,SH,赛微微电,+24.34%,high,,missing,↓,low,下游消费电子需求回暖,high,[下游消费电子需求回暖],mid,missing,688325_SH_赛微微电.md
688326,SH,经纬恒润,+23.59%,high,盈,low,,missing,前期高强度研发投入成果释放,high,[前期高强度研发投入成果释放],mid,missing,688326_SH_经纬恒润.md
688327,SH,云从科技,+25.88%,high,,missing,,missing,战略收缩低毛利业务，聚焦高价值AI项目,high,[战略收缩低毛利业务，聚焦高价值AI项目],mid,missing,688327_SH_云从科技.md
688328,SH,深科达,+1128.89%,high,,missing,+1128.89%,high,显示面板行业复苏,high,[显示面板行业复苏],mid,missing,688328_SH_深科达.md
688329,SH,艾隆科技,+35.81%,high,盈,low,+34.05%,high,自动化药房市场回暖,high,[自动化药房市场回暖],mid,low,688329_SH_艾隆科技.md
688331,SH,荣昌生物,,missing,盈,low,,missing,,missing,[核心产品放量 + 技术授权收入],mid,missing,688331_SH_荣昌生物.md
688332,SH,中科蓝讯,+3.08%,mid,+371.66%,high,,missing,前瞻性投资布局GPU/先进封装,high,[前瞻性投资布局GPU/先进封装],mid,missing,688332_SH_中科蓝讯.md
688334,SH,西高院,+8.72%,high,+20.22%,high,,missing,特高压及电网投资高景气,high,[特高压及电网投资高景气],mid,missing,688334_SH_西高院.md
688335,SH,复洁科技,,missing,盈,low,,missing,在手订单集中交付,high,[在手订单集中交付],mid,missing,688335_SH_复洁科技.md
688336,SH,三生国健,+311.49%,mid,+311.49%,high,,missing,与辉瑞达成707项目全球授权合作,high,[与辉瑞达成707项目全球授权合作],mid,missing,688336_SH_三生国健.md
688337,SH,普源精电,+16.04%,high,-34.0%,high,,missing,自研核心技术平台产品占比提升,high,[自研核心技术平台产品占比提升],mid,missing,688337_SH_普源精电.md
688338,SH,赛科希德,+108.76%,mid,,missing,,missing,医保控费与项目组套管理政策深化,high,[医保控费与项目组套管理政策深化],mid,missing,688338_SH_赛科希德.md
688345,SH,博力威,+130.15%,high,盈,low,+50.0%,high,国内两轮车换电/共享出行市场爆发,high,[国内两轮车换电/共享出行市场爆发],mid,low,688345_SH_博力威.md
688349,SH,三一重能,+54.0%,high,,missing,,missing,2024年国内陆上风机中标价格整体下降,high,[2024年国内陆上风机中标价格整体下降],mid,missing,688349_SH_三一重能.md
688351,SH,微电生理,+46.54%,high,+364.36%,high,+35.0%,high,,missing,脉冲电场消融（PFA）产品获批,mid,missing,688351_SH_微电生理.md
688353,SH,华盛锂电,+72.0%,high,+72.0%,high,,missing,下游需求爆发,high,[非经常性损益贡献],mid,missing,688353_SH_华盛锂电.md
688357,SH,建龙微纳,+48.6%,high,+55.65%,high,,missing,产品结构优化,high,[生命健康板块爆发],mid,missing,688357_SH_建龙微纳.md
688358,SH,祥生医疗,+82.22%,mid,-17.09%,high,,missing,深度全球化布局,high,[全系产品通过欧盟MDR认证],mid,missing,688358_SH_祥生医疗.md
688359,SH,三孚新科,-26.3%,high,,missing,↑,low,设备板块收入大幅下降,high,[设备板块收入大幅下降],mid,missing,688359_SH_三孚新科.md
688362,SH,甬矽电子,+7.38%,high,+23.22%,high,,missing,海外大客户突破及原有核心客户群高速成长,high,[海外大客户突破及原有核心客户群高速成长],mid,missing,688362_SH_甬矽电子.md
688363,SH,华熙生物,+3.03%,mid,+67.59%,high,,missing,主动战略收缩，聚焦利润,high,[主动战略收缩，聚焦利润],mid,missing,688363_SH_华熙生物.md
688365,SH,光云科技,+17.88%,mid,,missing,+116.7%,high,大商家SaaS战略聚焦,high,[大商家SaaS战略聚焦],mid,missing,688365_SH_光云科技.md
688366,SH,昊海生科,-27.3%,mid,,missing,,missing,人工晶状体国家集采进入第二阶段,high,[人工晶状体国家集采进入第二阶段],mid,missing,688366_SH_昊海生科.md
688367,SH,工大高科,-33.38%,high,-61.65%,high,,missing,行业周期性调整与客户投资审慎,high,[行业周期性调整与客户投资审慎],mid,missing,688367_SH_工大高科.md
688368,SH,晶丰明源,+30.4%,mid,盈,low,,missing,高性能计算电源芯片（DrMOS）突破,high,[高性能计算电源芯片（DrMOS）突破],mid,missing,688368_SH_晶丰明源.md
688369,SH,致远互联,+6.69%,high,,missing,↑,low,信创政策红利 + AI技术赋能,high,[信创政策红利 + AI技术赋能],mid,missing,688369_SH_致远互联.md
688370,SH,丛麟科技,-11.59%,high,-74.27%,high,,missing,行业产能过剩，竞争加剧,high,[行业产能过剩，竞争加剧],mid,missing,688370_SH_丛麟科技.md
688371,SH,菲沃泰,+10.37%,high,-33.02%,high,,missing,新业务扩张初期让利,high,[新业务扩张初期让利],mid,missing,688371_SH_菲沃泰.md
688372,SH,伟测科技,+46.22%,high,+110.18%,high,,missing,AI与智驾芯片需求爆发,high,[AI与智驾芯片需求爆发],mid,missing,688372_SH_伟测科技.md
688373,SH,盟科药业,,missing,,missing,,missing,单一产品商业化,high,[MRX-4 NDA受理],mid,missing,688373_SH_盟科药业.md
688375,SH,国博电子,+7.92%,mid,+4.72%,high,+226.99%,high,,missing,[收入结构优化]** ->,mid,missing,688375_SH_国博电子.md
688377,SH,迪威尔,,missing,,missing,+85.5%,high,深海油气开采需求持续向好,high,[深海油气开采需求持续向好],mid,missing,688377_SH_迪威尔.md
688378,SH,奥来德,+34.38%,mid,-95.54%,high,,missing,8.6代OLED产线集中建设,high,[8.6代OLED产线集中建设],mid,missing,688378_SH_奥来德.md
688379,SH,华光新材,+33.0%,high,+133.0%,high,↑,low,,missing,[拆迁收益确认]** ->,mid,missing,688379_SH_华光新材.md
688380,SH,中微半导,+23.0%,high,,missing,,missing,车规级MCU出货量同比增长超100%,high,[车规级MCU出货量同比增长超100%],mid,missing,688380_SH_中微半导.md
688381,SH,帝奥微,+6.8%,high,,missing,,missing,持续高研发投入,high,[全产品线布局与市场拓展],mid,missing,688381_SH_帝奥微.md
688382,SH,益方生物,,missing,,missing,,missing,高研发投入,high,[D-2570 II期数据优异],mid,missing,688382_SH_益方生物.md
688385,SH,复旦微电,+25.19%,high,,missing,,missing,FPGA及PSoC芯片需求旺盛,high,[FPGA及PSoC芯片需求旺盛],mid,missing,688385_SH_复旦微电.md
688386,SH,泛亚微透,+40.4%,high,,missing,,missing,增资控股凌天达,high,[ePTFE微透产品持续进口替代],mid,missing,688386_SH_泛亚微透.md
688387,SH,信科移动,+45.08%,mid,,missing,,missing,国内5G资本开支进入下行期,high,[国内5G资本开支进入下行期],mid,missing,688387_SH_信科移动.md
688388,SH,嘉元科技,+47.85%,high,盈,low,,missing,下游需求复苏 + 产能释放,high,[下游需求复苏 + 产能释放],mid,missing,688388_SH_嘉元科技.md
688389,SH,普门科技,+150.26%,mid,-46.66%,high,,missing,营收结构变化,high,[消费者健康业务爆发],mid,missing,688389_SH_普门科技.md
688392,SH,骄成超声,+47.08%,high,+133.02%,high,,missing,新能源电池行业需求回暖,high,[新能源电池行业需求回暖],mid,missing,688392_SH_骄成超声.md
688395,SH,正弦电气,+20.48%,high,+5.92%,high,,missing,一体化专机与新能源业务放量,high,[一体化专机与新能源业务放量],mid,missing,688395_SH_正弦电气.md
688396,SH,华润微,+9.24%,high,-13.37%,high,,missing,IDM全产业链一体化优势,high,[IDM全产业链一体化优势],mid,missing,688396_SH_华润微.md
688398,SH,赛特新材,+6.57%,high,-68.66%,high,,missing,,missing,市场竞争加剧与产品均价下降,mid,missing,688398_SH_赛特新材.md
688399,SH,硕世生物,+3.02%,high,,missing,,missing,新冠业务退潮,high,[应收款项减值转回减少],high,missing,688399_SH_硕世生物.md
688401,SH,路维光电,,missing,,missing,,missing,,missing,,missing,missing,688401_SH_路维光电.md
688408,SH,中信博,-23.72%,high,亏,low,,missing,组件价格波动与下游观望,high,[组件价格波动与下游观望],mid,missing,688408_SH_中信博.md
688416,SH,恒烁股份,+27.49%,high,,missing,,missing,行业景气度回升+出货量增长,high,[行业景气度回升+出货量增长],mid,missing,688416_SH_恒烁股份.md
688418,SH,震有科技,+45.03%,mid,,missing,+199.76%,high,运营商资本开支收缩,high,[运营商资本开支收缩],mid,missing,688418_SH_震有科技.md
688420,SH,美腾科技,-6.35%,high,亏,low,,missing,煤炭行业下行周期,high,[煤炭行业下行周期],mid,missing,688420_SH_美腾科技.md
688425,SH,铁建重工,,missing,-14.46%,mid,,missing,,missing,国家水利水电投资持续高位（2025年1.28万亿元，雅鲁藏布,mid,missing,688425_SH_铁建重工.md
688426,SH,康为世纪,+53.74%,high,,missing,,missing,科技服务业务爆发式增长,high,[科技服务业务爆发式增长],mid,missing,688426_SH_康为世纪.md
688428,SH,诺诚健华,+135.27%,high,盈,low,,missing,奥布替尼持续拓展适应症并纳入医保,high,[奥布替尼持续拓展适应症并纳入医保],mid,missing,688428_SH_诺诚健华.md
688432,SH,有研硅,,missing,-10.14%,high,,missing,8英寸硅片产能扩张,high,[8英寸硅片产能扩张],mid,missing,688432_SH_有研硅.md
688449,SH,联芸科技,+13.06%,high,+130.43%,high,,missing,PC-OEM市场突破与PCIe 4.0/,high,[PC-OEM市场突破与PCIe 4.0/5.0产品放量],mid,missing,688449_SH_联芸科技.md
688450,SH,光格科技,+18.18%,mid,,missing,,missing,,missing,政府基建项目推进效率受地方财政压力传导影响,high,missing,688450_SH_光格科技.md
688455,SH,科捷智能,+64.1%,high,盈,low,,missing,海外市场爆发,high,[聚焦高价值大项目],mid,missing,688455_SH_科捷智能.md
688456,SH,有研粉材,+20.89%,high,,missing,+984.0%,high,AI算力与新能源需求爆发,high,[AI算力与新能源需求爆发],mid,missing,688456_SH_有研粉材.md
688466,SH,金科环境,-26.46%,mid,,missing,,missing,主动收缩市政传统业务,high,[主动收缩市政传统业务],mid,missing,688466_SH_金科环境.md
688469,SH,芯联集成,,missing,+24.68%,high,,missing,一站式系统代工模式,high,[一站式系统代工模式],mid,missing,688469_SH_芯联集成.md
688475,SH,萤石网络,+14.51%,mid,,missing,,missing,端云协同AI大模型落地,high,[端云协同AI大模型落地],mid,missing,688475_SH_萤石网络.md
688479,SH,友车科技,+107.67%,mid,-47.13%,high,,missing,汽车行业竞争加剧，客户预算缩减,high,[汽车行业竞争加剧，客户预算缩减],mid,missing,688479_SH_友车科技.md
688486,SH,龙迅股份,+21.93%,high,+29.64%,high,,missing,国产替代加速,high,[高研发投入构筑壁垒],mid,missing,688486_SH_龙迅股份.md
688488,SH,艾迪药业,+72.0%,high,,missing,,missing,抗HIV创新药商业化放量,high,[抗HIV创新药商业化放量],mid,missing,688488_SH_艾迪药业.md
688498,SH,源杰科技,,missing,盈,low,,missing,AI算力需求爆发,high,[AI算力需求爆发],mid,missing,688498_SH_源杰科技.md
688499,SH,利元亨,,missing,盈,low,,missing,,missing,固态电池整线项目完成交付并实现客户阶段性目标,mid,missing,688499_SH_利元亨.md
688500,SH,慧辰股份,,missing,+63.43%,high,,missing,客户集中度高,high,[数据采购成本高企],mid,missing,688500_SH_慧辰股份.md
688501,SH,青达环保,+52.9%,high,+88.16%,high,,missing,国家煤电“三改联动”政策驱动,high,[国家煤电“三改联动”政策驱动],mid,missing,688501_SH_青达环保.md
688502,SH,茂莱光学,+37.42%,high,,missing,↑,low,半导体领域需求爆发,high,[半导体领域需求爆发],mid,missing,688502_SH_茂莱光学.md
688503,SH,聚和材料,+16.86%,high,,missing,+59.31%,high,白银价格大幅上涨,high,[白银价格大幅上涨],mid,missing,688503_SH_聚和材料.md
688505,SH,复旦张江,,missing,亏,low,,missing,里葆多®未中选第十批国家集采,high,[里葆多®未中选第十批国家集采],mid,missing,688505_SH_复旦张江.md
688510,SH,航亚科技,+13.94%,mid,-19.44%,high,,missing,海外特种工艺供应链瓶颈,high,[海外特种工艺供应链瓶颈],mid,missing,688510_SH_航亚科技.md
688513,SH,苑东生物,+19.24%,mid,,missing,,missing,第十批国家集采执标,high,[第十批国家集采执标],mid,missing,688513_SH_苑东生物.md
688516,SH,奥特维,+13.82%,mid,-64.64%,high,,missing,光伏行业产能严重过剩,high,[光伏行业产能严重过剩],mid,missing,688516_SH_奥特维.md
688518,SH,联赢激光,,missing,,missing,,missing,,missing,,missing,missing,688518_SH_联赢激光.md
688519,SH,南亚新材,+55.52%,high,,missing,+68.59%,high,AI算力需求爆发,high,[AI算力需求爆发],mid,missing,688519_SH_南亚新材.md
688520,SH,神州细胞,,missing,亏,low,,missing,核心产品安佳因®多次降价,high,[核心产品安佳因®多次降价],mid,missing,688520_SH_神州细胞.md
688521,SH,芯原股份,,missing,,missing,,missing,AI算力需求爆发,high,[AI算力需求爆发],mid,missing,688521_SH_芯原股份.md
688522,SH,纳睿雷达,+33.49%,high,,missing,,missing,水利测雨雷达需求爆发,high,[水利测雨雷达需求爆发],mid,missing,688522_SH_纳睿雷达.md
688523,SH,航天环宇,+56.75%,mid,-53.14%,high,+213.88%,high,,missing,下游客户压价与产品结构变化,mid,missing,688523_SH_航天环宇.md
688525,SH,佰维存储,+68.82%,high,,missing,,missing,AI端侧存储需求爆发,high,[AI端侧存储需求爆发],mid,missing,688525_SH_佰维存储.md
688526,SH,科前生物,,missing,+9.51%,high,,missing,猪用疫苗龙头地位稳固,high,[猪用疫苗龙头地位稳固],mid,missing,688526_SH_科前生物.md
688528,SH,秦川物联,+62.63%,mid,,missing,↓,low,国内智能燃气表市场竞争白热化,high,[国内智能燃气表市场竞争白热化],mid,missing,688528_SH_秦川物联.md
688529,SH,豪森智能,,missing,,missing,,missing,海外项目交付周期拉长,high,[海外项目交付周期拉长],mid,missing,688529_SH_豪森智能.md
688530,SH,欧莱新材,+25.04%,mid,-242.0%,high,,missing,原材料价格大幅上涨,high,[原材料价格大幅上涨],mid,missing,688530_SH_欧莱新材.md
688531,SH,日联科技,+106.62%,high,,missing,+512.23%,high,全谱系X射线源产业化加速,high,[全谱系X射线源产业化加速],mid,missing,688531_SH_日联科技.md
688536,SH,思瑞浦,+198.6%,mid,盈,low,,missing,AI算力需求爆发,high,[AI算力需求爆发],mid,missing,688536_SH_思瑞浦.md
688539,SH,高华科技,+17.32%,high,-38.37%,high,,missing,商业航天高景气,high,[扣非净利润下降38.37%],mid,missing,688539_SH_高华科技.md
688543,SH,国科军工,,missing,+41.92%,high,,missing,,missing,公司持续高研发投入，突破低成本发动机设计技术,mid,missing,688543_SH_国科军工.md
688545,SH,兴福电子,+13.78%,mid,,missing,,missing,集成电路国产替代加速,high,[集成电路国产替代加速],mid,missing,688545_SH_兴福电子.md
688548,SH,广钢气体,+15.26%,high,,missing,,missing,电子大宗气体项目陆续投产,high,[电子大宗气体项目陆续投产],mid,missing,688548_SH_广钢气体.md
688550,SH,瑞联新材,+141.34%,high,,missing,,missing,医药板块营收大幅增长89.55%,high,[医药板块营收大幅增长89.55%],mid,missing,688550_SH_瑞联新材.md
688551,SH,科威尔,+7.18%,high,+30.38%,high,↑,low,测试电源业务稳健增长,high,[测试电源业务稳健增长],mid,low,688551_SH_科威尔.md
688552,SH,航天南湖,,missing,盈,low,+98.77%,high,军贸业务爆发,high,[经营活动现金流为负],mid,missing,688552_SH_航天南湖.md
688553,SH,汇宇制药,+32.23%,mid,亏,low,,missing,集采降价,high,[持有同源康医药股价暴跌],mid,missing,688553_SH_汇宇制药.md
688556,SH,高测股份,-18.43%,high,,missing,,missing,光伏行业产能严重过剩，价格战持续,high,[光伏行业产能严重过剩，价格战持续],mid,missing,688556_SH_高测股份.md
688557,SH,兰剑智能,+2.32%,high,-2.32%,high,,missing,新增订单高增长,high,[RaaS代运营模式],mid,missing,688557_SH_兰剑智能.md
688558,SH,国盛智科,+22.34%,high,,missing,,missing,数控机床高端化与国产替代,high,[数控机床高端化与国产替代],mid,missing,688558_SH_国盛智科.md
688562,SH,航天软件,+4.59%,mid,,missing,,missing,业务结构调整，提升高毛利业务占比,high,[业务结构调整，提升高毛利业务占比],mid,missing,688562_SH_航天软件.md
688563,SH,航材股份,+6.84%,mid,-8.75%,high,↑,low,行业交付节奏变化,high,[行业交付节奏变化],mid,low,688563_SH_航材股份.md
688565,SH,力源科技,+54.09%,mid,-23.89%,mid,↑,low,核电/火电凝结水精处理系统设备订单充足,high,[核电/火电凝结水精处理系统设备订单充足],mid,low,688565_SH_力源科技.md
688568,SH,中科星图,-17.83%,high,-91.64%,high,,missing,战略转型期新旧动能切换,high,[战略转型期新旧动能切换],mid,missing,688568_SH_中科星图.md
688569,SH,铁科轨道,,missing,,missing,,missing,高铁建设投资周期,high,[高铁建设投资周期],mid,missing,688569_SH_铁科轨道.md
688570,SH,天玛智控,+15.66%,mid,-71.19%,high,,missing,煤炭行业周期性下行,high,[煤炭行业周期性下行],mid,missing,688570_SH_天玛智控.md
688571,SH,杭华股份,-1.61%,high,-21.97%,high,,missing,,missing,下游印刷市场需求疲软与竞争加剧,mid,missing,688571_SH_杭华股份.md
688578,SH,艾力斯,+45.8%,high,+48.54%,high,,missing,核心产品伏美替尼持续放量,high,[核心产品伏美替尼持续放量],mid,missing,688578_SH_艾力斯.md
688579,SH,地纬智能,+6.53%,mid,,missing,↑,low,市场竞争加剧 & 项目周期延长,high,[市场竞争加剧 & 项目周期延长],mid,missing,688579_SH_地纬智能.md
688581,SH,安杰思,+12.78%,mid,-24.43%,high,↓,low,国内集采与医保控费,high,[国内集采与医保控费],mid,low,688581_SH_安杰思.md
688582,SH,芯动联科,+29.48%,high,,missing,↑,low,产品性能领先,high,[加速度计产品线完善],mid,missing,688582_SH_芯动联科.md
688584,SH,上海合晶,+18.27%,high,,missing,,missing,全球半导体市场复苏,high,[全球半导体市场复苏],mid,missing,688584_SH_上海合晶.md
688585,SH,上纬新材,+20.29%,high,-53.67%,high,,missing,风电行业高景气度,high,[风电行业高景气度],mid,missing,688585_SH_上纬新材.md
688586,SH,江航装备,-13.3%,high,-56.13%,high,,missing,航空军品订单交付节奏放缓,high,[航空军品订单交付节奏放缓],mid,missing,688586_SH_江航装备.md
688589,SH,力合微,+41.29%,high,-92.67%,high,,missing,智能电网招标规模缩减,high,[智能电网招标规模缩减],mid,missing,688589_SH_力合微.md
688591,SH,泰凌微,+40.18%,high,,missing,,missing,音频芯片放量,high,[端侧AI芯片量产],mid,missing,688591_SH_泰凌微.md
688593,SH,新相微,+20.86%,high,,missing,,missing,分离型显示芯片销量爆发,high,[分离型显示芯片销量爆发],mid,missing,688593_SH_新相微.md
688595,SH,芯海科技,+20.82%,high,,missing,,missing,战略新品（BMS、PPG、USB-HUB,high,[战略新品（BMS、PPG、USB-HUB）放量],mid,missing,688595_SH_芯海科技.md
688596,SH,正帆科技,-10.0%,high,+58.6%,high,,missing,下游资本开支放缓,high,[下游资本开支放缓],mid,missing,688596_SH_正帆科技.md
688597,SH,煜邦电力,+13.93%,mid,,missing,,missing,储能业务爆发式增长,high,[储能业务爆发式增长],mid,missing,688597_SH_煜邦电力.md
688600,SH,皖仪科技,+42.0%,high,+282.0%,high,+375.0%,high,,missing,产品结构优化与降本增效,mid,missing,688600_SH_皖仪科技.md
688602,SH,康鹏科技,+14.0%,high,,missing,,missing,CDMO医药中间体一季度集中出货,high,[CDMO医药中间体一季度集中出货],mid,missing,688602_SH_康鹏科技.md
688606,SH,奥泰生物,+12.07%,high,-67.0%,mid,,missing,海外渠道拓展,high,[美元汇率波动与利息收入减少],mid,missing,688606_SH_奥泰生物.md
688607,SH,康众医疗,+7.63%,high,亏,low,↑,low,工业/安检业务爆发,high,[工业/安检业务爆发],mid,low,688607_SH_康众医疗.md
688608,SH,恒玄科技,+47.0%,high,,missing,,missing,营收结构多元化,high,[6nm先进制程SoC量产],mid,missing,688608_SH_恒玄科技.md
688609,SH,九联科技,+47.93%,mid,,missing,+442.57%,high,,missing,[中国移动集采单价下降+出货放缓],mid,missing,688609_SH_九联科技.md
688610,SH,埃科光电,+56.87%,mid,盈,low,,missing,AI算力投资爆发+PCB产业升级,high,[AI算力投资爆发+PCB产业升级],mid,missing,688610_SH_埃科光电.md
688611,SH,杭州柯林,+14.85%,mid,亏,low,↑,low,储能系统收入骤降,high,[储能系统收入骤降],mid,low,688611_SH_杭州柯林.md
688612,SH,威迈斯,+0.48%,high,+39.51%,high,,missing,产品结构调优,high,[800V高压平台产品量产],mid,missing,688612_SH_威迈斯.md
688617,SH,惠泰医疗,+29.81%,mid,,missing,,missing,PFA脉冲消融产品获批上市,high,[PFA脉冲消融产品获批上市],mid,missing,688617_SH_惠泰医疗.md
688619,SH,罗普特,,missing,,missing,,missing,客户需求延迟与项目工期拉长,high,[客户需求延迟与项目工期拉长],mid,missing,688619_SH_罗普特.md
688620,SH,安凯微,-75.0%,mid,-75.0%,mid,,missing,行业竞争加剧导致产品价格承压,high,[行业竞争加剧导致产品价格承压],mid,missing,688620_SH_安凯微.md
688626,SH,翔宇医疗,+46.67%,mid,+3.26%,high,,missing,研发投入高增,high,[康复评定设备放量],mid,missing,688626_SH_翔宇医疗.md
688627,SH,精智达,+40.46%,high,+4.75%,high,,missing,半导体存储测试设备业务高速增长,high,[半导体存储测试设备业务高速增长],mid,missing,688627_SH_精智达.md
688628,SH,优利德,+7.99%,high,-15.83%,high,,missing,越南基地投产与产能爬坡,high,[越南基地投产与产能爬坡],mid,missing,688628_SH_优利德.md
688629,SH,华丰科技,,missing,,missing,,missing,AI算力需求爆发,high,[AI算力需求爆发],mid,missing,688629_SH_华丰科技.md
688630,SH,芯碁微装,+112.5%,mid,,missing,,missing,AI算力需求爆发,high,[AI算力需求爆发],mid,missing,688630_SH_芯碁微装.md
688631,SH,莱斯信息,+3.15%,mid,-57.18%,high,↓,low,城市道路交通管理业务收入大幅下降,high,[城市道路交通管理业务收入大幅下降],mid,low,688631_SH_莱斯信息.md
688633,SH,星球石墨,+27.47%,high,,missing,+69.68%,high,海外大单落地,high,[产业链向上游延伸],mid,missing,688633_SH_星球石墨.md
688636,SH,智明达,+167.0%,mid,+425.27%,high,↓,low,“十四五”收官年客户需求集中释放,high,[“十四五”收官年客户需求集中释放],mid,low,688636_SH_智明达.md
688638,SH,誉辰智能,+42.47%,high,,missing,,missing,嘉洋电池并表,high,[行业竞争加剧与设备验收滞后],mid,missing,688638_SH_誉辰智能.md
688646,SH,ST逸飞,+59.12%,mid,-292.49%,mid,,missing,行业竞争加剧与产品降价,high,[行业竞争加剧与产品降价],mid,missing,688646_SH_ST逸飞.md
688652,SH,京仪装备,+38.95%,high,-3.26%,high,,missing,半导体设备国产替代需求旺盛,high,[半导体设备国产替代需求旺盛],mid,missing,688652_SH_京仪装备.md
688655,SH,迅捷兴,+45.21%,high,亏,low,,missing,珠海新工厂投产，产能爬坡期固定成本高企,high,[珠海新工厂投产，产能爬坡期固定成本高企],mid,missing,688655_SH_迅捷兴.md
688656,SH,浩欧博,+18.99%,mid,-36.96%,high,,missing,行业政策收紧与医保控费,high,[行业政策收紧与医保控费],mid,missing,688656_SH_浩欧博.md
688657,SH,浩辰软件,+14.89%,high,+40.0%,high,,missing,云化C端付费用户增长,high,[云化C端付费用户增长],mid,missing,688657_SH_浩辰软件.md
688658,SH,悦康药业,-35.3%,high,-25.32%,mid,,missing,核心产品“银杏叶提取物注射液”价格与销售,high,[核心产品“银杏叶提取物注射液”价格与销售策略调整],mid,missing,688658_SH_悦康药业.md
688659,SH,元琛科技,+10.95%,high,,missing,,missing,下游行业景气度下行,high,[下游行业景气度下行],mid,missing,688659_SH_元琛科技.md
688660,SH,电气风电,+31.07%,high,,missing,,missing,新接订单大幅增长,high,[新接订单大幅增长],mid,missing,688660_SH_电气风电.md
688661,SH,和林微纳,,missing,,missing,,missing,,missing,全球半导体产业进入结构性扩张阶段，AI算力芯片需求爆发,mid,missing,688661_SH_和林微纳.md
688665,SH,四方光电,+996.0%,mid,,missing,↑,low,北美温室减排政策与低GWP制冷剂替代,high,[北美温室减排政策与低GWP制冷剂替代],mid,missing,688665_SH_四方光电.md
688667,SH,菱电电控,+330.97%,mid,+750.56%,high,,missing,供应链优化与研发降本,high,[供应链优化与研发降本],mid,missing,688667_SH_菱电电控.md
688668,SH,鼎通科技,+53.94%,high,+110.0%,high,,missing,AI算力需求爆发,high,[AI算力需求爆发],mid,missing,688668_SH_鼎通科技.md
688670,SH,金迪克,,missing,,missing,,missing,产品结构单一,high,[在研管线远水难解近渴],mid,missing,688670_SH_金迪克.md
688671,SH,碧兴物联,+11.12%,mid,亏,low,↓,low,行业需求萎缩与竞争加剧,high,[行业需求萎缩与竞争加剧],mid,low,688671_SH_碧兴物联.md
688676,SH,金盘科技,+196.78%,high,,missing,↑,low,AIDC数据中心需求爆发,high,[AIDC数据中心需求爆发],mid,missing,688676_SH_金盘科技.md
688677,SH,海泰新光,,missing,,missing,,missing,美国大客户深度绑定,high,[美国大客户深度绑定],mid,missing,688677_SH_海泰新光.md
688678,SH,福立旺,+53.46%,high,,missing,,missing,3C精密零部件大客户订单放量,high,[3C精密零部件大客户订单放量],mid,missing,688678_SH_福立旺.md
688679,SH,通源环境,+77.29%,mid,亏,low,+158.98%,high,行业竞争加剧与毛利率下滑,high,[行业竞争加剧与毛利率下滑],high,low,688679_SH_通源环境.md
688680,SH,海优新材,+231.31%,mid,,missing,,missing,光伏行业产能过剩与价格战,high,[光伏行业产能过剩与价格战],mid,missing,688680_SH_海优新材.md
688682,SH,霍莱沃,+37.0%,high,亏,low,↑,low,电磁测量系统毛利率大幅下滑,high,[电磁测量系统毛利率大幅下滑],high,low,688682_SH_霍莱沃.md
688686,SH,奥普特,+39.24%,high,,missing,+1623.62%,high,,missing,[3C与锂电行业景气复苏+工业AI渗透],mid,missing,688686_SH_奥普特.md
688687,SH,凯因科技,+11.24%,mid,-78.51%,high,,missing,核心研发项目KW-001撤回,high,[核心研发项目KW-001撤回],mid,missing,688687_SH_凯因科技.md
688690,SH,纳微科技,+22.57%,mid,盈,low,,missing,“3+2”市场策略聚焦多肽/GLP-1、,high,[“3+2”市场策略聚焦多肽/GLP-1、双抗/ADC、血制,mid,missing,688690_SH_纳微科技.md
688691,SH,灿芯股份,-60.71%,high,+60.0%,high,,missing,下游客户需求波动,high,[下游客户需求波动],mid,missing,688691_SH_灿芯股份.md
688692,SH,达梦数据,+99.73%,high,+42.76%,high,,missing,信创国产替代加速,high,[信创国产替代加速],mid,missing,688692_SH_达梦数据.md
688693,SH,锴威特,+320.0%,high,,missing,+320.0%,high,营收高增但持续亏损,high,[营收高增但持续亏损],high,missing,688693_SH_锴威特.md
688696,SH,极米科技,+2.53%,mid,+19.4%,high,,missing,产品结构优化与成本管控,high,[产品结构优化与成本管控],mid,missing,688696_SH_极米科技.md
688697,SH,纽威数控,+17.52%,high,-6.43%,high,,missing,产能扩张与规模效应,high,[产能扩张与规模效应],mid,missing,688697_SH_纽威数控.md
688698,SH,伟创电气,+18.66%,high,,missing,,missing,“一核两新”战略（工业自动化+具身智能+,high,[“一核两新”战略（工业自动化+具身智能+绿色能源）],mid,missing,688698_SH_伟创电气.md
688699,SH,明微电子,+9.48%,high,,missing,,missing,营收增长但亏损扩大,high,[营收增长但亏损扩大],high,missing,688699_SH_明微电子.md
688702,SH,盛科通信,+81.0%,mid,盈,low,,missing,持续高强度研发投入,high,[持续高强度研发投入],mid,missing,688702_SH_盛科通信.md
688707,SH,振华新材,,missing,,missing,,missing,磷酸铁锂挤压三元市场,high,[磷酸铁锂挤压三元市场],mid,missing,688707_SH_振华新材.md
688712,SH,北芯生命,+71.22%,high,盈,low,+386.0%,high,,missing,精准PCI产品（IVUS/FFR）国产替代加速,mid,missing,688712_SH_北芯生命.md
688719,SH,爱科赛博,+67.14%,high,亏,low,,missing,研发投入激增,high,[存量市场竞争加剧],mid,missing,688719_SH_爱科赛博.md
688720,SH,艾森股份,+37.13%,high,+93.0%,high,,missing,先进封装与晶圆制造领域突破,high,[先进封装与晶圆制造领域突破],mid,missing,688720_SH_艾森股份.md
688721,SH,龙图光罩,,missing,-38.92%,high,,missing,行业竞争加剧，策略性降价,high,[行业竞争加剧，策略性降价],mid,missing,688721_SH_龙图光罩.md
688722,SH,同益中,+50.3%,high,-15.92%,high,↓,low,并购超美斯，并表贡献收入,high,[并购超美斯，并表贡献收入],mid,low,688722_SH_同益中.md
688726,SH,拉普拉斯,-4.64%,mid,,missing,,missing,光伏行业阶段性供需失衡,high,[光伏行业阶段性供需失衡],mid,missing,688726_SH_拉普拉斯.md
688733,SH,壹石通,+24.89%,high,亏,low,,missing,下游需求爆发,high,[第二增长曲线培育],mid,missing,688733_SH_壹石通.md
688737,SH,中自科技,+12.88%,high,,missing,,missing,新业务研发与市场投入大幅增加,high,[新业务研发与市场投入大幅增加],mid,missing,688737_SH_中自科技.md
688750,SH,金天钛业,,missing,-60.93%,high,,missing,,missing,下游航空领域部分型号订单阶段性放缓,mid,missing,688750_SH_金天钛业.md
688755,SH,汉邦科技,+6.4%,high,-53.06%,high,,missing,小分子分离纯化设备市场领先地位,high,[小分子分离纯化设备市场领先地位],mid,missing,688755_SH_汉邦科技.md
688757,SH,胜科纳米,+27.51%,high,-23.78%,high,,missing,半导体行业景气度上行 & AI/自动驾驶,high,[半导体行业景气度上行 & AI/自动驾驶需求爆发],mid,missing,688757_SH_胜科纳米.md
688758,SH,赛分科技,+3.9%,high,,missing,,missing,工业纯化业务高速增长,high,[工业纯化业务高速增长],mid,missing,688758_SH_赛分科技.md
688766,SH,普冉股份,-29.0%,mid,-29.0%,high,,missing,行业景气度回升+AI需求爆发,high,[行业景气度回升+AI需求爆发],mid,missing,688766_SH_普冉股份.md
688767,SH,博拓生物,-20.0%,high,,missing,,missing,美国加征关税与地缘政治风险,high,[美国加征关税与地缘政治风险],high,missing,688767_SH_博拓生物.md
688772,SH,珠海冠宇,+24.86%,high,+9.6%,high,,missing,消费类电池客户份额提升,high,[消费类电池客户份额提升],mid,missing,688772_SH_珠海冠宇.md
688777,SH,中控技术,-11.66%,high,-60.48%,high,,missing,宏观经济放缓与下游需求疲软,high,[宏观经济放缓与下游需求疲软],mid,missing,688777_SH_中控技术.md
688778,SH,厦钨新能,+78.9%,high,,missing,,missing,AI手机换机潮与钴出口管控,high,[AI手机换机潮与钴出口管控],mid,missing,688778_SH_厦钨新能.md
688783,SH,西安奕材,,missing,,missing,,missing,第二工厂产能爬坡与高额折旧,high,[第二工厂产能爬坡与高额折旧],mid,missing,688783_SH_西安奕材.md
688787,SH,海天瑞声,+59.0%,high,,missing,,missing,全球AI产业从“技术突破”迈向“规模化落,high,[全球AI产业从“技术突破”迈向“规模化落地”],mid,missing,688787_SH_海天瑞声.md
688788,SH,科思科技,+85.0%,high,-8.56%,mid,↓,low,营收增长但持续巨亏,high,[营收增长但持续巨亏],mid,low,688788_SH_科思科技.md
688789,SH,宏华数科,,missing,,missing,,missing,,missing,,missing,missing,688789_SH_宏华数科.md
688796,SH,百奥赛图,+40.63%,high,+416.37%,high,,missing,海外市场持续拓展,high,[海外市场持续拓展],mid,missing,688796_SH_百奥赛图.md
688798,SH,艾为电子,+24.38%,mid,-2.71%,mid,,missing,,missing,,missing,missing,688798_SH_艾为电子.md
688799,SH,华纳药厂,,missing,+45.0%,high,,missing,致根医药出表确认投资收益,high,[致根医药出表确认投资收益],mid,missing,688799_SH_华纳药厂.md
688800,SH,瑞可达,+30.5%,high,+70.63%,high,↑,low,新能源汽车行业高景气度,high,[新能源汽车行业高景气度],mid,low,688800_SH_瑞可达.md
688802,SH,沐曦股份,,missing,,missing,,missing,国产替代政策红利与地缘政治催化,high,[国产替代政策红利与地缘政治催化],mid,missing,688802_SH_沐曦股份.md
688805,SH,健信超导,+36.14%,high,,missing,,missing,无液氦超导磁体技术突破,high,[无液氦超导磁体技术突破],mid,missing,688805_SH_健信超导.md
688807,SH,优迅股份,+84.41%,high,,missing,+3645.6%,high,FTTR与千兆光网政策红利,high,[FTTR与千兆光网政策红利],mid,missing,688807_SH_优迅股份.md
688816,SH,易思维,+14.08%,high,+9.57%,high,,missing,新能源汽车渗透率提升,high,[新能源汽车渗透率提升],mid,missing,688816_SH_易思维.md
688818,SH,电科蓝天,+5.1%,high,-7.32%,high,,missing,宇航电源业务增长,high,[宇航电源业务增长],mid,missing,688818_SH_电科蓝天.md
688819,SH,天能股份,+218.36%,high,+2.38%,high,,missing,铅蓄电池基本盘稳固,high,[铅蓄电池基本盘稳固],mid,missing,688819_SH_天能股份.md
688981,SH,中芯国际,+16.5%,mid,,missing,,missing,产业链在地化转换加速,high,[产业链在地化转换加速],mid,missing,688981_SH_中芯国际.md
689009,SH,九号公司,+49.89%,high,,missing,+32.51%,high,电动两轮车销量爆发,high,[电动两轮车销量爆发],mid,missing,689009_SH_九号公司.md
920000,BJ,安徽凤凰,-2.57%,high,,missing,,missing,营收下滑但利润增长,high,[营收下滑但利润增长],high,missing,920000_BJ_安徽凤凰.md
920001,BJ,纬达光电,+17.67%,mid,,missing,,missing,三期项目投产，产能爬坡,high,[三期项目投产，产能爬坡],mid,missing,920001_BJ_纬达光电.md
920002,BJ,万达轴承,+2.16%,high,+8.87%,high,,missing,叉车行业景气度提升,high,[叉车行业景气度提升],mid,missing,920002_BJ_万达轴承.md
920003,BJ,中诚咨询,+21.35%,high,-3.8%,mid,,missing,国内固定资产投资规模下降,high,[国内固定资产投资规模下降],mid,missing,920003_BJ_中诚咨询.md
920005,BJ,鼎佳精密,+10.67%,high,+57.64%,high,,missing,下游消费电子品牌集中度高,high,[下游消费电子品牌集中度高],mid,missing,920005_BJ_鼎佳精密.md
920006,BJ,晟楠科技,,missing,盈,low,,missing,军品审价基数效应消除,high,[军品审价基数效应消除],mid,missing,920006_BJ_晟楠科技.md
920007,BJ,酉立智能,+41.47%,high,-0.53%,high,,missing,全球光伏装机高增长 + 跟踪支架渗透率提,high,[全球光伏装机高增长 + 跟踪支架渗透率提升],mid,missing,920007_BJ_酉立智能.md
920009,BJ,丹娜生物,+1.12%,high,-2.7%,high,,missing,WHO权威推荐+辉瑞战略合作,high,[WHO权威推荐+辉瑞战略合作],mid,missing,920009_BJ_丹娜生物.md
920015,BJ,锦华新材,-16.72%,high,,missing,+225.2%,high,绿色循环产业链,high,[下游需求结构变化],mid,missing,920015_BJ_锦华新材.md
920016,BJ,中草香料,+7.85%,high,-47.73%,high,,missing,凉味剂市场竞争加剧，价格承压,high,[凉味剂市场竞争加剧，价格承压],mid,missing,920016_BJ_中草香料.md
920018,BJ,宏远股份,+30.0%,high,+5.74%,high,↓,low,,missing,,missing,missing,920018_BJ_宏远股份.md
920020,BJ,泰凯英,+12.44%,high,,missing,,missing,全球矿业资本开支回升,high,[全球矿业资本开支回升],mid,missing,920020_BJ_泰凯英.md
920021,BJ,流金科技,+1.27%,mid,-30.87%,mid,↑,low,核心主业战略收缩,high,[核心主业战略收缩],mid,low,920021_BJ_流金科技.md
920022,BJ,世昌股份,+29.57%,high,,missing,↓,low,高压燃油箱量产放量,high,[高压燃油箱量产放量],mid,missing,920022_BJ_世昌股份.md
920026,BJ,卓兆点胶,,missing,,missing,,missing,消费电子需求回暖 + 存量项目集中验收,high,[消费电子需求回暖 + 存量项目集中验收],mid,missing,920026_BJ_卓兆点胶.md
920030,BJ,德众汽车,,missing,亏,low,,missing,行业价格战加剧,high,[新能源战略投入期错配],mid,missing,920030_BJ_德众汽车.md
920033,BJ,康普化学,-25.61%,high,-72.48%,high,,missing,市场竞争加剧 + 下游客户去库存,high,[市场竞争加剧 + 下游客户去库存],mid,missing,920033_BJ_康普化学.md
920035,BJ,精创电气,+10.42%,high,-0.73%,mid,,missing,海外市场高增长,high,[研发投入聚焦新赛道],mid,missing,920035_BJ_精创电气.md
920036,BJ,觅睿科技,+38.83%,high,-3.08%,high,,missing,增值服务（云存储/AI）高增长,high,[增值服务（云存储/AI）高增长],mid,missing,920036_BJ_觅睿科技.md
920037,BJ,广信科技,+37.74%,mid,+69.92%,high,+87.05%,high,,missing,,missing,missing,920037_BJ_广信科技.md
920045,BJ,蘅东光,+68.5%,high,,missing,,missing,AI算力需求爆发,high,[AI算力需求爆发],mid,missing,920045_BJ_蘅东光.md
920046,BJ,亿能电力,+16.55%,high,,missing,↓,low,核心产品变压器收入增长21.85%,high,[核心产品变压器收入增长21.85%],mid,missing,920046_BJ_亿能电力.md
920047,BJ,诺思兰德,+6.57%,mid,,missing,,missing,核心创新药NL003处于NDA审评关键阶,high,[核心创新药NL003处于NDA审评关键阶段],mid,missing,920047_BJ_诺思兰德.md
920050,BJ,爱舍伦,+42.95%,high,,missing,,missing,大客户Medline集团深度绑定,high,[大客户Medline集团深度绑定],mid,missing,920050_BJ_爱舍伦.md
920055,BJ,隆源股份,+18.05%,high,+276.88%,high,,missing,新能源汽车渗透率提升,high,[新能源汽车渗透率提升],mid,missing,920055_BJ_隆源股份.md
920056,BJ,能之光,-0.12%,mid,-0.12%,mid,,missing,核心产品国产替代,high,[核心产品国产替代],mid,missing,920056_BJ_能之光.md
920060,BJ,万源通,+23.62%,mid,,missing,,missing,汽车电子与智能驾驶渗透率提升,high,[汽车电子与智能驾驶渗透率提升],mid,missing,920060_BJ_万源通.md
920061,BJ,西磁科技,+15.24%,mid,-77.91%,high,,missing,下游锂电行业产能结构性调整,high,[下游锂电行业产能结构性调整],mid,missing,920061_BJ_西磁科技.md
920066,BJ,科拜尔,-72.0%,mid,-41.7%,high,,missing,下游家电行业需求承压,high,[下游家电行业需求承压],mid,missing,920066_BJ_科拜尔.md
920068,BJ,天工股份,-21.25%,high,-18.83%,high,,missing,消费电子需求阶段性减少,high,[消费电子需求阶段性减少],mid,missing,920068_BJ_天工股份.md
920069,BJ,普昂医疗,+16.63%,mid,,missing,+50.0%,high,全球糖尿病患病率持续攀升,high,[全球糖尿病患病率持续攀升],mid,missing,920069_BJ_普昂医疗.md
920075,BJ,柏星龙,+18.16%,mid,,missing,,missing,内需消费疲软,high,[惠州工厂产能爬坡与折旧],mid,missing,920075_BJ_柏星龙.md
920077,BJ,吉林碳谷,+58.21%,high,,missing,↑,low,下游需求回暖,high,[信用与资产减值激增],high,missing,920077_BJ_吉林碳谷.md
920078,BJ,族兴新材,+12.61%,high,,missing,+36.61%,high,销售策略调整，下沉中端市场,high,[销售策略调整，下沉中端市场],mid,missing,920078_BJ_族兴新材.md
920086,BJ,科马材料,+10.93%,high,+25.42%,high,,missing,商用车市场回暖,high,[T2干式挤浸工艺优化],mid,missing,920086_BJ_科马材料.md
920087,BJ,秋乐种业,+41.19%,mid,,missing,,missing,玉米种子市场供需失衡,high,[玉米种子市场供需失衡],mid,missing,920087_BJ_秋乐种业.md
920090,BJ,_ST同辉,,missing,盈,low,,missing,大股东与战投方治理冲突,high,[大股东与战投方治理冲突],mid,missing,920090_BJ__ST同辉.md
920092,BJ,汉鑫科技,-61.21%,mid,-61.21%,mid,,missing,宏观经济下行与政府预算收缩,high,[宏观经济下行与政府预算收缩],mid,missing,920092_BJ_汉鑫科技.md
920098,BJ,科隆新材,+82.0%,high,-32.33%,high,,missing,下游客户降本增效,high,[下游客户降本增效],mid,missing,920098_BJ_科隆新材.md
920106,BJ,林泰新材,+34.44%,high,-74.22%,mid,,missing,混动汽车渗透率快速提升,high,[混动汽车渗透率快速提升],mid,missing,920106_BJ_林泰新材.md
920108,BJ,宏海科技,+10.79%,high,-71.88%,high,,missing,泰国子公司量产爬坡,high,[泰国子公司量产爬坡],mid,missing,920108_BJ_宏海科技.md
920110,BJ,雷特科技,+30.64%,mid,+0.98%,high,,missing,智能家居产品生态建设,high,[智能家居产品生态建设],mid,missing,920110_BJ_雷特科技.md
920111,BJ,聚星科技,+23.26%,high,,missing,,missing,银铜原材料价格上涨,high,[银铜原材料价格上涨],mid,missing,920111_BJ_聚星科技.md
920112,BJ,巴兰仕,+5.98%,high,+13.05%,high,,missing,外销占比高+汇率波动,high,[外销占比高+汇率波动],mid,missing,920112_BJ_巴兰仕.md
920116,BJ,星图测控,+11.41%,high,,missing,,missing,商业航天市场爆发,high,[商业航天市场爆发],mid,missing,920116_BJ_星图测控.md
920119,BJ,美德乐,+20.31%,high,,missing,+124.5%,high,新能源电池与储能市场双重爆发,high,[新能源电池与储能市场双重爆发],mid,missing,920119_BJ_美德乐.md
920121,BJ,江天科技,+12.87%,mid,,missing,,missing,大客户高度集中,high,[中高端消费品标签定位],mid,missing,920121_BJ_江天科技.md
920124,BJ,南特科技,+6.16%,high,,missing,↓,low,下游空调压缩机行业高景气度,high,[下游空调压缩机行业高景气度],mid,missing,920124_BJ_南特科技.md
920128,BJ,胜业电气,-13.05%,high,-61.19%,high,,missing,主动优化低盈利订单,high,[主动优化低盈利订单],mid,missing,920128_BJ_胜业电气.md
920130,BJ,立方控股,+23.66%,high,,missing,,missing,智慧停车系统与停车运营服务双轮驱动,high,[智慧停车系统与停车运营服务双轮驱动],mid,missing,920130_BJ_立方控股.md
920139,BJ,华岭股份,+23.02%,mid,,missing,,missing,,missing,,missing,missing,920139_BJ_华岭股份.md
920149,BJ,旭杰科技,,missing,,missing,,missing,收购中新旭德（光伏电站运营）,high,[收购中新旭德（光伏电站运营）],mid,missing,920149_BJ_旭杰科技.md
920158,BJ,长江能科,+11.94%,mid,+10.71%,high,↓,low,海外市场爆发,high,[高毛利电脱设备交付增加],mid,low,920158_BJ_长江能科.md
920159,BJ,农大科技,+1.72%,mid,,missing,↑,low,预收款模式与现金流,high,[预收款模式与现金流],mid,missing,920159_BJ_农大科技.md
920160,BJ,北矿检测,+26.6%,high,+40.07%,high,↑,low,检验检测行业需求增长,high,[检验检测行业需求增长],mid,low,920160_BJ_北矿检测.md
920163,BJ,方大新材,+16.37%,high,,missing,+75.74%,high,产能释放与市场拓展,high,[产能释放与市场拓展],mid,missing,920163_BJ_方大新材.md
920166,BJ,海圣医疗,+52.01%,high,+21.01%,high,,missing,,missing,研发投入增加（研发费用增长20.67%，研发人员增加）,mid,missing,920166_BJ_海圣医疗.md
920175,BJ,东方碳素,-22.12%,high,,missing,+48.24%,high,下游光伏新能源需求放缓,high,[下游光伏新能源需求放缓],mid,missing,920175_BJ_东方碳素.md
920180,BJ,爱得科技,+28.89%,mid,,missing,,missing,集采政策全面落地，边际影响趋缓,high,[集采政策全面落地，边际影响趋缓],mid,missing,920180_BJ_爱得科技.md
920184,BJ,国源科技,+40.0%,mid,+83.46%,high,,missing,国家政策支持资金到位,high,[国家政策支持资金到位],mid,missing,920184_BJ_国源科技.md
920187,BJ,通领科技,+14.66%,mid,-8.87%,mid,,missing,海外市场需求增长,high,[海外市场需求增长],mid,missing,920187_BJ_通领科技.md
920190,BJ,雷神科技,+17.65%,mid,,missing,↑,low,“电竞+信创”双轮驱动战略,high,[“电竞+信创”双轮驱动战略],mid,missing,920190_BJ_雷神科技.md
920199,BJ,倍益康,+43.52%,mid,-85.7%,high,,missing,宏观经济疲软与消费降级,high,[宏观经济疲软与消费降级],mid,missing,920199_BJ_倍益康.md
920208,BJ,青矩技术,,missing,,missing,+47.53%,high,投资结构优化，聚焦能源化工与先进制造,high,[投资结构优化，聚焦能源化工与先进制造],mid,missing,920208_BJ_青矩技术.md
920212,BJ,智新电子,+23.84%,mid,-39.85%,high,+152.0%,high,,missing,[储能客户暴雷]** ->,mid,missing,920212_BJ_智新电子.md
920223,BJ,荣亿精密,+50.84%,high,,missing,,missing,汽车类定点项目集中量产,high,[汽车类定点项目集中量产],mid,missing,920223_BJ_荣亿精密.md
920225,BJ,利通科技,+7.75%,mid,-31.42%,high,,missing,海外收入占比高且毛利率高,high,[海外收入占比高且毛利率高],mid,missing,920225_BJ_利通科技.md
920227,BJ,美登科技,+5.22%,mid,,missing,,missing,电商平台生态依赖,high,[电商平台生态依赖],mid,missing,920227_BJ_美登科技.md
920230,BJ,欧康医药,+173.95%,mid,-48.79%,high,,missing,募投项目转固，折旧大幅增加,high,[募投项目转固，折旧大幅增加],mid,missing,920230_BJ_欧康医药.md
920237,BJ,力佳科技,-8.54%,high,-42.6%,mid,,missing,出口退税率下调,high,[汇率波动与理财结构调整],mid,missing,920237_BJ_力佳科技.md
920249,BJ,利尔达,+24.18%,high,盈,low,,missing,物联网模组及系统解决方案业务高增,high,[物联网模组及系统解决方案业务高增],mid,missing,920249_BJ_利尔达.md
920260,BJ,中寰股份,+77.68%,high,-5.6%,high,,missing,橇装设备业务突破,high,[橇装设备业务突破],mid,missing,920260_BJ_中寰股份.md
920261,BJ,一诺威,+9.37%,high,,missing,,missing,聚氨酯双产业链规模优势,high,[聚氨酯双产业链规模优势],mid,missing,920261_BJ_一诺威.md
920262,BJ,太湖雪,+50.1%,mid,,missing,,missing,直播电商爆发式增长,high,[直播电商爆发式增长],mid,missing,920262_BJ_太湖雪.md
920270,BJ,天铭科技,+5.35%,mid,-42.01%,high,,missing,中美贸易摩擦加剧,high,[中美贸易摩擦加剧],mid,missing,920270_BJ_天铭科技.md
920271,BJ,邦德股份,+20.5%,mid,-4.08%,high,,missing,产能扩张投入期,high,[政府补助与理财收益],mid,missing,920271_BJ_邦德股份.md
920273,BJ,一致魔芋,+19.91%,high,-23.05%,high,,missing,魔芋原料价格大幅上涨,high,[魔芋原料价格大幅上涨],mid,missing,920273_BJ_一致魔芋.md
920274,BJ,宏裕包材,+51.0%,mid,+396.55%,high,,missing,,missing,主动优化产品结构，淘汰低效益业务,mid,missing,920274_BJ_宏裕包材.md
920284,BJ,灵鸽科技,+80.33%,mid,-15.3%,mid,,missing,新能源行业订单爆发,high,[新能源行业订单爆发],mid,missing,920284_BJ_灵鸽科技.md
920299,BJ,灿能电力,+8.05%,high,,missing,-43.98%,high,“十五五”电网投资高增长,high,[“十五五”电网投资高增长],mid,missing,920299_BJ_灿能电力.md
920300,BJ,辰光医疗,,missing,,missing,,missing,整机业务与客户竞争,high,[整机业务与客户竞争],mid,missing,920300_BJ_辰光医疗.md
920304,BJ,迪尔化工,,missing,-32.21%,high,↓,low,硝酸钾装置“三化”改造停产,high,[硝酸钾装置“三化”改造停产],mid,missing,920304_BJ_迪尔化工.md
920339,BJ,恒太照明,-22.84%,high,-39.84%,high,↑,low,北美市场需求疲软,high,[北美市场需求疲软],mid,low,920339_BJ_恒太照明.md
920344,BJ,三元基因,,missing,-76.83%,high,,missing,江西29省干扰素集采中选,high,[江西29省干扰素集采中选],mid,missing,920344_BJ_三元基因.md
920351,BJ,华光源海,,missing,+5.17%,high,-57.76%,high,“运代一体化”模式,high,[“运代一体化”模式],mid,missing,920351_BJ_华光源海.md
920368,BJ,连城数控,+56.72%,mid,,missing,,missing,下游光伏行业产能过剩、扩产需求疲软,high,[下游光伏行业产能过剩、扩产需求疲软],mid,missing,920368_BJ_连城数控.md
920370,BJ,新安洁,-16.0%,high,,missing,,missing,地方政府财政支付能力恶化,high,[地方政府财政支付能力恶化],high,missing,920370_BJ_新安洁.md
920371,BJ,欧福蛋业,+66.22%,mid,-16.56%,mid,,missing,原料成本红利,high,[全国产能布局成型],mid,missing,920371_BJ_欧福蛋业.md
920378,BJ,泰德股份,+21.42%,high,-202.96%,mid,,missing,新能源轴承放量,high,[价格战与成本刚性],mid,missing,920378_BJ_泰德股份.md
920394,BJ,民士达,+116.58%,high,,missing,,missing,全球变压器需求旺盛,high,[全球变压器需求旺盛],mid,missing,920394_BJ_民士达.md
920395,BJ,朗鸿科技,+25.0%,high,-29.19%,high,,missing,研发投入激增,high,核心风险在于“增收不增利”与“客户集中”的双重困境,high,missing,920395_BJ_朗鸿科技.md
920402,BJ,硅烷科技,-2.53%,mid,,missing,↓,low,硅烷气行业产能过剩，下游光伏需求放缓,high,[硅烷气行业产能过剩，下游光伏需求放缓],mid,missing,920402_BJ_硅烷科技.md
920414,BJ,欧普泰,+95.09%,mid,,missing,+959.0%,high,光伏行业产能过剩，下游资本开支缩减,high,[光伏行业产能过剩，下游资本开支缩减],mid,missing,920414_BJ_欧普泰.md
920415,BJ,恒拓开源,+13.26%,mid,+43.48%,high,,missing,民航业复苏与国产化替代,high,[民航业复苏与国产化替代],mid,missing,920415_BJ_恒拓开源.md
920418,BJ,苏轴股份,+18.69%,high,,missing,,missing,,missing,公司主动调整产品结构，向高技术、高附加值领域转型,mid,missing,920418_BJ_苏轴股份.md
920422,BJ,润普食品,-4.33%,high,+39.52%,high,,missing,优化产品结构，提升高毛利钙盐占比,high,[优化产品结构，提升高毛利钙盐占比],mid,missing,920422_BJ_润普食品.md
920445,BJ,龙竹科技,,missing,,missing,,missing,跨境电商高速增长,high,[跨境电商高速增长],mid,missing,920445_BJ_龙竹科技.md
920454,BJ,同心传动,+12.99%,high,+18.96%,high,,missing,商用车市场回暖,high,[工程机械行业复苏],mid,missing,920454_BJ_同心传动.md
920455,BJ,汇隆活塞,+21.77%,high,-21.77%,high,,missing,铁路机车更新换代需求,high,[铁路机车更新换代需求],mid,missing,920455_BJ_汇隆活塞.md
920475,BJ,三友科技,,missing,,missing,↑,low,政策收紧,high,核心风险在于政策驱动的需求断崖,high,missing,920475_BJ_三友科技.md
920476,BJ,海能技术,+10.59%,mid,+222.0%,high,,missing,高端仪器国产化政策红利,high,[高端仪器国产化政策红利],mid,missing,920476_BJ_海能技术.md
920478,BJ,峆一药业,+6.37%,high,,missing,+82.25%,high,胃溃疡类/抗氧化类产品订单增长,high,[胃溃疡类/抗氧化类产品订单增长],mid,missing,920478_BJ_峆一药业.md
920491,BJ,奥迪威,+19.76%,mid,,missing,,missing,智能驾驶渗透率提升,high,[智能驾驶渗透率提升],mid,missing,920491_BJ_奥迪威.md
920493,BJ,并行科技,+69.56%,high,,missing,+1.34%,high,AI大模型需求爆发,high,[AI大模型需求爆发],mid,missing,920493_BJ_并行科技.md
920504,BJ,博迅生物,,missing,,missing,,missing,下游需求收缩与竞争加剧,high,[下游需求收缩与竞争加剧],mid,missing,920504_BJ_博迅生物.md
920505,BJ,九菱科技,+12.74%,high,-30.69%,high,,missing,募投项目投产，折旧大幅增加,high,[募投项目投产，折旧大幅增加],mid,missing,920505_BJ_九菱科技.md
920509,BJ,同惠电子,+19.57%,high,,missing,,missing,半导体与新能源产业国产替代加速,high,[半导体与新能源产业国产替代加速],mid,missing,920509_BJ_同惠电子.md
920519,BJ,万德股份,-20.98%,high,-34.66%,high,,missing,核心产品硝酸异辛酯量价齐跌,high,[核心产品硝酸异辛酯量价齐跌],mid,missing,920519_BJ_万德股份.md
920522,BJ,纳科诺尔,-7.14%,high,-59.27%,high,,missing,行业产能短期供过于求,high,[行业产能短期供过于求],mid,missing,920522_BJ_纳科诺尔.md
920523,BJ,德瑞锂电,,missing,-3.55%,high,,missing,高毛利率产品结构,high,[高毛利率产品结构],mid,missing,920523_BJ_德瑞锂电.md
920526,BJ,凯华材料,+0.29%,high,-38.23%,high,,missing,市场竞争加剧，产品售价承压,high,[市场竞争加剧，产品售价承压],mid,missing,920526_BJ_凯华材料.md
920533,BJ,骏创科技,-7.59%,high,,missing,,missing,T公司车型减产及切换,high,[T公司车型减产及切换],mid,missing,920533_BJ_骏创科技.md
920541,BJ,铁大科技,+21.14%,high,,missing,+34.25%,high,铁路与城轨基建投资持续、智能化运维需求提,high,[铁路与城轨基建投资持续、智能化运维需求提升],mid,missing,920541_BJ_铁大科技.md
920553,BJ,凯腾精工,+4.19%,high,+48.87%,high,,missing,行业竞争加剧导致产品降价,high,[行业竞争加剧导致产品降价],mid,missing,920553_BJ_凯腾精工.md
920571,BJ,国航远洋,+66.57%,mid,,missing,+413.8%,high,绿色运力扩张与老旧船处置,high,[绿色运力扩张与老旧船处置],mid,missing,920571_BJ_国航远洋.md
920579,BJ,机科股份,+33.64%,mid,亏,low,,missing,市场竞争加剧与毛利率下滑,high,[市场竞争加剧与毛利率下滑],high,missing,920579_BJ_机科股份.md
920580,BJ,科创新材,+21.13%,high,+86.23%,high,,missing,原材料价格下降,high,[碳化硅复合材料产能释放],mid,missing,920580_BJ_科创新材.md
920599,BJ,同力股份,,missing,,missing,,missing,新能源产品放量,high,[产品大型化、高端化],mid,missing,920599_BJ_同力股份.md
920608,BJ,丰安股份,+10.5%,mid,+16.0%,high,,missing,下游农机行业周期下行,high,[下游农机行业周期下行],mid,missing,920608_BJ_丰安股份.md
920627,BJ,力王股份,+63.25%,mid,,missing,,missing,出口退税政策下调,high,[出口退税政策下调],mid,missing,920627_BJ_力王股份.md
920634,BJ,新威凌,-13.16%,mid,,missing,,missing,集装箱行业周期性回落,high,[集装箱行业周期性回落],mid,missing,920634_BJ_新威凌.md
920651,BJ,天罡股份,+17.52%,high,,missing,+83.65%,high,政策驱动“双碳”与“旧改”,high,[政策驱动“双碳”与“旧改”],mid,missing,920651_BJ_天罡股份.md
920656,BJ,海昇药业,+32.72%,high,,missing,,missing,下游养殖行业景气度回升,high,[下游养殖行业景气度回升],mid,missing,920656_BJ_海昇药业.md
920662,BJ,方盛股份,+11.31%,mid,-33.47%,high,,missing,,missing,,missing,missing,920662_BJ_方盛股份.md
920663,BJ,明阳科技,+28.34%,mid,+7.89%,high,+30.17%,high,,missing,,missing,missing,920663_BJ_明阳科技.md
920665,BJ,科强股份,,missing,-99.85%,high,,missing,光伏行业产能过剩与价格战,high,[光伏行业产能过剩与价格战],mid,missing,920665_BJ_科强股份.md
920670,BJ,数字人,+50.22%,high,盈,low,,missing,项目集中验收,high,[加强应收账款催收],mid,missing,920670_BJ_数字人.md
920675,BJ,秉扬科技,-22.52%,high,,missing,+24.05%,high,产品需求结构变化,high,[产品需求结构变化],mid,missing,920675_BJ_秉扬科技.md
920682,BJ,球冠电缆,+6.35%,high,,missing,↓,low,铜价大幅上涨 + 行业竞争加剧,high,[铜价大幅上涨 + 行业竞争加剧],mid,missing,920682_BJ_球冠电缆.md
920689,BJ,克莱特,+10.97%,high,,missing,+13.13%,high,下游景气度高涨,high,核心风险在于“增收不增利”与现金流恶化,high,missing,920689_BJ_克莱特.md
920693,BJ,阿为特,+122.86%,high,-78.29%,high,,missing,战略聚焦半导体与液冷服务器,high,[战略聚焦半导体与液冷服务器],mid,missing,920693_BJ_阿为特.md
920694,BJ,中裕科技,+18.41%,high,-14.25%,high,,missing,页岩油气开采景气度,high,[页岩油气开采景气度],mid,missing,920694_BJ_中裕科技.md
920699,BJ,海达尔,,missing,-22.09%,high,,missing,家电高端化升级,high,[供应链票据支付增加],mid,missing,920699_BJ_海达尔.md
920703,BJ,广厦环能,+35.73%,mid,-41.22%,high,,missing,,missing,,missing,missing,920703_BJ_广厦环能.md
920706,BJ,铁拓机械,-17.61%,high,,missing,↑,low,俄罗斯市场萎缩,high,[主动放弃低质量订单],mid,missing,920706_BJ_铁拓机械.md
920718,BJ,合肥高科,,missing,-48.83%,high,+20.0%,high,下游家电行业竞争加剧,high,[下游家电行业竞争加剧],mid,missing,920718_BJ_合肥高科.md
920726,BJ,朱老六,-9.36%,high,-31.06%,mid,,missing,消费需求疲软,high,[“先款后货”经销模式],mid,missing,920726_BJ_朱老六.md
920735,BJ,德源药业,+21.8%,high,,missing,,missing,核心产品“复瑞彤”与“波开清”销量稳健增,high,[核心产品“复瑞彤”与“波开清”销量稳健增长],mid,missing,920735_BJ_德源药业.md
920751,BJ,惠同新材,+7.03%,high,,missing,,missing,下游需求增长,high,[产品结构优化与成本控制],mid,missing,920751_BJ_惠同新材.md
920753,BJ,天纺标,+10.57%,high,+13.89%,high,,missing,电商检测需求爆发,high,[电商检测需求爆发],mid,missing,920753_BJ_天纺标.md
920768,BJ,拾比佰,+10.46%,high,,missing,↑,low,绿色工艺替代传统喷涂,high,[绿色工艺替代传统喷涂],mid,missing,920768_BJ_拾比佰.md
920770,BJ,艾能聚,+16.21%,mid,,missing,,missing,分布式光伏电站投资运营规模扩张,high,[分布式光伏电站投资运营规模扩张],mid,missing,920770_BJ_艾能聚.md
920779,BJ,武汉蓝电,+61.69%,mid,盈,low,,missing,产品降价保量,high,[消费电子需求回暖],mid,missing,920779_BJ_武汉蓝电.md
920786,BJ,骑士乳业,+22.27%,mid,,missing,,missing,募投项目投产，生鲜乳放量,high,[募投项目投产，生鲜乳放量],mid,missing,920786_BJ_骑士乳业.md
920790,BJ,联迪信息,,missing,,missing,+275.0%,high,日元汇率波动与日本客户需求减少,high,[日元汇率波动与日本客户需求减少],mid,missing,920790_BJ_联迪信息.md
920808,BJ,曙光数创,+40.01%,mid,-39.93%,high,,missing,AI算力需求爆发与芯片功耗飙升,high,[AI算力需求爆发与芯片功耗飙升],mid,missing,920808_BJ_曙光数创.md
920819,BJ,颖泰生物,,missing,,missing,+139.7%,high,行业周期底部盘整,high,[行业周期底部盘整],mid,missing,920819_BJ_颖泰生物.md
920821,BJ,则成电子,+2.74%,high,-40.95%,mid,,missing,海外大客户订单延迟,high,[海外大客户订单延迟],mid,missing,920821_BJ_则成电子.md
920826,BJ,盖世食品,+18.01%,high,,missing,↑,low,江苏工厂产能爬坡与规模效应,high,[江苏工厂产能爬坡与规模效应],mid,missing,920826_BJ_盖世食品.md
920833,BJ,美心翼申,+154.88%,mid,,missing,,missing,优化客户与产品结构,high,[优化客户与产品结构],mid,missing,920833_BJ_美心翼申.md
920834,BJ,三维装备,+13.7%,high,+38.53%,high,,missing,毛利率提升,high,[下游饲料行业景气],mid,missing,920834_BJ_三维装备.md
920837,BJ,华原股份,+14.58%,high,,missing,+45.62%,high,下游商用车/工程机械行业景气复苏,high,[下游商用车/工程机械行业景气复苏],mid,missing,920837_BJ_华原股份.md
920839,BJ,万通液压,+10.81%,high,,missing,,missing,自卸车专用油缸收入同比+57.11%,high,[自卸车专用油缸收入同比+57.11%],mid,missing,920839_BJ_万通液压.md
920866,BJ,绿亨科技,,missing,+12.68%,high,,missing,“一证一品”新规落地,high,[“一证一品”新规落地],mid,missing,920866_BJ_绿亨科技.md
920871,BJ,派特尔,+6.97%,mid,-65.37%,high,,missing,新厂房及设备投入使用，折旧费用大幅增加,high,[新厂房及设备投入使用，折旧费用大幅增加],mid,missing,920871_BJ_派特尔.md
920873,BJ,中设咨询,+24.64%,high,,missing,,missing,收入结构优化与成本严控,high,[收入结构优化与成本严控],mid,missing,920873_BJ_中设咨询.md
920876,BJ,慧为智能,+26.34%,high,,missing,↓,low,5G云电脑与信创终端进入运营商体系,high,[5G云电脑与信创终端进入运营商体系],mid,missing,920876_BJ_慧为智能.md
920879,BJ,基康技术,+14.32%,high,,missing,-37.54%,high,国家基础设施投资持续高位,high,[国家基础设施投资持续高位],mid,missing,920879_BJ_基康技术.md
920885,BJ,星辰科技,+34.26%,high,+110.82%,high,,missing,新能源风电业务爆发,high,[新能源风电业务爆发],mid,missing,920885_BJ_星辰科技.md
920892,BJ,广咨国际,+5.13%,high,,missing,,missing,,missing,[“十五五”规划窗口期 + 政策红利],mid,missing,920892_BJ_广咨国际.md
920896,BJ,旺成科技,+34.53%,mid,+73.21%,high,,missing,新能源汽车齿轮销量大增,high,[新能源汽车齿轮销量大增],mid,missing,920896_BJ_旺成科技.md
920924,BJ,广脉科技,+20.2%,high,-36.26%,high,,missing,5G新基建与高铁信息化中标金额大幅增长,high,[5G新基建与高铁信息化中标金额大幅增长],mid,missing,920924_BJ_广脉科技.md
920925,BJ,锦好医疗,+65.27%,high,,missing,,missing,美国OTC助听器法案红利,high,[美国OTC助听器法案红利],mid,missing,920925_BJ_锦好医疗.md
920931,BJ,无锡鼎邦,-22.3%,high,-73.72%,high,,missing,下游石化行业需求放缓,high,[下游石化行业需求放缓],mid,missing,920931_BJ_无锡鼎邦.md
920943,BJ,优机股份,+23.88%,mid,-6.64%,high,,missing,航空零部件产能释放,high,[航空零部件产能释放],mid,missing,920943_BJ_优机股份.md
920946,BJ,森萱医药,+9.34%,mid,+9.56%,high,,missing,海外注册与认证突破,high,[海外注册与认证突破],mid,missing,920946_BJ_森萱医药.md
920950,BJ,迅安科技,-15.16%,high,,missing,,missing,国际市场政策扰动,high,[国际市场政策扰动],mid,missing,920950_BJ_迅安科技.md
920953,BJ,国子软件,+21.19%,high,,missing,↑,low,政策法规刚性驱动,high,[政策法规刚性驱动],mid,missing,920953_BJ_国子软件.md
920957,BJ,汉维科技,+4.74%,high,-75.41%,high,,missing,募投项目转固，折旧激增,high,[募投项目转固，折旧激增],mid,missing,920957_BJ_汉维科技.md
920961,BJ,创远信科,-12.13%,mid,,missing,,missing,5G FR1建设放缓，运营商投资减少,high,[5G FR1建设放缓，运营商投资减少],mid,missing,920961_BJ_创远信科.md
920964,BJ,润农节水,,missing,,missing,,missing,行业竞争加剧与毛利率下行,high,[行业竞争加剧与毛利率下行],mid,missing,920964_BJ_润农节水.md
920971,BJ,天马新材,+7.38%,high,-38.55%,high,,missing,原材料价格高位运行,high,[原材料价格高位运行],mid,missing,920971_BJ_天马新材.md
920974,BJ,凯大催化,,missing,,missing,,missing,贵金属价格波动传导机制,high,[贵金属价格波动传导机制],mid,missing,920974_BJ_凯大催化.md
920978,BJ,开特股份,+36.68%,high,,missing,,missing,汽车行业景气度提升,high,[汽车行业景气度提升],mid,missing,920978_BJ_开特股份.md
920981,BJ,晶赛科技,+9.83%,high,-41.99%,mid,↑,low,海外市场开拓成果兑现,high,[海外市场开拓成果兑现],mid,low,920981_BJ_晶赛科技.md
920992,BJ,中科美菱,+15.62%,mid,+160.24%,high,,missing,海外市场加速布局,high,[海外市场加速布局],mid,missing,920992_BJ_中科美菱.md
